{"accuracy": [0.4899289011955261, 0.5266587734222412, 0.5266587734222412, 0.6084123253822327, 0.7055687308311462, 0.6380331516265869, 0.6084123253822327, 0.6101895570755005, 0.6486966609954834, 0.7067535519599915, 0.7488151788711548, 0.6688388586044312, 0.571090042591095, 0.5598341226577759, 0.5805687308311462, 0.6759478449821472, 0.7636256217956543, 0.7879146933555603], "val_accuracy": [0.5433353185653687, 0.5433353185653687, 0.6252241730690002, 0.6843993067741394, 0.6186491250991821, 0.5780035853385925, 0.5738194584846497, 0.6210400462150574, 0.6969515681266785, 0.7417812347412109, 0.6646742224693298, 0.5780035853385925, 0.5666467547416687, 0.5929468274116516, 0.675433337688446, 0.763897180557251, 0.7591153383255005, 0.7214584350585938], "p_rule": [0.2357177734375, 0.2357177734375, 0.39599609375, 0.9140625, 0.509765625, 0.3916015625, 0.384765625, 0.453857421875, 0.701171875, 0.8525390625, 0.475341796875, 0.298583984375, 0.27978515625, 0.329345703125, 0.5263671875, 0.8818359375, 0.744140625, 0.5703125], "adversary_prediction": [0.34505316615104675, 0.34506282210350037, 0.36856749653816223, 0.5738860964775085, 0.4561491906642914, 0.36850234866142273, 0.3618524372577667, 0.4015621244907379, 0.45899519324302673, 0.4991026818752289, 0.4994725286960602, 0.48590949177742004, 0.4898776710033417, 0.4844878613948822, 0.5069741606712341, 0.47860953211784363, 0.4655481278896332, 0.43570676445961]}