{"accuracy": [0.5138415694236755, 0.5783863663673401, 0.5740932822227478, 0.6383419632911682, 0.7403404712677002, 0.7017024159431458, 0.6452997922897339, 0.6262028217315674, 0.6734271049499512, 0.758845329284668, 0.772020697593689, 0.678312361240387, 0.6044411659240723, 0.5952627658843994, 0.6426351070404053, 0.7319023013114929, 0.8013323545455933, 0.7923020124435425], "val_accuracy": [0.5683345794677734, 0.57923823595047, 0.6443614363670349, 0.7221807241439819, 0.6888722777366638, 0.6325616240501404, 0.6185212731361389, 0.6582524180412292, 0.7466766238212585, 0.7610156536102295, 0.6787154674530029, 0.6085138320922852, 0.6019417643547058, 0.6419716477394104, 0.7268110513687134, 0.787453293800354, 0.7858102917671204, 0.7383121848106384], "p_rule": [0.35205078125, 0.33544921875, 0.4658203125, 0.97705078125, 0.57275390625, 0.42431640625, 0.3935546875, 0.441650390625, 0.6103515625, 0.9921875, 0.56103515625, 0.393310546875, 0.380126953125, 0.46923828125, 0.7373046875, 0.85009765625, 0.63671875, 0.53564453125], "adversary_prediction": [0.092842236161232, 0.38144639134407043, 0.449631005525589, 0.5513631701469421, 0.38848063349723816, 0.2368094027042389, 0.2111629843711853, 0.2661843001842499, 0.3631056249141693, 0.4372865855693817, 0.4397871792316437, 0.4397391378879547, 0.43710657954216003, 0.4332968294620514, 0.4349294602870941, 0.40876737236976624, 0.37897124886512756, 0.34893015027046204]}