{"accuracy": [0.48167887330055237, 0.66866534948349, 0.555629551410675, 0.7041972279548645, 0.720852792263031, 0.619364857673645, 0.6246946454048157, 0.7330668568611145, 0.7956917881965637, 0.6997557282447815, 0.6171441078186035, 0.6142571568489075, 0.6717743873596191, 0.766822099685669, 0.8167887926101685, 0.7956917881965637, 0.7441705465316772, 0.7215189933776855], "val_accuracy": [0.6374635696411133, 0.5574725270271301, 0.6941519379615784, 0.6907909512519836, 0.6069908142089844, 0.6123683452606201, 0.7129733562469482, 0.7759354710578918, 0.6869818568229675, 0.6107999086380005, 0.6081111431121826, 0.6650235056877136, 0.7497199177742004, 0.7956531643867493, 0.7748151421546936, 0.7273134589195251, 0.706699550151825, 0.7163342833518982], "p_rule": [0.58544921875, 0.263427734375, 0.6064453125, 0.54443359375, 0.342041015625, 0.34619140625, 0.484130859375, 0.87744140625, 0.58203125, 0.381591796875, 0.376953125, 0.4990234375, 0.81396484375, 0.80224609375, 0.5869140625, 0.481201171875, 0.441162109375, 0.4599609375], "adversary_prediction": [0.43836644291877747, 0.3654109537601471, 0.612575352191925, 0.42924073338508606, 0.23972439765930176, 0.22869884967803955, 0.3698670566082001, 0.48531028628349304, 0.5486552119255066, 0.5131582617759705, 0.516520082950592, 0.5217269062995911, 0.5083865523338318, 0.465755432844162, 0.41068610548973083, 0.375688761472702, 0.3632769286632538, 0.379096120595932]}