{"accuracy": [0.49229857325553894, 0.5266587734222412, 0.6658768057823181, 0.6712085604667664, 0.6137440800666809, 0.6244075894355774, 0.6765402555465698, 0.7529621124267578, 0.6765402555465698, 0.5764217972755432, 0.5586493015289307, 0.6013033390045166, 0.7126777172088623, 0.8080568909645081, 0.7636256217956543, 0.6771327257156372, 0.6546208262443542, 0.6800947785377502], "val_accuracy": [0.5433353185653687, 0.6694560647010803, 0.6592946648597717, 0.6019127368927002, 0.6066945791244507, 0.6575015187263489, 0.7286311984062195, 0.6855947375297546, 0.5851763486862183, 0.5672444701194763, 0.6013150215148926, 0.7071129679679871, 0.7878063321113586, 0.7435744404792786, 0.6700537800788879, 0.6371787190437317, 0.6539151072502136, 0.701733410358429], "p_rule": [0.2357177734375, 0.56298828125, 0.630859375, 0.407958984375, 0.39501953125, 0.53857421875, 0.90087890625, 0.53466796875, 0.31884765625, 0.28564453125, 0.362548828125, 0.67138671875, 0.7919921875, 0.55859375, 0.437744140625, 0.405517578125, 0.42919921875, 0.48486328125], "adversary_prediction": [0.3450693190097809, 0.3873647153377533, 0.5628215670585632, 0.40654298663139343, 0.3913598358631134, 0.460367888212204, 0.5044847130775452, 0.4933367073535919, 0.46630939841270447, 0.4393756687641144, 0.46987655758857727, 0.4616510570049286, 0.4394945800304413, 0.3951092064380646, 0.34324124455451965, 0.34307995438575745, 0.3559821546077728, 0.3863907754421234]}