{"accuracy": [0.5177724957466125, 0.5266587734222412, 0.5272511839866638, 0.6854265332221985, 0.6552132964134216, 0.6107819676399231, 0.6149289011955261, 0.6433649063110352, 0.7292653918266296, 0.7014217972755432, 0.6184834241867065, 0.579383909702301, 0.5912322402000427, 0.6581753492355347, 0.7387440800666809, 0.775473952293396, 0.7085307836532593, 0.6581753492355347], "val_accuracy": [0.5433353185653687, 0.5439330339431763, 0.6718469858169556, 0.6365810036659241, 0.5989241003990173, 0.599521815776825, 0.6353855133056641, 0.7011356949806213, 0.6957561373710632, 0.6174536943435669, 0.5845785737037659, 0.5959354639053345, 0.6515241861343384, 0.747160792350769, 0.7573221921920776, 0.6963538527488708, 0.6401673555374146, 0.630005955696106], "p_rule": [0.2357177734375, 0.23681640625, 0.72265625, 0.5673828125, 0.38818359375, 0.384765625, 0.4755859375, 0.8076171875, 0.689453125, 0.397216796875, 0.326171875, 0.347412109375, 0.50048828125, 0.87158203125, 0.68994140625, 0.494873046875, 0.411376953125, 0.384765625], "adversary_prediction": [0.34505316615104675, 0.3480128347873688, 0.4759790003299713, 0.4208236038684845, 0.2751852571964264, 0.26735714077949524, 0.3335166871547699, 0.4012661874294281, 0.43039795756340027, 0.41814038157463074, 0.41771623492240906, 0.41819891333580017, 0.42612865567207336, 0.4129554331302643, 0.3918827474117279, 0.35932955145835876, 0.32885196805000305, 0.3313013017177582]}