{"accuracy": [0.5162150263786316, 0.7019102573394775, 0.52021324634552, 0.720124363899231, 0.5442025661468506, 0.5553087592124939, 0.7316747903823853, 0.7574411630630493, 0.6663705110549927, 0.6334962248802185, 0.6659262776374817, 0.7538871765136719, 0.8054198026657104, 0.7721012830734253, 0.7032430171966553, 0.6859173774719238, 0.7014660239219666, 0.7481119632720947], "val_accuracy": [0.6961004137992859, 0.49887943267822266, 0.702375590801239, 0.5607351064682007, 0.5696997046470642, 0.7377857565879822, 0.7436127066612244, 0.6553115248680115, 0.6140744090080261, 0.6597937941551208, 0.7373375296592712, 0.7866427898406982, 0.764679491519928, 0.7167189717292786, 0.6902734041213989, 0.6992380023002625, 0.7525773048400879, 0.7906768321990967], "p_rule": [0.7392578125, 0.254638671875, 0.6455078125, 0.254150390625, 0.270263671875, 0.6875, 0.61474609375, 0.400146484375, 0.3544921875, 0.390380859375, 0.5107421875, 0.73681640625, 0.8974609375, 0.62744140625, 0.54296875, 0.5869140625, 0.76806640625, 0.96240234375], "adversary_prediction": [0.4450314939022064, 0.11613893508911133, 0.5402427315711975, 0.40518686175346375, 0.4345044195652008, 0.5481666922569275, 0.507263720035553, 0.3561287224292755, 0.31207510828971863, 0.3462330400943756, 0.4324813187122345, 0.5146796107292175, 0.5506400465965271, 0.5529688000679016, 0.5587854981422424, 0.5645197033882141, 0.5515236258506775, 0.5554779171943665]}