{"accuracy": [0.48815691471099854, 0.4826054871082306, 0.4826054871082306, 0.4840858578681946, 0.5551443099975586, 0.6572908759117126, 0.6465581059455872, 0.5444115400314331, 0.5222057700157166, 0.535159170627594, 0.6110288500785828, 0.6983715891838074, 0.6991117596626282, 0.6576610207557678, 0.6054774522781372, 0.5784603953361511, 0.568097710609436, 0.5899333953857422], "val_accuracy": [0.4675130546092987, 0.4675130546092987, 0.46975353360176086, 0.5418222546577454, 0.6460044980049133, 0.6504854559898376, 0.5519043803215027, 0.5380881428718567, 0.5466766357421875, 0.6269603967666626, 0.6941747665405273, 0.6784914135932922, 0.6418969631195068, 0.5918595790863037, 0.5619865655899048, 0.5571321845054626, 0.5795369744300842, 0.609783411026001], "p_rule": [0.2083740234375, 0.2083740234375, 0.2080078125, 0.296630859375, 0.69140625, 0.5673828125, 0.253662109375, 0.21923828125, 0.2373046875, 0.380615234375, 0.751953125, 0.7705078125, 0.474853515625, 0.335693359375, 0.287841796875, 0.274658203125, 0.302734375, 0.371826171875], "adversary_prediction": [0.003843323327600956, 0.0037950051482766867, 0.01404240820556879, 0.14862364530563354, 0.36879590153694153, 0.41341134905815125, 0.39098355174064636, 0.37784668803215027, 0.37154868245124817, 0.37188228964805603, 0.3431294858455658, 0.3027127683162689, 0.26799777150154114, 0.23327842354774475, 0.21876069903373718, 0.2144208550453186, 0.2358323037624359, 0.25699910521507263]}