{"accuracy": [0.4782383441925049, 0.4823834300041199, 0.6466321349143982, 0.6222797632217407, 0.5886010527610779, 0.6487046480178833, 0.7259067296981812, 0.720725417137146, 0.669948160648346, 0.625906765460968, 0.6207253932952881, 0.6424870491027832, 0.712435245513916, 0.7818652987480164, 0.7668393850326538, 0.6984456181526184, 0.6404145359992981, 0.6352331638336182], "val_accuracy": [0.4581589996814728, 0.6187238693237305, 0.6344142556190491, 0.6004183888435364, 0.6459205150604248, 0.7165272235870361, 0.6961296796798706, 0.6359832882881165, 0.5957112908363342, 0.590481162071228, 0.6187238693237305, 0.6814853549003601, 0.7599372267723083, 0.76778244972229, 0.6950836777687073, 0.6370292901992798, 0.6328451633453369, 0.6657949686050415], "p_rule": [0.223876953125, 0.494873046875, 0.433837890625, 0.3203125, 0.4609375, 0.86328125, 0.6943359375, 0.44677734375, 0.36767578125, 0.344970703125, 0.383544921875, 0.49169921875, 0.73388671875, 0.85205078125, 0.552734375, 0.416015625, 0.40478515625, 0.5078125], "adversary_prediction": [0.010936778970062733, 0.5786229968070984, 0.3803308308124542, 0.3689796030521393, 0.44704386591911316, 0.6124897599220276, 0.6010025143623352, 0.49296775460243225, 0.4140653908252716, 0.37614354491233826, 0.3994150459766388, 0.4539736807346344, 0.4982052147388458, 0.5235545039176941, 0.5149250626564026, 0.5143664479255676, 0.5146055817604065, 0.5194090008735657]}