{"accuracy": [0.5200977325439453, 0.5227625966072083, 0.5227625966072083, 0.5227625966072083, 0.5227625966072083, 0.5240950584411621, 0.7244059443473816, 0.5771707892417908, 0.5025538802146912, 0.4923384487628937, 0.49833443760871887, 0.520986020565033, 0.5902731418609619, 0.6748834252357483, 0.7366200089454651, 0.694870114326477, 0.6002665162086487, 0.5536308884620667], "val_accuracy": [0.5267757177352905, 0.5267757177352905, 0.5267757177352905, 0.5267757177352905, 0.5276719927787781, 0.6874299645423889, 0.5641945004463196, 0.49809545278549194, 0.4868922233581543, 0.4922697842121124, 0.5164687633514404, 0.5792068243026733, 0.6562849879264832, 0.7004257440567017, 0.68608558177948, 0.6011651158332825, 0.5514228343963623, 0.54716557264328], "p_rule": [0.2193603515625, 0.2193603515625, 0.2193603515625, 0.2193603515625, 0.22265625, 0.931640625, 0.307373046875, 0.2276611328125, 0.224609375, 0.2261962890625, 0.2425537109375, 0.31591796875, 0.5009765625, 0.89013671875, 0.603515625, 0.340087890625, 0.262939453125, 0.253662109375], "adversary_prediction": [0.34505316615104675, 0.34505346417427063, 0.3451569974422455, 0.34999188780784607, 0.3862871825695038, 0.43564483523368835, 0.29091158509254456, 0.1800193190574646, 0.16391846537590027, 0.18171420693397522, 0.22643405199050903, 0.288272887468338, 0.347276896238327, 0.3849990665912628, 0.395755797624588, 0.3987415134906769, 0.39774802327156067, 0.40368667244911194]}