{"accuracy": [0.4972240626811981, 0.5227625966072083, 0.5227625966072083, 0.5227625966072083, 0.5227625966072083, 0.5227625966072083, 0.5227625966072083, 0.5227625966072083, 0.5369753241539001, 0.6626693606376648, 0.5534088611602783, 0.5127692818641663, 0.4974461495876312, 0.4927825927734375, 0.4910059869289398, 0.49789029359817505, 0.5101043581962585, 0.5345325469970703], "val_accuracy": [0.5267757177352905, 0.5267757177352905, 0.5267757177352905, 0.5267757177352905, 0.5267757177352905, 0.5267757177352905, 0.5267757177352905, 0.5408917665481567, 0.6365673542022705, 0.546493411064148, 0.5070580244064331, 0.4945104122161865, 0.4893569350242615, 0.4891328811645508, 0.49383822083473206, 0.5043692588806152, 0.5296885371208191, 0.5767421126365662], "p_rule": [0.2193603515625, 0.2193603515625, 0.2193603515625, 0.2193603515625, 0.2193603515625, 0.2193603515625, 0.2193603515625, 0.2401123046875, 0.677734375, 0.310302734375, 0.250732421875, 0.2314453125, 0.2261962890625, 0.2261962890625, 0.2314453125, 0.2449951171875, 0.276123046875, 0.364501953125], "adversary_prediction": [0.34505316615104675, 0.34505316615104675, 0.34505364298820496, 0.34510770440101624, 0.3462353050708771, 0.35290858149528503, 0.3706413805484772, 0.4025675356388092, 0.3814024031162262, 0.3062160313129425, 0.2309497892856598, 0.18667718768119812, 0.17486631870269775, 0.17893046140670776, 0.19632366299629211, 0.22328871488571167, 0.2594165503978729, 0.2966451346874237]}