{"accuracy": [0.49274611473083496, 0.5222797989845276, 0.5222797989845276, 0.5222797989845276, 0.5222797989845276, 0.5222797989845276, 0.5222797989845276, 0.5222797989845276, 0.5398963689804077, 0.6709844470024109, 0.5772020816802979, 0.5145077705383301, 0.4953368008136749, 0.48704662919044495, 0.4896373152732849, 0.49067357182502747, 0.5025906562805176, 0.5233160853385925], "val_accuracy": [0.5439330339431763, 0.5439330339431763, 0.5439330339431763, 0.5439330339431763, 0.5439330339431763, 0.5439330339431763, 0.5439330339431763, 0.5638075470924377, 0.6521966457366943, 0.5460250973701477, 0.4932008385658264, 0.4686192572116852, 0.463389128446579, 0.4644351601600647, 0.4644351601600647, 0.4801255166530609, 0.49947699904441833, 0.5413179993629456], "p_rule": [0.21923828125, 0.21923828125, 0.21923828125, 0.21923828125, 0.21923828125, 0.21923828125, 0.21923828125, 0.2442626953125, 0.87353515625, 0.3544921875, 0.248291015625, 0.2247314453125, 0.2215576171875, 0.2215576171875, 0.219970703125, 0.22998046875, 0.258056640625, 0.333984375], "adversary_prediction": [0.34505316615104675, 0.34505316615104675, 0.3450540602207184, 0.3450976312160492, 0.3456026017665863, 0.3472793400287628, 0.3533295691013336, 0.3585827052593231, 0.3395635783672333, 0.2764624059200287, 0.20684096217155457, 0.16655802726745605, 0.14911961555480957, 0.1497327983379364, 0.16186949610710144, 0.18944543600082397, 0.2165195345878601, 0.254195898771286]}