{"accuracy": [0.5278702974319458, 0.47723740339279175, 0.47723740339279175, 0.47723740339279175, 0.49566954374313354, 0.586053729057312, 0.6828780770301819, 0.66866534948349, 0.5833888649940491, 0.5460804104804993, 0.5469686985015869, 0.5825005769729614, 0.6548967361450195, 0.7064179182052612, 0.7206307053565979, 0.6908727288246155, 0.6420164108276367, 0.607594907283783], "val_accuracy": [0.4732242822647095, 0.4732242822647095, 0.4732242822647095, 0.49182164669036865, 0.5733811259269714, 0.6549406051635742, 0.6578534841537476, 0.5843603014945984, 0.5455971360206604, 0.546493411064148, 0.5845843553543091, 0.6484427452087402, 0.6916872262954712, 0.684069037437439, 0.6683844923973083, 0.6237956285476685, 0.5933228731155396, 0.5803271532058716], "p_rule": [0.2193603515625, 0.2193603515625, 0.2193603515625, 0.2303466796875, 0.35986328125, 0.7841796875, 0.6201171875, 0.328369140625, 0.255615234375, 0.256591796875, 0.321044921875, 0.491943359375, 0.78662109375, 0.84521484375, 0.56591796875, 0.4150390625, 0.352294921875, 0.321533203125], "adversary_prediction": [0.003843329381197691, 0.0038440502248704433, 0.005663182120770216, 0.03370685875415802, 0.19335144758224487, 0.4124632179737091, 0.4336285889148712, 0.4327400028705597, 0.40464910864830017, 0.3985368311405182, 0.4061650335788727, 0.39952656626701355, 0.36872294545173645, 0.3299660384654999, 0.2793966829776764, 0.2502273917198181, 0.2272983193397522, 0.2150227427482605]}