{"accuracy": [0.5154028534889221, 0.5266587734222412, 0.616706132888794, 0.6723933815956116, 0.6072275042533875, 0.6024881601333618, 0.6783175468444824, 0.7488151788711548, 0.6866113543510437, 0.5823459625244141, 0.5639810562133789, 0.5894549489021301, 0.6996445655822754, 0.7796208262443542, 0.7618483304977417, 0.6901658773422241, 0.6623222827911377, 0.6593601703643799], "val_accuracy": [0.5433353185653687, 0.6317991614341736, 0.6485355496406555, 0.5774058699607849, 0.5797967910766602, 0.644949197769165, 0.7298266291618347, 0.6957561373710632, 0.589958131313324, 0.5726240277290344, 0.5971308946609497, 0.6903765797615051, 0.7692767381668091, 0.7292289137840271, 0.6586969494819641, 0.6252241730690002, 0.6329945921897888, 0.6832038164138794], "p_rule": [0.2357177734375, 0.4091796875, 0.6123046875, 0.39990234375, 0.39599609375, 0.52197265625, 0.9140625, 0.548828125, 0.338623046875, 0.29931640625, 0.341796875, 0.609375, 0.93994140625, 0.58349609375, 0.442626953125, 0.406494140625, 0.412353515625, 0.45654296875], "adversary_prediction": [0.34505316615104675, 0.428268164396286, 0.5207435488700867, 0.3753105103969574, 0.382890909910202, 0.4484699070453644, 0.533081591129303, 0.5272536873817444, 0.5023245215415955, 0.48818835616111755, 0.4841868579387665, 0.4745366871356964, 0.4478108584880829, 0.3960762321949005, 0.34532198309898376, 0.3331182897090912, 0.35128310322761536, 0.37821564078330994]}