{"accuracy": [0.5171800851821899, 0.524289071559906, 0.7114928960800171, 0.6267772316932678, 0.7026066184043884, 0.7464454770088196, 0.6919431090354919, 0.6652843356132507, 0.674763023853302, 0.7375592589378357, 0.799763023853302, 0.7600710988044739, 0.6581753492355347, 0.6338862776756287, 0.6943128108978271, 0.778436005115509, 0.821090042591095, 0.8068720102310181], "val_accuracy": [0.49193066358566284, 0.6999402046203613, 0.6359832882881165, 0.7124925255775452, 0.7292289137840271, 0.6700537800788879, 0.6383741497993469, 0.6503287553787231, 0.716676652431488, 0.7836222648620605, 0.7501494288444519, 0.6455469131469727, 0.6329945921897888, 0.6772265434265137, 0.7686790227890015, 0.8141064047813416, 0.7866109013557434, 0.7573221921920776], "p_rule": [0.260498046875, 0.73828125, 0.40185546875, 0.638671875, 0.861328125, 0.53857421875, 0.439208984375, 0.440185546875, 0.50830078125, 0.740234375, 0.8173828125, 0.4794921875, 0.424560546875, 0.587890625, 0.94482421875, 0.72412109375, 0.5791015625, 0.52587890625], "adversary_prediction": [0.07706119120121002, 0.45650699734687805, 0.3738885819911957, 0.48172488808631897, 0.5933194756507874, 0.503581702709198, 0.43110933899879456, 0.41537490487098694, 0.4738605320453644, 0.5235845446586609, 0.5565001368522644, 0.5383817553520203, 0.5408113598823547, 0.5396836400032043, 0.5406454205513, 0.5353010296821594, 0.5102847218513489, 0.49325284361839294]}