{"accuracy": [0.4765711724758148, 0.5174328088760376, 0.7095269560813904, 0.6315789222717285, 0.6431267857551575, 0.723517656326294, 0.7317343950271606, 0.6850988268852234, 0.6364645957946777, 0.6284698843955994, 0.6608927249908447, 0.7359538078308105, 0.7932489514350891, 0.7419497966766357, 0.6460137963294983, 0.6166999936103821, 0.642682671546936, 0.7228514552116394], "val_accuracy": [0.5126596689224243, 0.6851893067359924, 0.6309657096862793, 0.6423929929733276, 0.7035626173019409, 0.7080439329147339, 0.6677123308181763, 0.6244678497314453, 0.613712728023529, 0.6464261412620544, 0.7230562567710876, 0.7723504304885864, 0.7250728011131287, 0.6432892680168152, 0.6148330569267273, 0.6383598446846008, 0.7058032751083374, 0.7725744843482971], "p_rule": [0.2509765625, 0.9248046875, 0.439453125, 0.467529296875, 0.7724609375, 0.7373046875, 0.4541015625, 0.365234375, 0.34521484375, 0.37353515625, 0.483642578125, 0.78173828125, 0.748046875, 0.467529296875, 0.39501953125, 0.4580078125, 0.6591796875, 0.9697265625], "adversary_prediction": [0.020662136375904083, 0.5632683634757996, 0.49887415766716003, 0.5054588913917542, 0.5474660992622375, 0.5446813702583313, 0.4484698474407196, 0.3657102882862091, 0.35085228085517883, 0.3831285536289215, 0.4462628662586212, 0.492033451795578, 0.5086708664894104, 0.49566617608070374, 0.4940897524356842, 0.4866812527179718, 0.49945393204689026, 0.4943837821483612]}