{"accuracy": [0.4638625681400299, 0.4733412265777588, 0.49229857325553894, 0.6599525809288025, 0.6042653918266296, 0.553909957408905, 0.600710928440094, 0.7162322402000427, 0.725710928440094, 0.6694312691688538, 0.6374407410621643, 0.616706132888794, 0.6285545229911804, 0.6676540374755859, 0.728672981262207, 0.7648104429244995, 0.7476303577423096, 0.7014217972755432], "val_accuracy": [0.45666468143463135, 0.46742379665374756, 0.6497310400009155, 0.6186491250991821, 0.5612671971321106, 0.6174536943435669, 0.7077106833457947, 0.7112970948219299, 0.6491332650184631, 0.6025104522705078, 0.5881649851799011, 0.6019127368927002, 0.6353855133056641, 0.6987447738647461, 0.7477585077285767, 0.745965301990509, 0.7083083987236023, 0.6658697128295898], "p_rule": [0.23583984375, 0.2486572265625, 0.497802734375, 0.39013671875, 0.28369140625, 0.371337890625, 0.73974609375, 0.70361328125, 0.455322265625, 0.37451171875, 0.34619140625, 0.363525390625, 0.423095703125, 0.54296875, 0.7548828125, 0.9140625, 0.65478515625, 0.51513671875], "adversary_prediction": [0.0038643931038677692, 0.0027541022282093763, 0.34797802567481995, 0.39274534583091736, 0.36713698506355286, 0.4240098297595978, 0.4680216610431671, 0.4249255955219269, 0.3569197356700897, 0.30021002888679504, 0.27874556183815, 0.29082348942756653, 0.3222285211086273, 0.37370333075523376, 0.4048009216785431, 0.4276239573955536, 0.4457680284976959, 0.4431382715702057]}