{"accuracy": [0.44411545991897583, 0.5122131705284119, 0.6676535606384277, 0.6339748501777649, 0.6154700517654419, 0.6976313591003418, 0.7324204444885254, 0.6724648475646973, 0.6025166511535645, 0.5914137959480286, 0.6317542791366577, 0.7420429587364197, 0.78349369764328, 0.6828275322914124, 0.6017764806747437, 0.5962250232696533, 0.6369355916976929, 0.729829728603363], "val_accuracy": [0.49775952100753784, 0.6736370325088501, 0.6385362148284912, 0.6235997080802917, 0.6915608644485474, 0.7240477800369263, 0.6717699766159058, 0.6056758761405945, 0.5896191000938416, 0.6310679316520691, 0.7240477800369263, 0.759522020816803, 0.6848394274711609, 0.6176251173019409, 0.6079163551330566, 0.644137442111969, 0.7214338779449463, 0.7755787968635559], "p_rule": [0.2366943359375, 0.70556640625, 0.42138671875, 0.36962890625, 0.59716796875, 0.83203125, 0.45556640625, 0.330322265625, 0.30859375, 0.353515625, 0.5380859375, 0.98828125, 0.55908203125, 0.368896484375, 0.34765625, 0.441650390625, 0.66943359375, 0.96533203125], "adversary_prediction": [0.017021147534251213, 0.48597773909568787, 0.43333569169044495, 0.4173644483089447, 0.5390461087226868, 0.5139870047569275, 0.3480493724346161, 0.23732507228851318, 0.21784579753875732, 0.2617857754230499, 0.3305504620075226, 0.4068348705768585, 0.4583874046802521, 0.451145738363266, 0.45126619935035706, 0.45170190930366516, 0.4496132433414459, 0.4309380352497101]}