{"accuracy": [0.4922279715538025, 0.5173945426940918, 0.7190969586372375, 0.625832736492157, 0.6210214495658875, 0.7061436176300049, 0.7512953281402588, 0.6336047649383545, 0.5895633101463318, 0.6476684212684631, 0.7731310129165649, 0.7986676692962646, 0.7128053307533264, 0.6687638759613037, 0.6920799612998962, 0.7546262145042419, 0.807179868221283, 0.8138415813446045], "val_accuracy": [0.5324869155883789, 0.6971620321273804, 0.6176251173019409, 0.6146377921104431, 0.694921612739563, 0.7528005838394165, 0.6407766938209534, 0.5944734811782837, 0.6527259349822998, 0.7755787968635559, 0.7789394855499268, 0.7064973711967468, 0.6669155955314636, 0.6859596967697144, 0.7397311329841614, 0.7927557826042175, 0.8017176985740662, 0.7837938666343689], "p_rule": [0.20849609375, 0.94921875, 0.415283203125, 0.384033203125, 0.5576171875, 0.87158203125, 0.4365234375, 0.3369140625, 0.468505859375, 0.9580078125, 0.62158203125, 0.450439453125, 0.39794921875, 0.422119140625, 0.4970703125, 0.66259765625, 0.86181640625, 0.92822265625], "adversary_prediction": [0.346110075712204, 0.5938782095909119, 0.4002140462398529, 0.37208059430122375, 0.47116217017173767, 0.5976004004478455, 0.5899532437324524, 0.5566819310188293, 0.540890634059906, 0.5111234784126282, 0.43240001797676086, 0.3700360357761383, 0.35128548741340637, 0.37830671668052673, 0.4209257662296295, 0.479512482881546, 0.5207275748252869, 0.5496745705604553]}