{"accuracy": [0.492745041847229, 0.48149245977401733, 0.4820846915245056, 0.5282795429229736, 0.6422860622406006, 0.6564998626708984, 0.5611489415168762, 0.5519692301750183, 0.6108972430229187, 0.7000296115875244, 0.6911460161209106, 0.6215575933456421, 0.5682558417320251, 0.5567071437835693, 0.5688480734825134, 0.6076399087905884, 0.6742671132087708, 0.7216464281082153], "val_accuracy": [0.46668657660484314, 0.46758291125297546, 0.5150881409645081, 0.6286226511001587, 0.661487877368927, 0.57215416431427, 0.561995804309845, 0.6232447028160095, 0.6931580305099487, 0.6689572930335999, 0.6086047291755676, 0.5625933408737183, 0.5413803458213806, 0.5581117272377014, 0.5948610901832581, 0.6498356461524963, 0.6985359787940979, 0.7158649563789368], "p_rule": [0.2078857421875, 0.2081298828125, 0.258544921875, 0.58984375, 0.55517578125, 0.26904296875, 0.25244140625, 0.37548828125, 0.7509765625, 0.63330078125, 0.36865234375, 0.294677734375, 0.273681640625, 0.285888671875, 0.34228515625, 0.48583984375, 0.76318359375, 0.86279296875], "adversary_prediction": [0.003843383165076375, 0.006310152821242809, 0.07157818973064423, 0.3524395525455475, 0.4155927002429962, 0.3821955621242523, 0.3800335228443146, 0.3902148902416229, 0.3570198714733124, 0.29895278811454773, 0.2406926453113556, 0.20274636149406433, 0.1964506208896637, 0.21022719144821167, 0.23460310697555542, 0.2765969932079315, 0.30688193440437317, 0.3371826708316803]}