{"accuracy": [0.47793900966644287, 0.48149245977401733, 0.48149245977401733, 0.48149245977401733, 0.48534202575683594, 0.550784707069397, 0.6591649651527405, 0.5963873267173767, 0.5288717746734619, 0.5232455134391785, 0.5235416293144226, 0.5472312569618225, 0.6369558572769165, 0.6982529163360596, 0.6899614930152893, 0.6428782939910889, 0.5937222242355347, 0.5715131759643555], "val_accuracy": [0.46668657660484314, 0.46668657660484314, 0.46668657660484314, 0.4711682200431824, 0.527636706829071, 0.6429638266563416, 0.5978488326072693, 0.5413803458213806, 0.5357035994529724, 0.5380938053131104, 0.5572153925895691, 0.641768753528595, 0.686286211013794, 0.6653719544410706, 0.6250373721122742, 0.5835075974464417, 0.5575141906738281, 0.5539289116859436], "p_rule": [0.2078857421875, 0.2078857421875, 0.2078857421875, 0.212158203125, 0.274169921875, 0.70849609375, 0.402587890625, 0.228515625, 0.215087890625, 0.21728515625, 0.25634765625, 0.454345703125, 0.869140625, 0.642578125, 0.418212890625, 0.33203125, 0.28466796875, 0.27734375], "adversary_prediction": [0.003843329381197691, 0.003844700288027525, 0.0039003172423690557, 0.015449774451553822, 0.10976187884807587, 0.26865413784980774, 0.3238575756549835, 0.3388177454471588, 0.33736541867256165, 0.34062954783439636, 0.32881250977516174, 0.30849722027778625, 0.2874884307384491, 0.24933233857154846, 0.21369150280952454, 0.18783459067344666, 0.1811266541481018, 0.18282026052474976]}