{"accuracy": [0.4637305736541748, 0.48556625843048096, 0.6117690801620483, 0.6672834753990173, 0.5977054238319397, 0.6165803074836731, 0.6835677027702332, 0.7227979302406311, 0.6872686743736267, 0.6302738785743713, 0.5873426795005798, 0.5940044522285461, 0.6339748501777649, 0.727979302406311, 0.7675795555114746, 0.7224278450012207, 0.6591413617134094, 0.6180607080459595], "val_accuracy": [0.46938014030456543, 0.601568341255188, 0.6620612144470215, 0.6082897782325745, 0.6232262849807739, 0.6829723715782166, 0.7053771615028381, 0.6684092879295349, 0.612397313117981, 0.5743091702461243, 0.579910397529602, 0.6187453269958496, 0.7098581194877625, 0.7471994161605835, 0.7266616821289062, 0.6560866236686707, 0.6258401870727539, 0.6340552568435669], "p_rule": [0.211669921875, 0.42724609375, 0.7080078125, 0.388427734375, 0.40576171875, 0.6474609375, 0.89306640625, 0.51708984375, 0.344970703125, 0.287109375, 0.2919921875, 0.3603515625, 0.53857421875, 0.86328125, 0.71484375, 0.47802734375, 0.390869140625, 0.413330078125], "adversary_prediction": [0.0037397886626422405, 0.1235697865486145, 0.48047348856925964, 0.4111359417438507, 0.4525239169597626, 0.45758458971977234, 0.41197749972343445, 0.32198068499565125, 0.23901093006134033, 0.21056583523750305, 0.2115294635295868, 0.25428202748298645, 0.3018927276134491, 0.34747663140296936, 0.3772890865802765, 0.3942754566669464, 0.39916524291038513, 0.40526142716407776]}