{"accuracy": [0.49966689944267273, 0.5842771530151367, 0.648234486579895, 0.6733288764953613, 0.7317343950271606, 0.7128580808639526, 0.675993800163269, 0.6735509634017944, 0.7366200089454651, 0.8041305541992188, 0.7010881900787354, 0.6171441078186035, 0.6253608465194702, 0.7088607549667358, 0.8003553152084351, 0.8027981519699097, 0.7577170729637146, 0.7386186718940735], "val_accuracy": [0.5776383876800537, 0.6511315107345581, 0.6748823523521423, 0.7051310539245605, 0.6869818568229675, 0.6556128263473511, 0.6594219207763672, 0.7129733562469482, 0.7846739888191223, 0.6984091401100159, 0.6155052781105042, 0.6264844536781311, 0.7028904557228088, 0.7929643988609314, 0.7851220965385437, 0.7443423867225647, 0.7239524722099304, 0.7403092384338379], "p_rule": [0.336669921875, 0.479736328125, 0.541015625, 0.94921875, 0.64208984375, 0.452880859375, 0.4150390625, 0.5029296875, 0.76416015625, 0.68505859375, 0.428466796875, 0.45263671875, 0.70654296875, 0.8427734375, 0.61376953125, 0.505859375, 0.4775390625, 0.5009765625], "adversary_prediction": [0.15808755159378052, 0.4219043552875519, 0.48808375000953674, 0.5961483120918274, 0.5516151785850525, 0.4418683350086212, 0.4095431864261627, 0.4691995084285736, 0.5241157412528992, 0.5248441100120544, 0.4987185299396515, 0.5025327801704407, 0.501893937587738, 0.5008531212806702, 0.4805339276790619, 0.45567384362220764, 0.45031502842903137, 0.4604014456272125]}