{"accuracy": [0.4859342575073242, 0.48149245977401733, 0.48149245977401733, 0.4921528100967407, 0.5715131759643555, 0.6852235794067383, 0.6203731298446655, 0.5288717746734619, 0.5211726427078247, 0.5267989635467529, 0.5895765423774719, 0.6908498406410217, 0.7062481641769409, 0.6621261239051819, 0.5984601974487305, 0.5718092918395996, 0.5626295804977417, 0.5801006555557251], "val_accuracy": [0.46668657660484314, 0.46668657660484314, 0.47445473074913025, 0.5566178560256958, 0.6626830101013184, 0.6357932686805725, 0.5458619594573975, 0.5360023975372314, 0.5431730151176453, 0.6059157252311707, 0.6916641592979431, 0.6850911378860474, 0.6447564959526062, 0.5933672189712524, 0.5572153925895691, 0.5503435730934143, 0.5631909370422363, 0.6026292443275452], "p_rule": [0.2078857421875, 0.2078857421875, 0.21484375, 0.314697265625, 0.78466796875, 0.408203125, 0.2216796875, 0.2117919921875, 0.221435546875, 0.32568359375, 0.65576171875, 0.83056640625, 0.50244140625, 0.33984375, 0.298583984375, 0.285400390625, 0.296875, 0.34765625], "adversary_prediction": [0.0038435531314462423, 0.004225554410368204, 0.009349021129310131, 0.2011408805847168, 0.4347088634967804, 0.41193249821662903, 0.3870810568332672, 0.376013845205307, 0.38292816281318665, 0.3942757546901703, 0.38043472170829773, 0.3475092947483063, 0.29730936884880066, 0.2536279857158661, 0.23170840740203857, 0.23070985078811646, 0.240410715341568, 0.26241829991340637]}