{"accuracy": [0.504146933555603, 0.5266587734222412, 0.5266587734222412, 0.5266587734222412, 0.5266587734222412, 0.5266587734222412, 0.5266587734222412, 0.5325829386711121, 0.6872037649154663, 0.578199028968811, 0.5148104429244995, 0.4970379173755646, 0.4887440800666809, 0.49229857325553894, 0.5023696422576904, 0.5272511839866638, 0.5687204003334045, 0.6546208262443542], "val_accuracy": [0.5433353185653687, 0.5433353185653687, 0.5433353185653687, 0.5433353185653687, 0.5433353185653687, 0.5433353185653687, 0.5481171607971191, 0.6545128226280212, 0.5397489666938782, 0.48834428191185, 0.47280335426330566, 0.46742379665374756, 0.4704124331474304, 0.4745965301990509, 0.4997011423110962, 0.5433353185653687, 0.6377764344215393, 0.7011356949806213], "p_rule": [0.2357177734375, 0.2357177734375, 0.2357177734375, 0.2357177734375, 0.2357177734375, 0.2357177734375, 0.2421875, 0.8369140625, 0.358154296875, 0.27099609375, 0.2457275390625, 0.2430419921875, 0.243896484375, 0.255859375, 0.28857421875, 0.34912109375, 0.56298828125, 0.96875], "adversary_prediction": [0.34505316615104675, 0.34505316615104675, 0.34505727887153625, 0.3452982008457184, 0.3478004038333893, 0.35717013478279114, 0.37072768807411194, 0.36347755789756775, 0.27674922347068787, 0.203406423330307, 0.1707248091697693, 0.16155663132667542, 0.16890937089920044, 0.19903257489204407, 0.2373475432395935, 0.2811492383480072, 0.31734248995780945, 0.341815322637558]}