{"accuracy": [0.5277572274208069, 0.48593634366989136, 0.640266478061676, 0.5880829095840454, 0.5732790231704712, 0.6621021628379822, 0.736121416091919, 0.6798667907714844, 0.6184307932853699, 0.586602509021759, 0.5903034806251526, 0.6384159922599792, 0.7231680154800415, 0.7757216691970825, 0.7364915013313293, 0.6609918475151062, 0.6162102222442627, 0.6150999069213867], "val_accuracy": [0.471994012594223, 0.6501120328903198, 0.6004480719566345, 0.5855115652084351, 0.6807318925857544, 0.7143390774726868, 0.6680358648300171, 0.6030619740486145, 0.5772964954376221, 0.5840179324150085, 0.6292008757591248, 0.6997759342193604, 0.7598954439163208, 0.7423450350761414, 0.6691560745239258, 0.6280806660652161, 0.6277072429656982, 0.6646751165390015], "p_rule": [0.2100830078125, 0.5537109375, 0.3388671875, 0.30712890625, 0.53857421875, 0.95654296875, 0.505859375, 0.3408203125, 0.282958984375, 0.282958984375, 0.355712890625, 0.513671875, 0.83203125, 0.75634765625, 0.49853515625, 0.38623046875, 0.383056640625, 0.480224609375], "adversary_prediction": [0.014126596041023731, 0.42759332060813904, 0.42520037293434143, 0.4174303710460663, 0.4449867904186249, 0.5202340483665466, 0.457224041223526, 0.34912005066871643, 0.3050495684146881, 0.3110155761241913, 0.34627583622932434, 0.3959713876247406, 0.44279566407203674, 0.45107772946357727, 0.45194825530052185, 0.438047856092453, 0.4515819847583771, 0.454563170671463]}