{"accuracy": [0.5243523120880127, 0.5222797989845276, 0.5222797989845276, 0.5222797989845276, 0.5222797989845276, 0.5222797989845276, 0.5222797989845276, 0.5725388526916504, 0.684455931186676, 0.5689119100570679, 0.5295336842536926, 0.50829017162323, 0.5020725131034851, 0.5056994557380676, 0.5165802836418152, 0.5476683974266052, 0.5953367948532104, 0.6818652749061584], "val_accuracy": [0.5439330339431763, 0.5439330339431763, 0.5439330339431763, 0.5439330339431763, 0.5439330339431763, 0.5439330339431763, 0.5862970948219299, 0.6647489666938782, 0.5428870320320129, 0.500523030757904, 0.48117154836654663, 0.4775104522705078, 0.47855648398399353, 0.4884937107563019, 0.5146443247795105, 0.5685146450996399, 0.6610878705978394, 0.706589937210083], "p_rule": [0.21923828125, 0.21923828125, 0.21923828125, 0.21923828125, 0.21923828125, 0.21923828125, 0.304931640625, 0.68701171875, 0.335693359375, 0.260498046875, 0.23876953125, 0.2347412109375, 0.2354736328125, 0.2435302734375, 0.27978515625, 0.3515625, 0.59375, 0.966796875], "adversary_prediction": [0.34505316615104675, 0.34505316615104675, 0.34505495429039, 0.34518763422966003, 0.34755584597587585, 0.3647936284542084, 0.4250699579715729, 0.4364946782588959, 0.34620895981788635, 0.2625525891780853, 0.22082054615020752, 0.20835840702056885, 0.22193565964698792, 0.24975624680519104, 0.28993305563926697, 0.32877716422080994, 0.3624025285243988, 0.3785209357738495]}