{"accuracy": [0.5202842950820923, 0.6422860622406006, 0.6165235638618469, 0.6227420568466187, 0.703879177570343, 0.7346757650375366, 0.6319218277931213, 0.6304412484169006, 0.7352679967880249, 0.7847201824188232, 0.6837429404258728, 0.606751561164856, 0.6215575933456421, 0.7047675251960754, 0.7941960096359253, 0.8069292306900024, 0.7672490477561951, 0.7346757650375366], "val_accuracy": [0.6567075252532959, 0.6142814755439758, 0.6187630891799927, 0.696444571018219, 0.7293098568916321, 0.6468479037284851, 0.6414699554443359, 0.7337914705276489, 0.7612787485122681, 0.6579025983810425, 0.5805198550224304, 0.5930684208869934, 0.694054365158081, 0.7756199836730957, 0.7965341806411743, 0.7642664909362793, 0.7349865436553955, 0.7403644919395447], "p_rule": [0.439453125, 0.40185546875, 0.38720703125, 0.609375, 0.78955078125, 0.404541015625, 0.402587890625, 0.724609375, 0.66796875, 0.411865234375, 0.32080078125, 0.34228515625, 0.452392578125, 0.619140625, 0.8828125, 0.82861328125, 0.6748046875, 0.69091796875], "adversary_prediction": [0.3979766070842743, 0.38388171792030334, 0.36502835154533386, 0.5612427592277527, 0.638603150844574, 0.535017192363739, 0.5375587344169617, 0.5724149346351624, 0.47512468695640564, 0.38317832350730896, 0.32891884446144104, 0.32911548018455505, 0.39728614687919617, 0.46031197905540466, 0.5076035857200623, 0.5054088234901428, 0.5206323266029358, 0.5313628315925598]}