{"accuracy": [0.5098445415496826, 0.5222797989845276, 0.7098445892333984, 0.6088082790374756, 0.6041450500488281, 0.6994818449020386, 0.7331606149673462, 0.6119170784950256, 0.5683937668800354, 0.6295337080955505, 0.7414507865905762, 0.7891191840171814, 0.7222797870635986, 0.6585492491722107, 0.6435233354568481, 0.6818652749061584, 0.7512953281402588, 0.800000011920929], "val_accuracy": [0.5439330339431763, 0.7008368372917175, 0.5763598084449768, 0.5794979333877563, 0.6746861934661865, 0.741108775138855, 0.625523030757904, 0.5868200659751892, 0.6417363882064819, 0.7437238693237305, 0.7803347110748291, 0.6987447738647461, 0.6297070980072021, 0.616108775138855, 0.6563807725906372, 0.724372386932373, 0.7808577418327332, 0.7907949686050415], "p_rule": [0.21923828125, 0.96337890625, 0.363037109375, 0.34033203125, 0.5244140625, 0.796875, 0.380615234375, 0.296875, 0.40380859375, 0.73388671875, 0.68701171875, 0.459716796875, 0.37353515625, 0.361083984375, 0.406494140625, 0.490478515625, 0.64794921875, 0.91064453125], "adversary_prediction": [0.34505578875541687, 0.5907201170921326, 0.35241666436195374, 0.308536559343338, 0.47506043314933777, 0.5381799340248108, 0.468268483877182, 0.44696417450904846, 0.48166945576667786, 0.5031535029411316, 0.45804283022880554, 0.3947153389453888, 0.35108116269111633, 0.34750911593437195, 0.37978318333625793, 0.44003042578697205, 0.4871945083141327, 0.526850163936615]}