{"accuracy": [0.50310879945755, 0.5222797989845276, 0.5222797989845276, 0.5222797989845276, 0.5321243405342102, 0.6787564754486084, 0.6689119338989258, 0.6088082790374756, 0.5839378237724304, 0.5699481964111328, 0.5720207095146179, 0.5984455943107605, 0.6544041633605957, 0.6974093317985535, 0.7202072739601135, 0.6632124185562134, 0.5963730812072754, 0.5575129389762878], "val_accuracy": [0.5439330339431763, 0.5439330339431763, 0.5439330339431763, 0.5533472895622253, 0.6725941300392151, 0.6527196764945984, 0.5941422581672668, 0.555962324142456, 0.5449790954589844, 0.551778256893158, 0.5794979333877563, 0.6291841268539429, 0.6825313568115234, 0.7102510333061218, 0.6741631627082825, 0.6114016771316528, 0.5716527104377747, 0.5721757411956787], "p_rule": [0.21923828125, 0.21923828125, 0.21923828125, 0.2340087890625, 0.68701171875, 0.7373046875, 0.441162109375, 0.34033203125, 0.32568359375, 0.333984375, 0.386474609375, 0.53173828125, 0.80029296875, 0.84716796875, 0.49951171875, 0.337646484375, 0.2783203125, 0.28173828125], "adversary_prediction": [0.34505316615104675, 0.3450532853603363, 0.34518763422966003, 0.357722669839859, 0.44047823548316956, 0.4544581472873688, 0.3538488447666168, 0.2760758697986603, 0.25497952103614807, 0.27133288979530334, 0.3065641224384308, 0.350204199552536, 0.3846915066242218, 0.3900662958621979, 0.38799944519996643, 0.3864022195339203, 0.3886165916919708, 0.3821907341480255]}