{"accuracy": [0.49896374344825745, 0.6875647902488708, 0.5497409105300903, 0.6720207333564758, 0.693782389163971, 0.5891191959381104, 0.6948186755180359, 0.8025906682014465, 0.7119171023368835, 0.6357513070106506, 0.6393782496452332, 0.7103626728057861, 0.798963725566864, 0.8217616677284241, 0.7854922413825989, 0.7471502423286438, 0.7378238439559937, 0.7694300413131714], "val_accuracy": [0.689330518245697, 0.5266736149787903, 0.6495816111564636, 0.6846234202384949, 0.5946652889251709, 0.6945606470108032, 0.7829498052597046, 0.6908996105194092, 0.607740581035614, 0.6046025156974792, 0.6788703203201294, 0.7730125784873962, 0.810669481754303, 0.7615062594413757, 0.73221755027771, 0.7269874215126038, 0.7552301287651062, 0.7876569032669067], "p_rule": [0.69921875, 0.281494140625, 0.451171875, 0.56396484375, 0.32373046875, 0.59619140625, 0.7626953125, 0.430908203125, 0.3515625, 0.352783203125, 0.423095703125, 0.57275390625, 0.8271484375, 0.8720703125, 0.71337890625, 0.7001953125, 0.798828125, 0.97509765625], "adversary_prediction": [0.4506465494632721, 0.11810049414634705, 0.4503012001514435, 0.5544801354408264, 0.4851948916912079, 0.5829847455024719, 0.5818634629249573, 0.4200167953968048, 0.3329080641269684, 0.33848974108695984, 0.4088228642940521, 0.5057627558708191, 0.5751233696937561, 0.587062418460846, 0.5839350819587708, 0.5904729962348938, 0.5930504202842712, 0.6041181683540344]}