{"accuracy": [0.4389341175556183, 0.5218356847763062, 0.692820131778717, 0.6088082790374756, 0.6458179354667664, 0.7250185012817383, 0.7290895581245422, 0.6702442765235901, 0.6350851058959961, 0.6661732196807861, 0.7424130439758301, 0.7934862971305847, 0.7394522428512573, 0.677276074886322, 0.6491487622261047, 0.6898593902587891, 0.750555157661438, 0.8123612403869629], "val_accuracy": [0.537341296672821, 0.6769977807998657, 0.6030619740486145, 0.6366691589355469, 0.7132188081741333, 0.7307692170143127, 0.6784914135932922, 0.6433905959129333, 0.6740104556083679, 0.7483196258544922, 0.7852874994277954, 0.7176997661590576, 0.6512322425842285, 0.6314413547515869, 0.6691560745239258, 0.7311426401138306, 0.7961165308952332, 0.7987303733825684], "p_rule": [0.2149658203125, 0.67724609375, 0.370849609375, 0.4326171875, 0.71240234375, 0.79296875, 0.476806640625, 0.391357421875, 0.451904296875, 0.73388671875, 0.787109375, 0.505859375, 0.395751953125, 0.372314453125, 0.4140625, 0.5126953125, 0.68798828125, 0.9013671875], "adversary_prediction": [0.3454649746417999, 0.5592957139015198, 0.3351345956325531, 0.3697459399700165, 0.5275595784187317, 0.5242372155189514, 0.48173895478248596, 0.46492019295692444, 0.47737744450569153, 0.47246697545051575, 0.4175735414028168, 0.33733072876930237, 0.2901689112186432, 0.2834576666355133, 0.2993672788143158, 0.3504622280597687, 0.40708646178245544, 0.45134785771369934]}