{"accuracy": [0.47534430027008057, 0.6121723651885986, 0.6139493584632874, 0.5970679521560669, 0.7094624638557434, 0.7343403100967407, 0.6321634650230408, 0.6152821183204651, 0.6721457242965698, 0.7840959429740906, 0.7832074761390686, 0.6850288510322571, 0.6348289847373962, 0.6410484313964844, 0.7072412371635437, 0.7907596826553345, 0.8342958688735962, 0.7996445894241333], "val_accuracy": [0.6239354610443115, 0.5679067969322205, 0.5871806144714355, 0.6875840425491333, 0.7409233450889587, 0.6485880613327026, 0.6225907802581787, 0.6880322694778442, 0.7772299647331238, 0.7669206857681274, 0.6813088059425354, 0.620797872543335, 0.6315553784370422, 0.6996862292289734, 0.7714029550552368, 0.8081578016281128, 0.783056914806366, 0.7489914894104004], "p_rule": [0.406982421875, 0.35595703125, 0.363525390625, 0.65771484375, 0.7705078125, 0.4375, 0.38037109375, 0.5146484375, 0.90625, 0.60400390625, 0.395263671875, 0.330322265625, 0.336669921875, 0.41748046875, 0.55029296875, 0.7724609375, 0.94189453125, 0.73486328125], "adversary_prediction": [0.3697863519191742, 0.3088931739330292, 0.3442642390727997, 0.5525478720664978, 0.5974330306053162, 0.5042915940284729, 0.5050864815711975, 0.5046786665916443, 0.5565479397773743, 0.4833892285823822, 0.36698123812675476, 0.33115121722221375, 0.3388344943523407, 0.375627726316452, 0.4408336579799652, 0.4928193986415863, 0.5062167048454285, 0.5201578736305237]}