{"accuracy": [0.48556196689605713, 0.5219902396202087, 0.5219902396202087, 0.5219902396202087, 0.5219902396202087, 0.5219902396202087, 0.5362061262130737, 0.6828076243400574, 0.5761883854866028, 0.5304309129714966, 0.5131052732467651, 0.5051088333129883, 0.5086628198623657, 0.5264326930046082, 0.5544202327728271, 0.6157263517379761, 0.6961350440979004, 0.6685917377471924], "val_accuracy": [0.5360824465751648, 0.5360824465751648, 0.5360824465751648, 0.5360824465751648, 0.5360824465751648, 0.5504258275032043, 0.6571044325828552, 0.5661138296127319, 0.5105333924293518, 0.490811288356781, 0.4894666075706482, 0.4921559691429138, 0.5020170211791992, 0.5369789600372314, 0.6015239953994751, 0.6839982271194458, 0.6795158982276917, 0.558493971824646], "p_rule": [0.2147216796875, 0.2147216796875, 0.2147216796875, 0.2147216796875, 0.2147216796875, 0.239501953125, 0.958984375, 0.3896484375, 0.262451171875, 0.2354736328125, 0.2293701171875, 0.2314453125, 0.251953125, 0.302734375, 0.433837890625, 0.8359375, 0.54833984375, 0.249755859375], "adversary_prediction": [0.34505316615104675, 0.34505316615104675, 0.3450568616390228, 0.34539368748664856, 0.3490436375141144, 0.36792322993278503, 0.3632905185222626, 0.32473257184028625, 0.2407553493976593, 0.20030289888381958, 0.19320616126060486, 0.20187532901763916, 0.2274608016014099, 0.25546571612358093, 0.28243985772132874, 0.3050304353237152, 0.3237057626247406, 0.3318749964237213]}