{"accuracy": [0.46157264709472656, 0.5219902396202087, 0.5219902396202087, 0.5219902396202087, 0.5219902396202087, 0.5219902396202087, 0.547756552696228, 0.6836961507797241, 0.616614818572998, 0.5593069791793823, 0.5233229398727417, 0.5135495066642761, 0.5122168064117432, 0.5188804864883423, 0.5393158793449402, 0.5819635987281799, 0.6588183045387268, 0.6996890306472778], "val_accuracy": [0.5360824465751648, 0.5360824465751648, 0.5360824465751648, 0.5360824465751648, 0.5360824465751648, 0.5540116429328918, 0.6831017732620239, 0.6010757684707642, 0.5392200946807861, 0.5051546096801758, 0.493500679731369, 0.4894666075706482, 0.49529358744621277, 0.5181533098220825, 0.5674585103988647, 0.6441057920455933, 0.6947557330131531, 0.6158673167228699], "p_rule": [0.2147216796875, 0.2147216796875, 0.2147216796875, 0.2147216796875, 0.2147216796875, 0.25537109375, 0.88330078125, 0.487548828125, 0.315673828125, 0.25537109375, 0.236083984375, 0.2340087890625, 0.2423095703125, 0.263916015625, 0.3447265625, 0.60791015625, 0.83935546875, 0.373291015625], "adversary_prediction": [0.34505316615104675, 0.3450533449649811, 0.3450632393360138, 0.34600529074668884, 0.3543183505535126, 0.3857171833515167, 0.4071541726589203, 0.35056135058403015, 0.2573602497577667, 0.2047431766986847, 0.1800106167793274, 0.18093937635421753, 0.19657909870147705, 0.2273125946521759, 0.2563149631023407, 0.2942558228969574, 0.31678465008735657, 0.33279022574424744]}