{"accuracy": [0.4974829852581024, 0.5185075402259827, 0.5185075402259827, 0.5185075402259827, 0.5185075402259827, 0.5185075402259827, 0.621261477470398, 0.6535386443138123, 0.5647023916244507, 0.5306485295295715, 0.5214687585830688, 0.5173230767250061, 0.5279834270477295, 0.5513769388198853, 0.6031981110572815, 0.6793011426925659, 0.716316282749176, 0.6304412484169006], "val_accuracy": [0.5333133935928345, 0.5333133935928345, 0.5333133935928345, 0.5333133935928345, 0.5333133935928345, 0.6298177242279053, 0.6340005993843079, 0.5551239848136902, 0.5106065273284912, 0.4980579614639282, 0.49895429611206055, 0.5082163214683533, 0.5431730151176453, 0.5993427038192749, 0.664176881313324, 0.7024200558662415, 0.6444576978683472, 0.5694652199745178], "p_rule": [0.207763671875, 0.207763671875, 0.207763671875, 0.207763671875, 0.207763671875, 0.424072265625, 0.6806640625, 0.333984375, 0.25634765625, 0.234619140625, 0.2374267578125, 0.250732421875, 0.298095703125, 0.3974609375, 0.68310546875, 0.78759765625, 0.42236328125, 0.27197265625], "adversary_prediction": [0.34505316615104675, 0.3450533449649811, 0.345061331987381, 0.346345454454422, 0.3667929470539093, 0.44286033511161804, 0.4043618142604828, 0.30127236247062683, 0.21490022540092468, 0.19051861763000488, 0.1967656910419464, 0.2247416377067566, 0.26849254965782166, 0.30858275294303894, 0.34737470746040344, 0.36822405457496643, 0.37977471947669983, 0.38084861636161804]}