{"accuracy": [0.48989561200141907, 0.6777703762054443, 0.5596269369125366, 0.7395070195198059, 0.667110800743103, 0.5958250164985657, 0.6648900508880615, 0.7988008260726929, 0.7073062658309937, 0.6007106304168701, 0.614923357963562, 0.7153009176254272, 0.8083499670028687, 0.7970241904258728, 0.7461692094802856, 0.7226293683052063, 0.7281811833381653, 0.762602686882019], "val_accuracy": [0.6464261412620544, 0.5624019503593445, 0.7093883156776428, 0.6491149663925171, 0.5809993147850037, 0.653820276260376, 0.7727985382080078, 0.6981850862503052, 0.6016132831573486, 0.6146090030670166, 0.7033385634422302, 0.7884830832481384, 0.782881498336792, 0.7414295077323914, 0.7156621217727661, 0.7208155989646912, 0.7542012333869934, 0.7837777137756348], "p_rule": [0.59228515625, 0.2763671875, 0.75390625, 0.413330078125, 0.321533203125, 0.38818359375, 0.74951171875, 0.59423828125, 0.35595703125, 0.378662109375, 0.61767578125, 0.95458984375, 0.6474609375, 0.50830078125, 0.457275390625, 0.47265625, 0.53076171875, 0.63427734375], "adversary_prediction": [0.5552851557731628, 0.3621693551540375, 0.5679998993873596, 0.501503050327301, 0.33019015192985535, 0.43331727385520935, 0.5618690848350525, 0.5341197848320007, 0.4865841567516327, 0.4975050389766693, 0.5282488465309143, 0.5243330597877502, 0.48879823088645935, 0.4471431076526642, 0.40614256262779236, 0.4208965003490448, 0.44703051447868347, 0.4928347170352936]}