{"accuracy": [0.5051813721656799, 0.4826054871082306, 0.4826054871082306, 0.4826054871082306, 0.4826054871082306, 0.4826054871082306, 0.48445597290992737, 0.5484825968742371, 0.6850481033325195, 0.5551443099975586, 0.5181347131729126, 0.5173945426940918, 0.5173945426940918, 0.5173945426940918, 0.5173945426940918, 0.5173945426940918, 0.5592153668403625, 0.695780873298645], "val_accuracy": [0.4675130546092987, 0.4675130546092987, 0.4675130546092987, 0.4675130546092987, 0.4675130546092987, 0.46975353360176086, 0.5395817756652832, 0.6751306653022766, 0.5597460865974426, 0.5328603386878967, 0.5324869155883789, 0.5324869155883789, 0.5324869155883789, 0.5324869155883789, 0.5324869155883789, 0.5627334117889404, 0.6867064833641052, 0.6773711442947388], "p_rule": [0.2083740234375, 0.2083740234375, 0.2083740234375, 0.2083740234375, 0.2083740234375, 0.2083740234375, 0.2861328125, 0.97802734375, 0.26220703125, 0.20849609375, 0.20849609375, 0.20849609375, 0.20849609375, 0.20849609375, 0.2080078125, 0.260009765625, 0.72119140625, 0.708984375], "adversary_prediction": [0.0038433289155364037, 0.0038434206508100033, 0.003925292287021875, 0.007932029664516449, 0.021915167570114136, 0.08382885158061981, 0.21687278151512146, 0.3233772814273834, 0.3414561450481415, 0.3513511121273041, 0.34713688492774963, 0.3470821678638458, 0.3450988233089447, 0.3397529423236847, 0.3293584883213043, 0.3152179419994354, 0.28935644030570984, 0.26201143860816956]}