{"accuracy": [0.5100710988044739, 0.4739336371421814, 0.6374407410621643, 0.6575829386711121, 0.6048578023910522, 0.6712085604667664, 0.7334123253822327, 0.7239336371421814, 0.6676540374755859, 0.6356635093688965, 0.6238151788711548, 0.6338862776756287, 0.6931279897689819, 0.771327018737793, 0.7796208262443542, 0.7186018824577332, 0.6481042504310608, 0.6172986030578613], "val_accuracy": [0.45666468143463135, 0.6001195311546326, 0.6592946648597717, 0.6180514097213745, 0.6640765070915222, 0.7256425619125366, 0.6945606470108032, 0.6431559920310974, 0.6001195311546326, 0.5875672698020935, 0.6060968041419983, 0.6646742224693298, 0.7417812347412109, 0.7746562957763672, 0.716676652431488, 0.6503287553787231, 0.621637761592865, 0.6365810036659241], "p_rule": [0.2347412109375, 0.43505859375, 0.5126953125, 0.3701171875, 0.5068359375, 0.85498046875, 0.73681640625, 0.493896484375, 0.389404296875, 0.366943359375, 0.389404296875, 0.466796875, 0.66943359375, 0.95166015625, 0.623046875, 0.440185546875, 0.39599609375, 0.4306640625], "adversary_prediction": [0.0030866272281855345, 0.4123082458972931, 0.42543289065361023, 0.39002183079719543, 0.4427955448627472, 0.5183915495872498, 0.5106562972068787, 0.4418046176433563, 0.3627108037471771, 0.3411288559436798, 0.3394627273082733, 0.3834005296230316, 0.41140827536582947, 0.4397033154964447, 0.45168378949165344, 0.44068965315818787, 0.43798813223838806, 0.4427017271518707]}