{"accuracy": [0.4578090310096741, 0.5192450284957886, 0.7039230465888977, 0.6150999069213867, 0.6913397312164307, 0.7357512712478638, 0.6717246770858765, 0.6398963928222656, 0.6458179354667664, 0.7198371291160583, 0.7931162118911743, 0.7379719018936157, 0.6328645348548889, 0.6139896512031555, 0.6709844470024109, 0.7590673565864563, 0.8160621523857117, 0.7957068681716919], "val_accuracy": [0.4985063374042511, 0.7020164132118225, 0.6292008757591248, 0.7042568922042847, 0.7143390774726868, 0.663181483745575, 0.630694568157196, 0.6396564841270447, 0.7050037384033203, 0.7696042060852051, 0.7277819514274597, 0.6404032707214355, 0.6254667639732361, 0.6725168228149414, 0.7535474300384521, 0.7905153036117554, 0.7752053737640381, 0.7427184581756592], "p_rule": [0.23779296875, 0.70654296875, 0.37451171875, 0.59130859375, 0.853515625, 0.47412109375, 0.36376953125, 0.367431640625, 0.489501953125, 0.78564453125, 0.72119140625, 0.4228515625, 0.383056640625, 0.52294921875, 0.8701171875, 0.78564453125, 0.5849609375, 0.501953125], "adversary_prediction": [0.0863664299249649, 0.4168347418308258, 0.39554134011268616, 0.4834273159503937, 0.5584205985069275, 0.4370977580547333, 0.3562658131122589, 0.3407021462917328, 0.3820292055606842, 0.4442457854747772, 0.4756849706172943, 0.4654894173145294, 0.4648439586162567, 0.45238253474235535, 0.45215079188346863, 0.4226933419704437, 0.390129417181015, 0.37599900364875793]}