{"accuracy": [0.5333826541900635, 0.5387120842933655, 0.6325684785842896, 0.613471508026123, 0.7323464155197144, 0.7224278450012207, 0.6296076774597168, 0.6491487622261047, 0.7450777292251587, 0.7797186970710754, 0.7017024159431458, 0.6525536775588989, 0.6683937907218933, 0.7430051565170288, 0.8057734966278076, 0.8097705245018005, 0.7724648118019104, 0.7444855570793152], "val_accuracy": [0.5415982007980347, 0.6201642751693726, 0.6056758761405945, 0.7171022891998291, 0.7141150236129761, 0.6283794045448303, 0.6442121267318726, 0.730545163154602, 0.768932044506073, 0.6936519742012024, 0.6418222784996033, 0.6584017872810364, 0.7274085283279419, 0.7967139482498169, 0.7961165308952332, 0.758625864982605, 0.7344287037849426, 0.7333831191062927], "p_rule": [0.267578125, 0.408447265625, 0.36865234375, 0.60986328125, 0.732421875, 0.442626953125, 0.48486328125, 0.8291015625, 0.693359375, 0.457275390625, 0.388427734375, 0.404052734375, 0.5, 0.66748046875, 0.90380859375, 0.845703125, 0.716796875, 0.71240234375], "adversary_prediction": [0.35834333300590515, 0.19287022948265076, 0.18376919627189636, 0.4017060101032257, 0.4867468774318695, 0.4278639256954193, 0.42751964926719666, 0.4502442181110382, 0.378563791513443, 0.3366346061229706, 0.2936438024044037, 0.30867263674736023, 0.3645780384540558, 0.42616191506385803, 0.4658292829990387, 0.47572776675224304, 0.4739282429218292, 0.491347998380661]}