{"accuracy": [0.4554404020309448, 0.5222797989845276, 0.5222797989845276, 0.5222797989845276, 0.5590673685073853, 0.704145073890686, 0.6129533648490906, 0.5658031105995178, 0.5455958843231201, 0.5621761679649353, 0.6067357659339905, 0.6880828738212585, 0.7331606149673462, 0.6678756475448608, 0.5860103368759155, 0.5538859963417053, 0.5523316264152527, 0.5808290243148804], "val_accuracy": [0.5439330339431763, 0.5439330339431763, 0.5439330339431763, 0.5695606470108032, 0.6966527104377747, 0.5831589698791504, 0.5303347110748291, 0.5130752921104431, 0.5251045823097229, 0.5711296796798706, 0.6616109013557434, 0.7264644503593445, 0.6814853549003601, 0.5978033542633057, 0.5669456124305725, 0.5669456124305725, 0.5883890986442566, 0.6574267745018005], "p_rule": [0.21923828125, 0.21923828125, 0.21923828125, 0.28076171875, 0.91259765625, 0.397705078125, 0.30126953125, 0.267333984375, 0.283935546875, 0.343017578125, 0.52099609375, 0.9375, 0.54638671875, 0.328125, 0.268798828125, 0.264892578125, 0.3173828125, 0.4609375], "adversary_prediction": [0.34505316615104675, 0.34505340456962585, 0.3455629050731659, 0.376444548368454, 0.48739132285118103, 0.4050130546092987, 0.31388846039772034, 0.29494521021842957, 0.3050638735294342, 0.35224679112434387, 0.3938184678554535, 0.4205252230167389, 0.4278658926486969, 0.42557594180107117, 0.42773279547691345, 0.430836945772171, 0.4351585805416107, 0.4424072206020355]}