{"accuracy": [0.5206513404846191, 0.5621021389961243, 0.6350851058959961, 0.6605477333068848, 0.719467043876648, 0.6901554465293884, 0.6484085917472839, 0.6448556780815125, 0.7122131586074829, 0.7800148129463196, 0.712509274482727, 0.6190969944000244, 0.6059215664863586, 0.6525536775588989, 0.7477424144744873, 0.8042930960655212, 0.7700962424278259, 0.7228719592094421], "val_accuracy": [0.5566840767860413, 0.6295742988586426, 0.6575055718421936, 0.7115758061408997, 0.688125491142273, 0.6392830610275269, 0.6356982588768005, 0.6991785168647766, 0.766840934753418, 0.7075429558753967, 0.6200149655342102, 0.6070201396942139, 0.6455563902854919, 0.7395070791244507, 0.7879014015197754, 0.7583271265029907, 0.7224794626235962, 0.7072442173957825], "p_rule": [0.362060546875, 0.438720703125, 0.51171875, 0.9150390625, 0.6435546875, 0.469482421875, 0.446044921875, 0.52978515625, 0.81494140625, 0.68017578125, 0.4189453125, 0.39697265625, 0.51171875, 0.83740234375, 0.75732421875, 0.5830078125, 0.5029296875, 0.4873046875], "adversary_prediction": [0.18957778811454773, 0.3577820360660553, 0.3977387845516205, 0.6153262257575989, 0.5336056351661682, 0.3500843346118927, 0.2966538965702057, 0.3610810935497284, 0.4326404631137848, 0.46293964982032776, 0.4387334883213043, 0.43890026211738586, 0.42331019043922424, 0.4015319049358368, 0.3743983805179596, 0.3320535719394684, 0.30348995327949524, 0.2951919138431549]}