{"accuracy": [0.46743154525756836, 0.5173945426940918, 0.6491487622261047, 0.6539600491523743, 0.6028867363929749, 0.6254625916481018, 0.71132493019104, 0.7187268733978271, 0.583641767501831, 0.5481125116348267, 0.5692079663276672, 0.6739452481269836, 0.7723908424377441, 0.7353811860084534, 0.6532198190689087, 0.6169503927230835, 0.6324944496154785, 0.6898593902587891], "val_accuracy": [0.5324869155883789, 0.6613144278526306, 0.6418969631195068, 0.5970873832702637, 0.6191187500953674, 0.6893203854560852, 0.7221807241439819, 0.5955937504768372, 0.5578790307044983, 0.5772964954376221, 0.6710231304168701, 0.7729648947715759, 0.7266616821289062, 0.6437640190124512, 0.6023151874542236, 0.6187453269958496, 0.6755040884017944, 0.7352501749992371], "p_rule": [0.20849609375, 0.480224609375, 0.52392578125, 0.38134765625, 0.406494140625, 0.6357421875, 0.73583984375, 0.319091796875, 0.2568359375, 0.29638671875, 0.5205078125, 0.908203125, 0.505859375, 0.3701171875, 0.323974609375, 0.346435546875, 0.4072265625, 0.5224609375], "adversary_prediction": [0.34505394101142883, 0.4507630169391632, 0.500589907169342, 0.36572644114494324, 0.3944202959537506, 0.49548622965812683, 0.5532569289207458, 0.49897417426109314, 0.4828571379184723, 0.48024269938468933, 0.4762747585773468, 0.44189706444740295, 0.3750440180301666, 0.3253508508205414, 0.2996138632297516, 0.3229139745235443, 0.3615708649158478, 0.40497085452079773]}