{"accuracy": [0.48689472675323486, 0.5219902396202087, 0.5544202327728271, 0.6894713640213013, 0.630386471748352, 0.6130608916282654, 0.6201688051223755, 0.677476704120636, 0.7365615367889404, 0.6868058443069458, 0.5970679521560669, 0.5677476525306702, 0.5872945189476013, 0.6930253505706787, 0.7814304828643799, 0.7529986500740051, 0.6672589778900146, 0.6308307647705078], "val_accuracy": [0.5360824465751648, 0.5732855200767517, 0.6875840425491333, 0.6248319149017334, 0.5943523049354553, 0.6077991724014282, 0.6481398344039917, 0.7167189717292786, 0.6969968676567078, 0.6109368205070496, 0.5755266547203064, 0.6060062646865845, 0.6907216310501099, 0.7566114068031311, 0.7274764776229858, 0.651277482509613, 0.6225907802581787, 0.62796950340271], "p_rule": [0.2147216796875, 0.27099609375, 0.9677734375, 0.50537109375, 0.4033203125, 0.41845703125, 0.56005859375, 0.896484375, 0.60400390625, 0.36181640625, 0.2841796875, 0.335205078125, 0.5869140625, 0.86962890625, 0.53125, 0.386962890625, 0.34326171875, 0.35107421875], "adversary_prediction": [0.3450533449649811, 0.35061022639274597, 0.5730913281440735, 0.43962404131889343, 0.37182995676994324, 0.39385786652565, 0.454590767621994, 0.52340167760849, 0.5018457770347595, 0.48059192299842834, 0.46793821454048157, 0.4583689272403717, 0.4588005840778351, 0.42865607142448425, 0.3880802094936371, 0.34680184721946716, 0.330550879240036, 0.33867213129997253]}