{"accuracy": [0.4932267367839813, 0.47723740339279175, 0.4892294108867645, 0.661558985710144, 0.6262491941452026, 0.5696202516555786, 0.612036406993866, 0.7044192552566528, 0.7230734825134277, 0.6744392514228821, 0.6133688688278198, 0.5987119674682617, 0.609371542930603, 0.6546746492385864, 0.7117477059364319, 0.7501665353775024, 0.7339551448822021, 0.6973128914833069], "val_accuracy": [0.4732242822647095, 0.4830831289291382, 0.6410486102104187, 0.6206587553024292, 0.5668832659721375, 0.6128165125846863, 0.6816043257713318, 0.6907909512519836, 0.6560609340667725, 0.6029576659202576, 0.5825677514076233, 0.5966838598251343, 0.6397042274475098, 0.6901187300682068, 0.7223840355873108, 0.7127492427825928, 0.6838449239730835, 0.6520277857780457], "p_rule": [0.2193603515625, 0.2286376953125, 0.56640625, 0.4169921875, 0.289794921875, 0.37548828125, 0.68212890625, 0.82177734375, 0.485107421875, 0.356689453125, 0.31640625, 0.335693359375, 0.40478515625, 0.560546875, 0.8701171875, 0.77734375, 0.57861328125, 0.47021484375], "adversary_prediction": [0.0038443647790700197, 0.01234281063079834, 0.3268387019634247, 0.3685203492641449, 0.3655904233455658, 0.3873350918292999, 0.3902716338634491, 0.35110190510749817, 0.24805521965026855, 0.203036367893219, 0.194219172000885, 0.19976404309272766, 0.23183053731918335, 0.26695147156715393, 0.31161120533943176, 0.33559778332710266, 0.354393869638443, 0.3670378625392914]}