{"accuracy": [0.4980752170085907, 0.5250222086906433, 0.6979567408561707, 0.6123778223991394, 0.6174119114875793, 0.6923304796218872, 0.7533313632011414, 0.6656795740127563, 0.579804539680481, 0.5833579897880554, 0.6677524447441101, 0.7731714248657227, 0.7826473116874695, 0.703879177570343, 0.655019223690033, 0.6496890783309937, 0.686704158782959, 0.7405981421470642], "val_accuracy": [0.5407828092575073, 0.6871825456619263, 0.6017329096794128, 0.606812059879303, 0.6752315759658813, 0.7385718822479248, 0.6677621603012085, 0.596952497959137, 0.6011353731155396, 0.661487877368927, 0.7624738812446594, 0.7651628255844116, 0.6809082627296448, 0.6298177242279053, 0.6277263164520264, 0.6629817485809326, 0.7233343124389648, 0.7741261124610901], "p_rule": [0.21826171875, 0.72265625, 0.34765625, 0.346435546875, 0.50537109375, 0.990234375, 0.4970703125, 0.30078125, 0.307861328125, 0.489013671875, 0.955078125, 0.62646484375, 0.428955078125, 0.3583984375, 0.355224609375, 0.40283203125, 0.496337890625, 0.66162109375], "adversary_prediction": [0.3452402651309967, 0.5887539982795715, 0.37499377131462097, 0.39894261956214905, 0.5026444792747498, 0.5509417653083801, 0.4917019307613373, 0.4552600681781769, 0.4577930271625519, 0.4824865162372589, 0.47276362776756287, 0.4396800100803375, 0.3869098126888275, 0.36312970519065857, 0.3625699579715729, 0.38248053193092346, 0.4242936074733734, 0.46141865849494934]}