{"accuracy": [0.5521990060806274, 0.5219902396202087, 0.692136824131012, 0.6175033450126648, 0.7258995771408081, 0.7476677298545837, 0.6463794112205505, 0.6414926648139954, 0.7356730103492737, 0.814304769039154, 0.7401155233383179, 0.6756997108459473, 0.6934695839881897, 0.760995090007782, 0.8165259957313538, 0.8236339688301086, 0.7849844694137573, 0.7614393830299377], "val_accuracy": [0.5360824465751648, 0.6723442673683167, 0.5992828607559204, 0.6987897753715515, 0.738682210445404, 0.6557597517967224, 0.6539668440818787, 0.7373375296592712, 0.7960555553436279, 0.7270282506942749, 0.6665172576904297, 0.6799641251564026, 0.7489914894104004, 0.8032272458076477, 0.8000896573066711, 0.7687135934829712, 0.7512326240539551, 0.752129077911377], "p_rule": [0.2147216796875, 0.5927734375, 0.362060546875, 0.56982421875, 0.8291015625, 0.44677734375, 0.447509765625, 0.73046875, 0.7158203125, 0.5009765625, 0.4140625, 0.426513671875, 0.517578125, 0.673828125, 0.90283203125, 0.8359375, 0.71728515625, 0.7421875], "adversary_prediction": [0.3482694923877716, 0.4397113621234894, 0.2134953737258911, 0.3702034652233124, 0.5591676831245422, 0.5459683537483215, 0.5486744046211243, 0.5219306349754333, 0.45904120802879333, 0.36049315333366394, 0.3252652585506439, 0.3425852954387665, 0.4120873510837555, 0.48333248496055603, 0.5312737822532654, 0.5473383069038391, 0.5580111145973206, 0.5699226260185242]}