{"accuracy": [0.5265378355979919, 0.47723740339279175, 0.5551854372024536, 0.7133022546768188, 0.6206973195075989, 0.6118143200874329, 0.6877636909484863, 0.7375083565711975, 0.7181878685951233, 0.6633355617523193, 0.6189207434654236, 0.6098156571388245, 0.6269153952598572, 0.6846546530723572, 0.7521651983261108, 0.7659338116645813, 0.7248501181602478, 0.6617810130119324], "val_accuracy": [0.47344836592674255, 0.5411158204078674, 0.6878781318664551, 0.6231234669685364, 0.6206587553024292, 0.6775711178779602, 0.7163342833518982, 0.6963925361633301, 0.6470983624458313, 0.6096795797348022, 0.5998207330703735, 0.618194043636322, 0.668608546257019, 0.727985680103302, 0.7528568506240845, 0.7196952700614929, 0.6643513441085815, 0.6419448852539062], "p_rule": [0.2193603515625, 0.285888671875, 0.99609375, 0.4052734375, 0.37548828125, 0.57275390625, 0.97998046875, 0.6064453125, 0.4228515625, 0.348876953125, 0.33203125, 0.353271484375, 0.43408203125, 0.58349609375, 0.88037109375, 0.7333984375, 0.5283203125, 0.45703125], "adversary_prediction": [0.004244695417582989, 0.1318945288658142, 0.4878213703632355, 0.40742596983909607, 0.3872164785861969, 0.46800628304481506, 0.5029019713401794, 0.44298478960990906, 0.349637895822525, 0.2843553125858307, 0.26329460740089417, 0.28199514746665955, 0.32253143191337585, 0.3644239008426666, 0.4107966721057892, 0.42766550183296204, 0.44341912865638733, 0.44332095980644226]}