{"accuracy": [0.43126803636550903, 0.5651787519454956, 0.6753275394439697, 0.6173661947250366, 0.6262491941452026, 0.6857650279998779, 0.7361758947372437, 0.7099711298942566, 0.638241171836853, 0.6104819178581238, 0.6637796759605408, 0.7663779854774475, 0.7954697012901306, 0.7137463688850403, 0.6446813344955444, 0.6278036832809448, 0.6682211756706238, 0.7335109710693359], "val_accuracy": [0.5662110447883606, 0.6464261412620544, 0.5993726253509521, 0.6139368414878845, 0.6645753979682922, 0.7102845907211304, 0.7019941806793213, 0.6309657096862793, 0.6103518009185791, 0.6565091013908386, 0.7548733949661255, 0.7727985382080078, 0.6975128650665283, 0.6349988579750061, 0.6215550303459167, 0.651803731918335, 0.7273134589195251, 0.7896034121513367], "p_rule": [0.277099609375, 0.6826171875, 0.41748046875, 0.430908203125, 0.58544921875, 0.94384765625, 0.62890625, 0.4052734375, 0.354248046875, 0.462890625, 0.8583984375, 0.677734375, 0.461181640625, 0.371337890625, 0.3505859375, 0.396240234375, 0.481201171875, 0.6279296875], "adversary_prediction": [0.35297104716300964, 0.5152767300605774, 0.3726626932621002, 0.37953123450279236, 0.47584518790245056, 0.5265043377876282, 0.48335692286491394, 0.4630788266658783, 0.4513879120349884, 0.44090405106544495, 0.42431291937828064, 0.36119434237480164, 0.29925915598869324, 0.2508757412433624, 0.25155240297317505, 0.2605777084827423, 0.30620935559272766, 0.349366158246994]}