{"accuracy": [0.504071056842804, 0.5173945426940918, 0.5173945426940918, 0.5173945426940918, 0.5173945426940918, 0.5173945426940918, 0.5173945426940918, 0.5173945426940918, 0.586602509021759, 0.6032568216323853, 0.5055514574050903, 0.4833456575870514, 0.482975572347641, 0.482975572347641, 0.482975572347641, 0.4833456575870514, 0.4914878010749817, 0.5266469120979309], "val_accuracy": [0.5324869155883789, 0.5324869155883789, 0.5324869155883789, 0.5324869155883789, 0.5324869155883789, 0.5324869155883789, 0.5324869155883789, 0.5941000580787659, 0.593353271484375, 0.4843166470527649, 0.4705003798007965, 0.46788647770881653, 0.46788647770881653, 0.46788647770881653, 0.46975353360176086, 0.47684839367866516, 0.5115758180618286, 0.6064227223396301], "p_rule": [0.20849609375, 0.20849609375, 0.20849609375, 0.20849609375, 0.20849609375, 0.20849609375, 0.20849609375, 0.322021484375, 0.43896484375, 0.220458984375, 0.2088623046875, 0.2083740234375, 0.2083740234375, 0.2083740234375, 0.2088623046875, 0.2122802734375, 0.24365234375, 0.459716796875], "adversary_prediction": [0.34505316615104675, 0.34505316615104675, 0.3450532853603363, 0.3450561463832855, 0.34520599246025085, 0.3467082679271698, 0.35366174578666687, 0.3483714759349823, 0.27467605471611023, 0.17328748106956482, 0.12287302315235138, 0.10193580389022827, 0.10074082016944885, 0.11287058889865875, 0.13793203234672546, 0.1808362603187561, 0.22002804279327393, 0.26022234559059143]}