{"accuracy": [0.5687204003334045, 0.4733412265777588, 0.4905213415622711, 0.6415876746177673, 0.6374407410621643, 0.5870853066444397, 0.5924170613288879, 0.6919431090354919, 0.7310426831245422, 0.6872037649154663, 0.6315165758132935, 0.6137440800666809, 0.6137440800666809, 0.6386256217956543, 0.6907582879066467, 0.7239336371421814, 0.7470378875732422, 0.7073459625244141], "val_accuracy": [0.45666468143463135, 0.4680215120315552, 0.6413628458976746, 0.6569037437438965, 0.5983263850212097, 0.6138672828674316, 0.6802151799201965, 0.7208607196807861, 0.6718469858169556, 0.6204423308372498, 0.5833831429481506, 0.5845785737037659, 0.614465057849884, 0.6718469858169556, 0.723849356174469, 0.7226539254188538, 0.6957561373710632, 0.6796174645423889], "p_rule": [0.23583984375, 0.2486572265625, 0.5703125, 0.57470703125, 0.361328125, 0.386962890625, 0.60009765625, 0.9140625, 0.564453125, 0.4267578125, 0.3515625, 0.366943359375, 0.425537109375, 0.55859375, 0.76416015625, 0.91845703125, 0.67333984375, 0.56591796875], "adversary_prediction": [0.003843361744657159, 0.02451438084244728, 0.3453742563724518, 0.46474799513816833, 0.4277350604534149, 0.43165597319602966, 0.46259400248527527, 0.45009109377861023, 0.3763881027698517, 0.3153442442417145, 0.28127530217170715, 0.28847506642341614, 0.30847594141960144, 0.3525051772594452, 0.38450750708580017, 0.4060153067111969, 0.42196962237358093, 0.4366700351238251]}