{"accuracy": [0.5159952640533447, 0.5266587734222412, 0.5266587734222412, 0.5266587734222412, 0.5266587734222412, 0.5266587734222412, 0.5266587734222412, 0.6481042504310608, 0.6380331516265869, 0.5444312691688538, 0.5100710988044739, 0.5011848211288452, 0.4982227385044098, 0.5094786882400513, 0.5432464480400085, 0.5900474190711975, 0.6664692163467407, 0.7132701277732849], "val_accuracy": [0.5433353185653687, 0.5433353185653687, 0.5433353185653687, 0.5433353185653687, 0.5433353185653687, 0.5433353185653687, 0.662881076335907, 0.6252241730690002, 0.5200238823890686, 0.4841601848602295, 0.4734010696411133, 0.4739988148212433, 0.48296472430229187, 0.5182307362556458, 0.5540944337844849, 0.6443514823913574, 0.6939629316329956, 0.6575015187263489], "p_rule": [0.2357177734375, 0.2357177734375, 0.2357177734375, 0.2357177734375, 0.2357177734375, 0.2357177734375, 0.50830078125, 0.53271484375, 0.298583984375, 0.262451171875, 0.251220703125, 0.250244140625, 0.264404296875, 0.293701171875, 0.355712890625, 0.57470703125, 0.9375, 0.466796875], "adversary_prediction": [0.34505316615104675, 0.34505316615104675, 0.34505829215049744, 0.3453873097896576, 0.3499259054660797, 0.37708279490470886, 0.4107416570186615, 0.3393274247646332, 0.24279507994651794, 0.18415823578834534, 0.16593164205551147, 0.17408031225204468, 0.20337453484535217, 0.2374962568283081, 0.2807601988315582, 0.31566092371940613, 0.34074893593788147, 0.35917946696281433]}