{"accuracy": [0.5238341689109802, 0.4777202010154724, 0.498445600271225, 0.6005181074142456, 0.7005181312561035, 0.6668393611907959, 0.6010362505912781, 0.5953367948532104, 0.6502590775489807, 0.713471531867981, 0.727979302406311, 0.689637303352356, 0.6310880780220032, 0.593782365322113, 0.583419680595398, 0.6155440211296082, 0.6746113896369934, 0.7409326434135437], "val_accuracy": [0.45606693625450134, 0.46652719378471375, 0.5857740640640259, 0.6689330339431763, 0.6694560647010803, 0.6145397424697876, 0.6082636117935181, 0.6521966457366943, 0.6997907757759094, 0.7076359987258911, 0.6626569032669067, 0.60721755027771, 0.5632845163345337, 0.5596234202384949, 0.5951882600784302, 0.651150643825531, 0.7254183888435364, 0.7484309673309326], "p_rule": [0.21923828125, 0.22998046875, 0.40380859375, 0.90869140625, 0.55908203125, 0.364013671875, 0.337646484375, 0.4609375, 0.73388671875, 0.86669921875, 0.50439453125, 0.36376953125, 0.3193359375, 0.31103515625, 0.330078125, 0.426513671875, 0.59765625, 0.90869140625], "adversary_prediction": [0.003845242550596595, 0.010375331155955791, 0.28218111395835876, 0.463324636220932, 0.40619656443595886, 0.39671507477760315, 0.4070456326007843, 0.4210914671421051, 0.4327394664287567, 0.3957437574863434, 0.3325311839580536, 0.26776251196861267, 0.2406500279903412, 0.23446917533874512, 0.2619299590587616, 0.30102524161338806, 0.3362211287021637, 0.37662288546562195]}