{"accuracy": [0.5065165758132935, 0.4733412265777588, 0.4733412265777588, 0.4733412265777588, 0.5077013969421387, 0.6872037649154663, 0.6084123253822327, 0.5296208262443542, 0.528436005115509, 0.5355450510978699, 0.6013033390045166, 0.7085307836532593, 0.7381516695022583, 0.6949052214622498, 0.6386256217956543, 0.6101895570755005, 0.5941942930221558, 0.603672981262207], "val_accuracy": [0.45666468143463135, 0.45666468143463135, 0.45666468143463135, 0.480573832988739, 0.6742379069328308, 0.6180514097213745, 0.5451285243034363, 0.5433353185653687, 0.5493125915527344, 0.6078900098800659, 0.7023311257362366, 0.7202630043029785, 0.6664674282073975, 0.6210400462150574, 0.5774058699607849, 0.5714285969734192, 0.5762103796005249, 0.6126718521118164], "p_rule": [0.23583984375, 0.23583984375, 0.23583984375, 0.251220703125, 0.57177734375, 0.3837890625, 0.2413330078125, 0.23681640625, 0.24658203125, 0.361328125, 0.6796875, 0.86328125, 0.5234375, 0.38818359375, 0.33984375, 0.3271484375, 0.338623046875, 0.3681640625], "adversary_prediction": [0.0038433298468589783, 0.0038529029116034508, 0.006507061421871185, 0.07391083240509033, 0.405549556016922, 0.4540537893772125, 0.4113140404224396, 0.40502724051475525, 0.42752334475517273, 0.4432428777217865, 0.4474726617336273, 0.413531631231308, 0.36443856358528137, 0.3240263760089874, 0.30337753891944885, 0.2902309000492096, 0.298107773065567, 0.3235655128955841]}