{"accuracy": [0.4927825927734375, 0.5227625966072083, 0.5227625966072083, 0.5227625966072083, 0.5227625966072083, 0.5227625966072083, 0.5318676233291626, 0.693093478679657, 0.597601592540741, 0.5367532968521118, 0.5089939832687378, 0.5016655325889587, 0.5054408311843872, 0.5212081074714661, 0.5591827630996704, 0.6218076944351196, 0.6895403265953064, 0.7070841789245605], "val_accuracy": [0.5267757177352905, 0.5267757177352905, 0.5267757177352905, 0.5267757177352905, 0.5267757177352905, 0.5350661277770996, 0.6708492040634155, 0.5877212882041931, 0.5312569737434387, 0.5066099166870117, 0.5012323260307312, 0.5016804933547974, 0.5151243805885315, 0.5527672171592712, 0.6049742102622986, 0.6652476191520691, 0.6883262395858765, 0.6502352952957153], "p_rule": [0.2193603515625, 0.2193603515625, 0.2193603515625, 0.2193603515625, 0.2193603515625, 0.2327880859375, 0.96142578125, 0.419921875, 0.279296875, 0.2474365234375, 0.2371826171875, 0.2413330078125, 0.2578125, 0.306884765625, 0.43994140625, 0.73193359375, 0.83984375, 0.486572265625], "adversary_prediction": [0.34505316615104675, 0.34505316615104675, 0.3450600802898407, 0.3454280197620392, 0.35032299160957336, 0.3748011291027069, 0.4036145508289337, 0.3413616120815277, 0.2479420006275177, 0.19668442010879517, 0.18334800004959106, 0.19849205017089844, 0.2232637107372284, 0.26558980345726013, 0.3047780692577362, 0.33046475052833557, 0.3490124046802521, 0.35935863852500916]}