{"accuracy": [0.49666914343833923, 0.6262028217315674, 0.5284973978996277, 0.621761679649353, 0.7572168707847595, 0.6717246770858765, 0.6180607080459595, 0.6376758217811584, 0.7172464728355408, 0.78867506980896, 0.7224278450012207, 0.6128793358802795, 0.5880829095840454, 0.621761679649353, 0.733900785446167, 0.8105107545852661, 0.804219126701355, 0.7479644417762756], "val_accuracy": [0.6165048480033875, 0.5429425239562988, 0.6344286799430847, 0.7408514022827148, 0.6620612144470215, 0.6086632013320923, 0.6250933408737183, 0.7165795564651489, 0.7740851640701294, 0.7169529795646667, 0.6150112152099609, 0.596340537071228, 0.6318147778511047, 0.7233009934425354, 0.7897684574127197, 0.7841672897338867, 0.7464525699615479, 0.7098581194877625], "p_rule": [0.389404296875, 0.2210693359375, 0.389404296875, 0.8369140625, 0.414794921875, 0.3388671875, 0.3583984375, 0.490478515625, 0.80126953125, 0.650390625, 0.364501953125, 0.31396484375, 0.402099609375, 0.708984375, 0.8603515625, 0.63671875, 0.51220703125, 0.458984375], "adversary_prediction": [0.40705356001853943, 0.34675082564353943, 0.390503853559494, 0.6815906167030334, 0.5675240159034729, 0.42174986004829407, 0.41448894143104553, 0.5101478695869446, 0.5976913571357727, 0.5697793364524841, 0.5316609740257263, 0.5167247653007507, 0.5298563838005066, 0.5602180361747742, 0.5242597460746765, 0.5020347237586975, 0.443521112203598, 0.4192478358745575]}