{"accuracy": [0.4837157726287842, 0.48741671442985535, 0.695780873298645, 0.5444115400314331, 0.5995559096336365, 0.7453737854957581, 0.6865285038948059, 0.6058475375175476, 0.5825314521789551, 0.5991857647895813, 0.6806069612503052, 0.7757216691970825, 0.7542561292648315, 0.6613619327545166, 0.6058475375175476, 0.6095485091209412, 0.6532198190689087, 0.736121416091919], "val_accuracy": [0.47274085879325867, 0.7124720215797424, 0.5608662962913513, 0.6157580018043518, 0.7277819514274597, 0.6792382597923279, 0.6086632013320923, 0.5780433416366577, 0.5997012853622437, 0.6669155955314636, 0.7602688670158386, 0.7501866817474365, 0.6635549068450928, 0.6157580018043518, 0.6165048480033875, 0.6587005257606506, 0.7326362729072571, 0.7669903039932251], "p_rule": [0.213134765625, 0.80419921875, 0.256103515625, 0.344970703125, 0.8974609375, 0.491943359375, 0.335693359375, 0.29443359375, 0.311767578125, 0.415283203125, 0.70068359375, 0.8173828125, 0.467529296875, 0.359130859375, 0.361083984375, 0.45556640625, 0.68408203125, 0.97802734375], "adversary_prediction": [0.008481512777507305, 0.4859974682331085, 0.3475700318813324, 0.3684402406215668, 0.49188485741615295, 0.47306594252586365, 0.3513511121273041, 0.31728705763816833, 0.3243686258792877, 0.3749605715274811, 0.42268165946006775, 0.44271066784858704, 0.4452260434627533, 0.4395129978656769, 0.4450515806674957, 0.4433961808681488, 0.4393485486507416, 0.44397035241127014]}