{"accuracy": [0.4295336902141571, 0.5367875695228577, 0.6849740743637085, 0.6424870491027832, 0.695854902267456, 0.7352331876754761, 0.6948186755180359, 0.6341968774795532, 0.6481865048408508, 0.7310881018638611, 0.8036269545555115, 0.7015544176101685, 0.6150258779525757, 0.6284974217414856, 0.7119171023368835, 0.804145097732544, 0.807253897190094, 0.7642487287521362], "val_accuracy": [0.5099372267723083, 0.6773012280464172, 0.6443514823913574, 0.6914225816726685, 0.7097280621528625, 0.6621338725090027, 0.6098326444625854, 0.6098326444625854, 0.7055439352989197, 0.7913179993629456, 0.6903765797615051, 0.616631805896759, 0.6286610960960388, 0.7029288411140442, 0.7939330339431763, 0.8023012280464172, 0.741108775138855, 0.7112970948219299], "p_rule": [0.272216796875, 0.78515625, 0.47314453125, 0.64111328125, 0.87353515625, 0.5078125, 0.386474609375, 0.389404296875, 0.51025390625, 0.83837890625, 0.5859375, 0.385498046875, 0.40576171875, 0.63037109375, 0.89794921875, 0.63037109375, 0.5244140625, 0.490478515625], "adversary_prediction": [0.04845558851957321, 0.5145749449729919, 0.4141593873500824, 0.5407605767250061, 0.6051115393638611, 0.46922919154167175, 0.346265584230423, 0.3690433204174042, 0.4335035979747772, 0.4938925802707672, 0.5046245455741882, 0.49113622307777405, 0.4932717978954315, 0.5034262537956238, 0.4932496249675751, 0.48609980940818787, 0.47140219807624817, 0.4621637165546417]}