{"accuracy": [0.4882274568080902, 0.5219902396202087, 0.5219902396202087, 0.5219902396202087, 0.5219902396202087, 0.5219902396202087, 0.5219902396202087, 0.5219902396202087, 0.5521990060806274, 0.6565970778465271, 0.5459795594215393, 0.505997359752655, 0.49000445008277893, 0.48511773347854614, 0.4842292368412018, 0.4860062301158905, 0.4948911666870117, 0.5135495066642761], "val_accuracy": [0.5360824465751648, 0.5360824465751648, 0.5360824465751648, 0.5360824465751648, 0.5360824465751648, 0.5360824465751648, 0.5360824465751648, 0.571044385433197, 0.6378305554389954, 0.5311519503593445, 0.49260422587394714, 0.47422680258750916, 0.47198566794395447, 0.47198566794395447, 0.47198566794395447, 0.47781264781951904, 0.4993276596069336, 0.5302554965019226], "p_rule": [0.2147216796875, 0.2147216796875, 0.2147216796875, 0.2147216796875, 0.2147216796875, 0.2147216796875, 0.2147216796875, 0.267578125, 0.74072265625, 0.3125, 0.239501953125, 0.2208251953125, 0.216796875, 0.2154541015625, 0.2154541015625, 0.22607421875, 0.2476806640625, 0.302734375], "adversary_prediction": [0.34505316615104675, 0.34505316615104675, 0.34505316615104675, 0.3450780212879181, 0.3454490005970001, 0.34737613797187805, 0.35423049330711365, 0.3688295781612396, 0.336311012506485, 0.26340797543525696, 0.19484350085258484, 0.15759950876235962, 0.1397123634815216, 0.14667540788650513, 0.15906354784965515, 0.1848869025707245, 0.22121158242225647, 0.2507384419441223]}