{"accuracy": [0.5123612284660339, 0.47061437368392944, 0.47061437368392944, 0.47061437368392944, 0.47061437368392944, 0.4709104299545288, 0.5379718542098999, 0.68852698802948, 0.5481865406036377, 0.5295336842536926, 0.5292376279830933, 0.5293856263160706, 0.5296817421913147, 0.5444855690002441, 0.6543301343917847, 0.7120651602745056, 0.682457447052002, 0.6358253359794617], "val_accuracy": [0.46766242384910583, 0.46766242384910583, 0.46766242384910583, 0.46766242384910583, 0.46781179308891296, 0.5386108756065369, 0.676773726940155, 0.5486183762550354, 0.532636284828186, 0.5323375463485718, 0.5323375463485718, 0.532636284828186, 0.5487677454948425, 0.6469006538391113, 0.6988797783851624, 0.6716952919960022, 0.6271844506263733, 0.5923823714256287], "p_rule": [0.25, 0.25, 0.25, 0.25, 0.251220703125, 0.3291015625, 0.93017578125, 0.283935546875, 0.250732421875, 0.250244140625, 0.25, 0.250732421875, 0.275390625, 0.49609375, 0.92431640625, 0.6865234375, 0.490234375, 0.4169921875], "adversary_prediction": [0.00384332868270576, 0.003843397367745638, 0.0039056455716490746, 0.007951400242745876, 0.02880847454071045, 0.1443018615245819, 0.32198068499565125, 0.37574902176856995, 0.3652353584766388, 0.3659188449382782, 0.37312552332878113, 0.36965957283973694, 0.3718457520008087, 0.3523921072483063, 0.32527467608451843, 0.2942356765270233, 0.26383844017982483, 0.2434462308883667]}