{"accuracy": [0.5198756456375122, 0.5920497179031372, 0.6224738955497742, 0.6628913879394531, 0.7377303838729858, 0.7155230045318604, 0.6644459366798401, 0.6613368988037109, 0.7230734825134277, 0.8041305541992188, 0.7463912963867188, 0.6573395729064941, 0.635354220867157, 0.6924272775650024, 0.7819231748580933, 0.826337993144989, 0.7923606634140015, 0.7479457855224609], "val_accuracy": [0.5792068243026733, 0.6237956285476685, 0.6565091013908386, 0.7232803106307983, 0.6972888112068176, 0.6462020874023438, 0.6428411602973938, 0.7098364233970642, 0.7813130021095276, 0.7322428822517395, 0.6477705836296082, 0.6320860385894775, 0.684069037437439, 0.7680932283401489, 0.8061841726303101, 0.7757114171981812, 0.7356038689613342, 0.7239524722099304], "p_rule": [0.333984375, 0.401611328125, 0.476806640625, 0.95068359375, 0.5703125, 0.40283203125, 0.391845703125, 0.4814453125, 0.748046875, 0.76416015625, 0.465576171875, 0.4228515625, 0.568359375, 0.92578125, 0.73095703125, 0.56884765625, 0.49267578125, 0.4775390625], "adversary_prediction": [0.2208135724067688, 0.36556413769721985, 0.4376281201839447, 0.6308489441871643, 0.509115993976593, 0.37108734250068665, 0.3233492076396942, 0.4029734432697296, 0.47089454531669617, 0.5136076807975769, 0.5031048655509949, 0.4858672320842743, 0.47960594296455383, 0.4696941673755646, 0.4253822863101959, 0.384578138589859, 0.3561742603778839, 0.35012736916542053]}