{"accuracy": [0.5221317410469055, 0.47061437368392944, 0.47061437368392944, 0.47061437368392944, 0.4723908305168152, 0.5088083148002625, 0.640118420124054, 0.650481104850769, 0.5489267110824585, 0.5311620831489563, 0.5307179689407349, 0.5336787700653076, 0.5717246532440186, 0.6596595048904419, 0.7117690443992615, 0.6889711618423462, 0.6435233354568481, 0.6087342500686646], "val_accuracy": [0.46766242384910583, 0.46766242384910583, 0.46766242384910583, 0.4690067172050476, 0.5039581656455994, 0.6249439716339111, 0.6398804783821106, 0.5471247434616089, 0.5348767638206482, 0.5339806079864502, 0.5371172428131104, 0.5684839487075806, 0.6573562622070312, 0.7039581537246704, 0.6803584694862366, 0.636295735836029, 0.607169508934021, 0.5873039364814758], "p_rule": [0.25, 0.25, 0.25, 0.25244140625, 0.271728515625, 0.5439453125, 0.5751953125, 0.283203125, 0.255126953125, 0.252197265625, 0.260498046875, 0.3173828125, 0.54052734375, 0.94970703125, 0.71484375, 0.499267578125, 0.405029296875, 0.37109375], "adversary_prediction": [0.003843332175165415, 0.003844933118671179, 0.0052644358947873116, 0.017949948087334633, 0.09880828857421875, 0.27372488379478455, 0.37036874890327454, 0.39319315552711487, 0.38335463404655457, 0.38220563530921936, 0.39363905787467957, 0.3884865939617157, 0.3848758637905121, 0.35932955145835876, 0.32168206572532654, 0.30307647585868835, 0.27239570021629333, 0.2624744474887848]}