{"accuracy": [0.5003700852394104, 0.5293856263160706, 0.6544781923294067, 0.6322723627090454, 0.5843079090118408, 0.614507794380188, 0.7042191028594971, 0.7313101291656494, 0.597779393196106, 0.5535159111022949, 0.5683197379112244, 0.6636565327644348, 0.7711324691772461, 0.7684677839279175, 0.6867505311965942, 0.6370096206665039, 0.6349371075630188, 0.673130989074707], "val_accuracy": [0.5323375463485718, 0.6531739830970764, 0.6201642751693726, 0.5810306072235107, 0.6043316125869751, 0.6936519742012024, 0.7215832471847534, 0.6046302914619446, 0.5565347075462341, 0.5775952339172363, 0.6630321145057678, 0.7659447193145752, 0.7580283880233765, 0.6800597310066223, 0.6286781430244446, 0.626885712146759, 0.6646751165390015, 0.7342793345451355], "p_rule": [0.25, 0.5283203125, 0.513671875, 0.387939453125, 0.42626953125, 0.634765625, 0.71435546875, 0.35693359375, 0.286376953125, 0.31689453125, 0.487060546875, 0.939453125, 0.62451171875, 0.456298828125, 0.3896484375, 0.38623046875, 0.429931640625, 0.51904296875], "adversary_prediction": [0.34505322575569153, 0.4388919770717621, 0.4318678081035614, 0.29095444083213806, 0.3567069470882416, 0.4850967228412628, 0.49567559361457825, 0.43885567784309387, 0.4366038739681244, 0.4284243881702423, 0.44731244444847107, 0.45121219754219055, 0.41171810030937195, 0.36804667115211487, 0.3451935946941376, 0.34001585841178894, 0.36562594771385193, 0.41151419281959534]}