{"accuracy": [0.458139032125473, 0.6753275394439697, 0.6142571568489075, 0.6475682854652405, 0.7463912963867188, 0.6591161489486694, 0.6018210053443909, 0.7161892056465149, 0.8041305541992188, 0.6777703762054443, 0.6024872064590454, 0.652675986289978, 0.7590495347976685, 0.8247835040092468, 0.7899178266525269, 0.7324005961418152, 0.7137463688850403, 0.7441705465316772], "val_accuracy": [0.6701769828796387, 0.6038538813591003, 0.636343240737915, 0.7187989950180054, 0.6589738130569458, 0.6018373370170593, 0.7019941806793213, 0.7842258810997009, 0.6721935868263245, 0.6016132831573486, 0.6419448852539062, 0.7497199177742004, 0.8037194609642029, 0.7721263766288757, 0.7221599817276001, 0.707371711730957, 0.7266412973403931, 0.768765389919281], "p_rule": [0.62255859375, 0.397705078125, 0.44970703125, 0.87939453125, 0.47021484375, 0.349609375, 0.62548828125, 0.70458984375, 0.416259765625, 0.343505859375, 0.38720703125, 0.51513671875, 0.748046875, 0.90869140625, 0.658203125, 0.6064453125, 0.67138671875, 0.8583984375], "adversary_prediction": [0.5037423968315125, 0.3012674152851105, 0.4248303472995758, 0.6086164116859436, 0.5628666281700134, 0.5043327212333679, 0.5436440110206604, 0.47747960686683655, 0.3508606255054474, 0.3088681995868683, 0.33695706725120544, 0.39932695031166077, 0.4687028229236603, 0.4753914773464203, 0.49493882060050964, 0.4865818917751312, 0.5046297907829285, 0.5272241234779358]}