{"accuracy": [0.5096239447593689, 0.48149245977401733, 0.5457506775856018, 0.69647616147995, 0.5907610058784485, 0.5649985074996948, 0.6499851942062378, 0.735564112663269, 0.6926265954971313, 0.6200770139694214, 0.582469642162323, 0.5694403052330017, 0.6011252403259277, 0.6570920944213867, 0.7420787811279297, 0.762511134147644, 0.7142434120178223, 0.645839512348175], "val_accuracy": [0.46668657660484314, 0.5321183204650879, 0.6776217222213745, 0.5975500345230103, 0.5811173915863037, 0.6513295769691467, 0.7083956003189087, 0.6719450354576111, 0.6020316481590271, 0.5602031946182251, 0.5548252463340759, 0.5826113224029541, 0.641768753528595, 0.7194502353668213, 0.7526142597198486, 0.7045115232467651, 0.65192711353302, 0.6259336471557617], "p_rule": [0.2078857421875, 0.26171875, 0.96044921875, 0.33203125, 0.285400390625, 0.478515625, 0.99609375, 0.5185546875, 0.335693359375, 0.291259765625, 0.28076171875, 0.317138671875, 0.382080078125, 0.56103515625, 0.9306640625, 0.66552734375, 0.445556640625, 0.372314453125], "adversary_prediction": [0.003927546087652445, 0.12563128769397736, 0.48036518692970276, 0.40069642663002014, 0.38718655705451965, 0.43961670994758606, 0.42027416825294495, 0.33925506472587585, 0.2378561794757843, 0.2044999599456787, 0.19922354817390442, 0.2201722264289856, 0.2755860984325409, 0.318874329328537, 0.36189505457878113, 0.38755080103874207, 0.40048882365226746, 0.4056835472583771]}