{"accuracy": [0.4739336371421814, 0.5266587734222412, 0.6593601703643799, 0.6635071039199829, 0.6137440800666809, 0.6404028534889221, 0.7227488160133362, 0.7405213117599487, 0.6255924105644226, 0.5734597444534302, 0.6214454770088196, 0.7280805706977844, 0.7896919250488281, 0.7523696422576904, 0.6883886456489563, 0.6635071039199829, 0.6848341226577759, 0.7523696422576904], "val_accuracy": [0.5433353185653687, 0.6646742224693298, 0.6377764344215393, 0.5965331792831421, 0.621637761592865, 0.7035266160964966, 0.7405857443809509, 0.6138672828674316, 0.5809922218322754, 0.6156604886054993, 0.7208607196807861, 0.7854154109954834, 0.7190675139427185, 0.6503287553787231, 0.6323968768119812, 0.6563060283660889, 0.7196652889251709, 0.7752540111541748], "p_rule": [0.2357177734375, 0.51171875, 0.4873046875, 0.372314453125, 0.403076171875, 0.623046875, 0.818359375, 0.404541015625, 0.32373046875, 0.407958984375, 0.7236328125, 0.7861328125, 0.54150390625, 0.425537109375, 0.3974609375, 0.424560546875, 0.509765625, 0.650390625], "adversary_prediction": [0.34505483508110046, 0.4547978937625885, 0.4923690855503082, 0.3412187397480011, 0.40571799874305725, 0.550630509853363, 0.6145616173744202, 0.55414217710495, 0.5251241326332092, 0.5548751950263977, 0.5819218754768372, 0.5601369738578796, 0.4981723725795746, 0.4561006724834442, 0.43837425112724304, 0.4627631604671478, 0.5019444823265076, 0.5544498562812805]}