{"accuracy": [0.49622389674186707, 0.5775210857391357, 0.6690359711647034, 0.6463794112205505, 0.732119083404541, 0.7041314840316772, 0.6339404582977295, 0.6392714381217957, 0.718791663646698, 0.7774322628974915, 0.6490448713302612, 0.5877388119697571, 0.6286094784736633, 0.7565526366233826, 0.8138605356216431, 0.7716570496559143, 0.7214571237564087, 0.7174589037895203], "val_accuracy": [0.5674585103988647, 0.6701030731201172, 0.6647243499755859, 0.7108919620513916, 0.6880322694778442, 0.620797872543335, 0.609143853187561, 0.6996862292289734, 0.7413715720176697, 0.6387270092964172, 0.5956969857215881, 0.6266248226165771, 0.7288211584091187, 0.7866427898406982, 0.7548184394836426, 0.7176154255867004, 0.7104437351226807, 0.738682210445404], "p_rule": [0.3359375, 0.5556640625, 0.49462890625, 0.83447265625, 0.60693359375, 0.37841796875, 0.3544921875, 0.52197265625, 0.955078125, 0.4599609375, 0.34228515625, 0.421142578125, 0.74365234375, 0.791015625, 0.568359375, 0.4521484375, 0.440185546875, 0.49951171875], "adversary_prediction": [0.25866732001304626, 0.4148602783679962, 0.40505942702293396, 0.5344241261482239, 0.48409101366996765, 0.32674750685691833, 0.3053925335407257, 0.3916853964328766, 0.4151206910610199, 0.44276121258735657, 0.4352904260158539, 0.43627479672431946, 0.4397614300251007, 0.4048185646533966, 0.393931120634079, 0.3638767898082733, 0.3634321391582489, 0.4013201892375946]}