{"accuracy": [0.45077720284461975, 0.495854914188385, 0.6808289885520935, 0.6284974217414856, 0.6165803074836731, 0.7103626728057861, 0.7253885865211487, 0.6575129628181458, 0.6036269664764404, 0.594818651676178, 0.6497409343719482, 0.7388601303100586, 0.7704663276672363, 0.6694300770759583, 0.5860103368759155, 0.5787564516067505, 0.6331606507301331, 0.7253885865211487], "val_accuracy": [0.4722803235054016, 0.6558577418327332, 0.6359832882881165, 0.6276150345802307, 0.6992678046226501, 0.7013598084449768, 0.6239539980888367, 0.5706067085266113, 0.5669456124305725, 0.6087865829467773, 0.7207112908363342, 0.7688284516334534, 0.6678870320320129, 0.5894351601600647, 0.5847280621528625, 0.625523030757904, 0.7248954176902771, 0.7839958071708679], "p_rule": [0.227783203125, 0.77197265625, 0.431640625, 0.400634765625, 0.703125, 0.78564453125, 0.449951171875, 0.344970703125, 0.328369140625, 0.386474609375, 0.58056640625, 0.98095703125, 0.487060546875, 0.31103515625, 0.29443359375, 0.383544921875, 0.6328125, 0.92626953125], "adversary_prediction": [0.020666975528001785, 0.5241785645484924, 0.38979431986808777, 0.40270838141441345, 0.5066754221916199, 0.5431875586509705, 0.37606140971183777, 0.26754656434059143, 0.25685039162635803, 0.30669382214546204, 0.38352659344673157, 0.45489707589149475, 0.462051123380661, 0.47986623644828796, 0.4807158410549164, 0.4866034686565399, 0.4860664904117584, 0.4700608551502228]}