{"accuracy": [0.46528497338294983, 0.5316061973571777, 0.6901554465293884, 0.6357513070106506, 0.6430051922798157, 0.7020725607872009, 0.7424870729446411, 0.6974093317985535, 0.6316062211990356, 0.6497409343719482, 0.7538859844207764, 0.8067357540130615, 0.7181347012519836, 0.6445595622062683, 0.6430051922798157, 0.7067357301712036, 0.7808290123939514, 0.8170984387397766], "val_accuracy": [0.5543932914733887, 0.6736401915550232, 0.6234309673309326, 0.633891224861145, 0.6788703203201294, 0.7421548366546631, 0.7018828392028809, 0.6412134170532227, 0.6579498052597046, 0.7484309673309326, 0.793410062789917, 0.6908996105194092, 0.6187238693237305, 0.6202929019927979, 0.6757321953773499, 0.7573221921920776, 0.810669481754303, 0.7913179993629456], "p_rule": [0.23486328125, 0.75634765625, 0.443603515625, 0.441162109375, 0.60302734375, 0.99609375, 0.5703125, 0.42138671875, 0.47314453125, 0.8388671875, 0.66943359375, 0.432861328125, 0.357177734375, 0.35546875, 0.419189453125, 0.54150390625, 0.73388671875, 0.96728515625], "adversary_prediction": [0.35250821709632874, 0.5499138236045837, 0.32276687026023865, 0.3561230003833771, 0.4737609326839447, 0.5438615679740906, 0.5407857298851013, 0.5128384232521057, 0.5176112055778503, 0.4824241101741791, 0.4067486822605133, 0.32646605372428894, 0.2760154902935028, 0.29748037457466125, 0.33362647891044617, 0.39715906977653503, 0.4617435038089752, 0.49842408299446106]}