{"accuracy": [0.4614701271057129, 0.4801243543624878, 0.6151454448699951, 0.6977570652961731, 0.6151454448699951, 0.6495669484138489, 0.7246280312538147, 0.7226293683052063, 0.6580057740211487, 0.5940484404563904, 0.5785031914710999, 0.6024872064590454, 0.665778398513794, 0.7532755732536316, 0.7699311375617981, 0.6993115544319153, 0.6331334710121155, 0.6182544827461243], "val_accuracy": [0.4761371314525604, 0.5987004041671753, 0.6733139157295227, 0.6148330569267273, 0.6462020874023438, 0.695720374584198, 0.6954963207244873, 0.6394801735877991, 0.590410053730011, 0.5722607970237732, 0.5933228731155396, 0.6522518396377563, 0.7322428822517395, 0.7604750394821167, 0.6934797167778015, 0.6345507502555847, 0.6197624802589417, 0.6466502547264099], "p_rule": [0.220947265625, 0.392822265625, 0.70361328125, 0.39404296875, 0.486572265625, 0.81591796875, 0.63818359375, 0.40966796875, 0.32861328125, 0.302978515625, 0.313232421875, 0.382568359375, 0.56884765625, 0.958984375, 0.60107421875, 0.4267578125, 0.387939453125, 0.449462890625], "adversary_prediction": [0.0077245282009243965, 0.15974843502044678, 0.45143672823905945, 0.37980279326438904, 0.4086160957813263, 0.43655309081077576, 0.38692566752433777, 0.2878827154636383, 0.22269105911254883, 0.2087518274784088, 0.22961103916168213, 0.2745572626590729, 0.3171423375606537, 0.35575464367866516, 0.37706807255744934, 0.3876372277736664, 0.3901408612728119, 0.39387282729148865]}