{"accuracy": [0.512435257434845, 0.4777202010154724, 0.4777202010154724, 0.48290154337882996, 0.5274611115455627, 0.6041450500488281, 0.6849740743637085, 0.6326425075531006, 0.5424870252609253, 0.5253885984420776, 0.5279792547225952, 0.5606217384338379, 0.6585492491722107, 0.7248704433441162, 0.693782389163971, 0.6233160495758057, 0.5715025663375854, 0.5549222826957703], "val_accuracy": [0.45606693625450134, 0.45606693625450134, 0.45868200063705444, 0.5031380653381348, 0.5894351601600647, 0.668410062789917, 0.6396443247795105, 0.560669481754303, 0.5481171607971191, 0.5502092242240906, 0.5706067085266113, 0.6657949686050415, 0.7060669660568237, 0.6621338725090027, 0.6046025156974792, 0.560669481754303, 0.534518837928772, 0.5418410301208496], "p_rule": [0.21923828125, 0.21923828125, 0.2254638671875, 0.267333984375, 0.416015625, 0.92626953125, 0.467529296875, 0.248291015625, 0.2237548828125, 0.2237548828125, 0.2783203125, 0.51708984375, 0.96923828125, 0.53076171875, 0.39453125, 0.31201171875, 0.2890625, 0.292724609375], "adversary_prediction": [0.0038433291483670473, 0.003843144979327917, 0.00912882387638092, 0.06487162411212921, 0.22080302238464355, 0.38162437081336975, 0.3870256841182709, 0.3657807409763336, 0.36319664120674133, 0.35844072699546814, 0.34867265820503235, 0.3319686949253082, 0.3044339120388031, 0.26469650864601135, 0.22703537344932556, 0.21006879210472107, 0.2051897943019867, 0.2087627649307251]}