{"accuracy": [0.490155428647995, 0.5293856263160706, 0.5293856263160706, 0.5293856263160706, 0.5293856263160706, 0.648556649684906, 0.6704663038253784, 0.6042931079864502, 0.5659511685371399, 0.5499629974365234, 0.5507031679153442, 0.5798667669296265, 0.6396743059158325, 0.7141376733779907, 0.6904515027999878, 0.5698001384735107, 0.5358993411064148, 0.5335307121276855], "val_accuracy": [0.5323375463485718, 0.5323375463485718, 0.5323375463485718, 0.5323375463485718, 0.6431665420532227, 0.6645257472991943, 0.5953696966171265, 0.5608662962913513, 0.5429425239562988, 0.546079158782959, 0.5684839487075806, 0.6280806660652161, 0.7003734111785889, 0.6863330602645874, 0.5750560164451599, 0.538760244846344, 0.536669135093689, 0.5454816818237305], "p_rule": [0.25, 0.25, 0.25, 0.25, 0.5, 0.794921875, 0.473388671875, 0.36669921875, 0.3251953125, 0.3251953125, 0.36083984375, 0.47802734375, 0.794921875, 0.62890625, 0.31396484375, 0.259033203125, 0.25634765625, 0.266845703125], "adversary_prediction": [0.34505316615104675, 0.3450533449649811, 0.34505364298820496, 0.3459700047969818, 0.3839309513568878, 0.47669604420661926, 0.42302605509757996, 0.35203662514686584, 0.3093304932117462, 0.3035466969013214, 0.31647560000419617, 0.3421688973903656, 0.3573380410671234, 0.36430254578590393, 0.360841304063797, 0.3568408787250519, 0.3593224585056305, 0.3587854206562042]}