{"accuracy": [0.5065165758132935, 0.7351895570755005, 0.5764217972755432, 0.7825829386711121, 0.5657582879066467, 0.6409952640533447, 0.8151658773422241, 0.7180094718933105, 0.6445497870445251, 0.6682464480400085, 0.7571089863777161, 0.8246445655822754, 0.8068720102310181, 0.7328199148178101, 0.7239336371421814, 0.7476303577423096, 0.8074644804000854, 0.8311611413955688], "val_accuracy": [0.7112970948219299, 0.551105797290802, 0.7692767381668091, 0.5702331066131592, 0.6258218884468079, 0.8093245625495911, 0.6963538527488708, 0.621637761592865, 0.6467424035072327, 0.7352061867713928, 0.7949790954589844, 0.7818290591239929, 0.7352061867713928, 0.7142857313156128, 0.7429766654968262, 0.7878063321113586, 0.8063359260559082, 0.8015540838241577], "p_rule": [0.9248046875, 0.32275390625, 0.72802734375, 0.306396484375, 0.455078125, 0.734375, 0.4755859375, 0.39501953125, 0.411376953125, 0.53759765625, 0.74609375, 0.8818359375, 0.64501953125, 0.60009765625, 0.69677734375, 0.890625, 0.87353515625, 0.69482421875], "adversary_prediction": [0.6092892289161682, 0.13314947485923767, 0.60606449842453, 0.6393913626670837, 0.6952497363090515, 0.7075269818305969, 0.5081078410148621, 0.4209062159061432, 0.4749387204647064, 0.5930210947990417, 0.6882767081260681, 0.687865674495697, 0.6523937582969666, 0.6402508616447449, 0.6557667851448059, 0.6817390322685242, 0.7157853245735168, 0.677879273891449]}