{"accuracy": [0.5062916278839111, 0.48482605814933777, 0.6843079328536987, 0.583641767501831, 0.5984455943107605, 0.7131754159927368, 0.7327905297279358, 0.659881591796875, 0.6058475375175476, 0.6036269664764404, 0.6502590775489807, 0.7390821576118469, 0.780532956123352, 0.7198371291160583, 0.6413767337799072, 0.6139896512031555, 0.624722421169281, 0.6757957339286804], "val_accuracy": [0.46975353360176086, 0.6706497669219971, 0.5982075929641724, 0.609783411026001, 0.7098581194877625, 0.7128453850746155, 0.6489917635917664, 0.5948469042778015, 0.593726634979248, 0.6430171728134155, 0.7199402451515198, 0.7591485977172852, 0.7229275703430176, 0.6516056656837463, 0.6277072429656982, 0.6359223127365112, 0.6867064833641052, 0.74346524477005], "p_rule": [0.2109375, 0.55908203125, 0.311279296875, 0.3330078125, 0.6708984375, 0.7255859375, 0.412353515625, 0.3193359375, 0.31396484375, 0.39013671875, 0.552734375, 0.880859375, 0.658203125, 0.43505859375, 0.3662109375, 0.3935546875, 0.52197265625, 0.7568359375], "adversary_prediction": [0.009733977727591991, 0.47375133633613586, 0.37167325615882874, 0.3951546251773834, 0.5057124495506287, 0.5137234330177307, 0.37072882056236267, 0.273907333612442, 0.2620798647403717, 0.3036094605922699, 0.3730129301548004, 0.42225340008735657, 0.4519018232822418, 0.4539501965045929, 0.45605453848838806, 0.4425845444202423, 0.45636650919914246, 0.4483809173107147]}