{"accuracy": [0.5307179689407349, 0.47061437368392944, 0.5612139105796814, 0.7014063596725464, 0.6291635632514954, 0.6112509369850159, 0.6642487049102783, 0.7245003581047058, 0.6993338465690613, 0.6254625916481018, 0.5797187089920044, 0.5807549953460693, 0.6336047649383545, 0.7212435007095337, 0.7767579555511475, 0.7410807013511658, 0.6706143617630005, 0.6334567070007324], "val_accuracy": [0.46766242384910583, 0.5536968111991882, 0.692307710647583, 0.625989556312561, 0.6074682474136353, 0.6604928970336914, 0.7206870913505554, 0.6884241700172424, 0.6228528618812561, 0.5726661682128906, 0.5737117528915405, 0.6267363429069519, 0.7141150236129761, 0.7671396732330322, 0.73248690366745, 0.6684092879295349, 0.6328603625297546, 0.6356982588768005], "p_rule": [0.25, 0.330322265625, 0.97705078125, 0.431396484375, 0.385498046875, 0.5283203125, 0.93701171875, 0.58251953125, 0.390869140625, 0.341552734375, 0.3447265625, 0.39892578125, 0.541015625, 0.82763671875, 0.75439453125, 0.5283203125, 0.430908203125, 0.435791015625], "adversary_prediction": [0.0035913039464503527, 0.2181083858013153, 0.545794665813446, 0.39799824357032776, 0.40428033471107483, 0.46311452984809875, 0.5044041275978088, 0.4420214593410492, 0.3381459414958954, 0.2743615210056305, 0.27339550852775574, 0.308015376329422, 0.36376622319221497, 0.4143492877483368, 0.4247213304042816, 0.4316745698451996, 0.4314427077770233, 0.4312485158443451]}