{"accuracy": [0.4896373152732849, 0.4777202010154724, 0.4777202010154724, 0.4854922294616699, 0.5538859963417053, 0.6611399054527283, 0.6704663038253784, 0.6082901358604431, 0.5689119100570679, 0.5709844827651978, 0.6056994795799255, 0.6668393611907959, 0.7139896154403687, 0.6979274749755859, 0.6492227911949158, 0.5974093079566956, 0.5756476521492004, 0.5880829095840454], "val_accuracy": [0.45606693625450134, 0.45606693625450134, 0.46234309673309326, 0.5366109013557434, 0.6323221921920776, 0.6699790954589844, 0.6093096137046814, 0.5779288411140442, 0.5779288411140442, 0.6014644503593445, 0.6694560647010803, 0.6971757411956787, 0.6757321953773499, 0.6234309673309326, 0.564330518245697, 0.5428870320320129, 0.5486401915550232, 0.5930962562561035], "p_rule": [0.21923828125, 0.21923828125, 0.2247314453125, 0.3173828125, 0.6005859375, 0.7890625, 0.414794921875, 0.300537109375, 0.29443359375, 0.381591796875, 0.61767578125, 0.98779296875, 0.57958984375, 0.406494140625, 0.308349609375, 0.296142578125, 0.308349609375, 0.343017578125], "adversary_prediction": [0.0038433289155364037, 0.0038438921328634024, 0.007295781280845404, 0.04886217415332794, 0.23631802201271057, 0.39178553223609924, 0.3902954161167145, 0.39090511202812195, 0.3793257176876068, 0.37041160464286804, 0.3385171592235565, 0.2959735095500946, 0.24516093730926514, 0.20087537169456482, 0.18541839718818665, 0.1774088740348816, 0.18593639135360718, 0.20819273591041565]}