{"accuracy": [0.46994373202323914, 0.6553153395652771, 0.521764874458313, 0.5889843106269836, 0.7530352473258972, 0.6609416604042053, 0.5940183401107788, 0.6197808980941772, 0.7145395278930664, 0.7808706164360046, 0.6944032907485962, 0.6029019951820374, 0.5789161920547485, 0.6180041432380676, 0.723127007484436, 0.7998223304748535, 0.7980455756187439, 0.7512584924697876], "val_accuracy": [0.6414699554443359, 0.5383926033973694, 0.5993427038192749, 0.7388706207275391, 0.6504332423210144, 0.5829100608825684, 0.6074095964431763, 0.7054077982902527, 0.7768150568008423, 0.6844936013221741, 0.6032267808914185, 0.5912757515907288, 0.6238422393798828, 0.708694338798523, 0.7845832109451294, 0.7839856743812561, 0.7427546977996826, 0.706304132938385], "p_rule": [0.43505859375, 0.2120361328125, 0.3271484375, 0.89306640625, 0.40185546875, 0.304931640625, 0.3359375, 0.478759765625, 0.88330078125, 0.56396484375, 0.33984375, 0.304931640625, 0.376953125, 0.64599609375, 0.96435546875, 0.6806640625, 0.52783203125, 0.45068359375], "adversary_prediction": [0.4266636073589325, 0.3634795844554901, 0.42431166768074036, 0.6295084357261658, 0.37203720211982727, 0.23784908652305603, 0.27316924929618835, 0.3922974169254303, 0.4992353022098541, 0.5051253437995911, 0.4751349985599518, 0.46874526143074036, 0.47616836428642273, 0.4676224887371063, 0.47127673029899597, 0.4320398271083832, 0.3959590494632721, 0.3865390121936798]}