{"accuracy": [0.5199881792068481, 0.48149245977401733, 0.5267989635467529, 0.6668640971183777, 0.6553153395652771, 0.6034942269325256, 0.6283683776855469, 0.708617091178894, 0.7284572124481201, 0.6689369082450867, 0.6203731298446655, 0.5931299924850464, 0.6014213562011719, 0.655019223690033, 0.7249037623405457, 0.7681373953819275, 0.7207580804824829, 0.6677524447441101], "val_accuracy": [0.46668657660484314, 0.5198685526847839, 0.6671646237373352, 0.6579025983810425, 0.6205556988716125, 0.6435614228248596, 0.6976397037506104, 0.7143710851669312, 0.6582013964653015, 0.604421854019165, 0.5787272453308105, 0.5900806784629822, 0.629518985748291, 0.7018225193023682, 0.740962028503418, 0.7080968022346497, 0.6731401085853577, 0.654317319393158], "p_rule": [0.2078857421875, 0.252197265625, 0.74462890625, 0.51171875, 0.35302734375, 0.404541015625, 0.6767578125, 0.82373046875, 0.470947265625, 0.34716796875, 0.3056640625, 0.312744140625, 0.3857421875, 0.5615234375, 0.91650390625, 0.7158203125, 0.49853515625, 0.440673828125], "adversary_prediction": [0.004467674531042576, 0.0763334333896637, 0.5608991980552673, 0.43298593163490295, 0.39742329716682434, 0.4334927499294281, 0.49997928738594055, 0.4696195423603058, 0.3969672620296478, 0.32177242636680603, 0.2824670374393463, 0.294179767370224, 0.32266780734062195, 0.37279507517814636, 0.4047963321208954, 0.42174914479255676, 0.42028793692588806, 0.4381926953792572]}