{"accuracy": [0.526502788066864, 0.5185075402259827, 0.5185075402259827, 0.5185075402259827, 0.5765472054481506, 0.6849274635314941, 0.6292567253112793, 0.5732899308204651, 0.5558187961578369, 0.5641101598739624, 0.6040864586830139, 0.6875925660133362, 0.7249037623405457, 0.6499851942062378, 0.5744743943214417, 0.5519692301750183, 0.5516730546951294, 0.585134744644165], "val_accuracy": [0.5333133935928345, 0.5333133935928345, 0.5333133935928345, 0.587092936038971, 0.6791156530380249, 0.6178667545318604, 0.5658798813819885, 0.5410815477371216, 0.5509411692619324, 0.5924708843231201, 0.6626830101013184, 0.7101882100105286, 0.6662682890892029, 0.5861966013908386, 0.5602031946182251, 0.561995804309845, 0.5984463691711426, 0.6692560315132141], "p_rule": [0.207763671875, 0.207763671875, 0.207763671875, 0.306396484375, 0.9873046875, 0.463134765625, 0.317138671875, 0.2802734375, 0.29248046875, 0.360595703125, 0.58447265625, 0.921875, 0.475830078125, 0.298583984375, 0.2548828125, 0.259521484375, 0.30908203125, 0.462890625], "adversary_prediction": [0.34505316615104675, 0.3450532853603363, 0.34707143902778625, 0.4179937541484833, 0.5203744769096375, 0.39409109950065613, 0.29697367548942566, 0.2601874768733978, 0.27326467633247375, 0.3076396882534027, 0.3427797257900238, 0.36700502038002014, 0.373564749956131, 0.37611469626426697, 0.3723355233669281, 0.37123313546180725, 0.3733113706111908, 0.3659500777721405]}