{"accuracy": [0.48733896017074585, 0.5219902396202087, 0.6117281317710876, 0.6654819846153259, 0.6019546985626221, 0.6001777052879333, 0.6525988578796387, 0.7307863235473633, 0.6663705110549927, 0.5637494325637817, 0.5384273529052734, 0.5721901655197144, 0.677476704120636, 0.7796534895896912, 0.7534429430961609, 0.6841403841972351, 0.6326077580451965, 0.6419368982315063], "val_accuracy": [0.5360824465751648, 0.6181084513664246, 0.6633796691894531, 0.584043025970459, 0.5818018913269043, 0.6396234631538391, 0.7198565602302551, 0.6777229905128479, 0.5692514777183533, 0.5517705082893372, 0.5755266547203064, 0.6857911348342896, 0.7839533686637878, 0.7350963950157166, 0.6651725769042969, 0.6284177303314209, 0.6346929669380188, 0.67144775390625], "p_rule": [0.2147216796875, 0.374267578125, 0.63720703125, 0.37255859375, 0.359130859375, 0.47412109375, 0.87939453125, 0.50390625, 0.276123046875, 0.2435302734375, 0.287841796875, 0.50390625, 0.94384765625, 0.57763671875, 0.41552734375, 0.360107421875, 0.374267578125, 0.420166015625], "adversary_prediction": [0.34505316615104675, 0.35904017090797424, 0.5402914881706238, 0.3620077669620514, 0.32578614354133606, 0.40737906098365784, 0.46288803219795227, 0.4450902044773102, 0.4269011318683624, 0.41620489954948425, 0.43127551674842834, 0.42694291472435, 0.4051969349384308, 0.3851843774318695, 0.34384748339653015, 0.3326486647129059, 0.3365815579891205, 0.3617676794528961]}