{"accuracy": [0.47475942969322205, 0.5293856263160706, 0.5293856263160706, 0.5293856263160706, 0.5293856263160706, 0.5293856263160706, 0.5293856263160706, 0.5293856263160706, 0.5293856263160706, 0.6688379049301147, 0.609178364276886, 0.5450777411460876, 0.5070318579673767, 0.49370837211608887, 0.48823094367980957, 0.4888230860233307, 0.49326425790786743, 0.5073279142379761], "val_accuracy": [0.5323375463485718, 0.5323375463485718, 0.5323375463485718, 0.5323375463485718, 0.5323375463485718, 0.5323375463485718, 0.5323375463485718, 0.5324869155883789, 0.66004478931427, 0.6058252453804016, 0.5412994623184204, 0.5069454908370972, 0.4888722896575928, 0.4851381480693817, 0.48483943939208984, 0.4888722896575928, 0.5061986446380615, 0.5393577218055725], "p_rule": [0.25, 0.25, 0.25, 0.25, 0.25, 0.25, 0.25, 0.25, 0.69091796875, 0.55810546875, 0.343017578125, 0.276611328125, 0.262451171875, 0.2548828125, 0.256103515625, 0.2626953125, 0.277099609375, 0.327392578125], "adversary_prediction": [0.34505316615104675, 0.34505316615104675, 0.3450533449649811, 0.3450581729412079, 0.34518805146217346, 0.3465994894504547, 0.3538007438182831, 0.3788340389728546, 0.39245787262916565, 0.34508946537971497, 0.26759830117225647, 0.20551463961601257, 0.17317253351211548, 0.1657434105873108, 0.1708616018295288, 0.1902925968170166, 0.21823328733444214, 0.24720117449760437]}