{"accuracy": [0.5481865406036377, 0.4777202010154724, 0.48860102891921997, 0.6466321349143982, 0.6906735897064209, 0.5880829095840454, 0.594818651676178, 0.6735751032829285, 0.7295336723327637, 0.7113989591598511, 0.6569948196411133, 0.6170984506607056, 0.6036269664764404, 0.617616593837738, 0.6652849912643433, 0.723834216594696, 0.7756476402282715, 0.7559585571289062], "val_accuracy": [0.45606693625450134, 0.4670501947402954, 0.6176778078079224, 0.6762552261352539, 0.6019874215126038, 0.6056485176086426, 0.6778242588043213, 0.7175732254981995, 0.6799163222312927, 0.6239539980888367, 0.5789749026298523, 0.5674686431884766, 0.5852510333061218, 0.625523030757904, 0.6882845163345337, 0.7432008385658264, 0.7510460019111633, 0.7039749026298523], "p_rule": [0.21923828125, 0.2254638671875, 0.449951171875, 0.63818359375, 0.3154296875, 0.329345703125, 0.5390625, 0.998046875, 0.63720703125, 0.409912109375, 0.343017578125, 0.328369140625, 0.34130859375, 0.397705078125, 0.51611328125, 0.7578125, 0.896484375, 0.60693359375], "adversary_prediction": [0.0038432772271335125, 0.019523916766047478, 0.43184253573417664, 0.527158796787262, 0.41755542159080505, 0.4410599172115326, 0.5081400275230408, 0.549694836139679, 0.5082926154136658, 0.4439084231853485, 0.3930325210094452, 0.37731292843818665, 0.3878880441188812, 0.4180847704410553, 0.45257988572120667, 0.481990247964859, 0.4940328299999237, 0.49638035893440247]}