{"accuracy": [0.5065165758132935, 0.4733412265777588, 0.4733412265777588, 0.4733412265777588, 0.4739336371421814, 0.49170616269111633, 0.5829383730888367, 0.6723933815956116, 0.6593601703643799, 0.5669431090354919, 0.5308057069778442, 0.5278435945510864, 0.528436005115509, 0.5290284156799316, 0.5545023679733276, 0.6421800851821899, 0.7073459625244141, 0.6800947785377502], "val_accuracy": [0.45666468143463135, 0.45666468143463135, 0.45666468143463135, 0.45666468143463135, 0.4704124331474304, 0.5469216704368591, 0.6604901552200317, 0.653317391872406, 0.5756126642227173, 0.5487148761749268, 0.5451285243034363, 0.5451285243034363, 0.5463239550590515, 0.5624626278877258, 0.6419605612754822, 0.6820083856582642, 0.6443514823913574, 0.5851763486862183], "p_rule": [0.23583984375, 0.23583984375, 0.23583984375, 0.2366943359375, 0.2403564453125, 0.33984375, 0.734375, 0.60107421875, 0.300537109375, 0.2431640625, 0.23681640625, 0.23681640625, 0.239501953125, 0.28173828125, 0.480712890625, 0.97412109375, 0.58984375, 0.3916015625], "adversary_prediction": [0.0038433284498751163, 0.00384346186183393, 0.0039042853750288486, 0.008044559508562088, 0.03742766007781029, 0.1736963987350464, 0.32721230387687683, 0.38133135437965393, 0.3749934136867523, 0.3685886561870575, 0.36067041754722595, 0.36347606778144836, 0.35721948742866516, 0.34856554865837097, 0.3262383043766022, 0.3009890019893646, 0.27141550183296204, 0.24242666363716125]}