{"accuracy": [0.4616580307483673, 0.617616593837738, 0.6269429922103882, 0.6264248490333557, 0.7098445892333984, 0.7507771849632263, 0.6797927618026733, 0.6466321349143982, 0.7072538733482361, 0.8077720403671265, 0.7601036429405212, 0.6502590775489807, 0.6316062211990356, 0.6870466470718384, 0.7901554107666016, 0.8362694382667542, 0.8020725250244141, 0.7549222707748413], "val_accuracy": [0.624476969242096, 0.5978033542633057, 0.5946652889251709, 0.6773012280464172, 0.7463389039039612, 0.6919456124305725, 0.6495816111564636, 0.7107740640640259, 0.7928870320320129, 0.7296025156974792, 0.625, 0.6061715483665466, 0.6631799340248108, 0.7599372267723083, 0.814330518245697, 0.7887029051780701, 0.7437238693237305, 0.7332636117935181], "p_rule": [0.38671875, 0.3935546875, 0.380615234375, 0.62158203125, 0.95361328125, 0.53515625, 0.45458984375, 0.62890625, 0.83447265625, 0.5234375, 0.365966796875, 0.342041015625, 0.40380859375, 0.5341796875, 0.75634765625, 0.95166015625, 0.73828125, 0.68701171875], "adversary_prediction": [0.36127641797065735, 0.3036400377750397, 0.3015526831150055, 0.49107250571250916, 0.6198692917823792, 0.5445489287376404, 0.5280337929725647, 0.5480294823646545, 0.5086613297462463, 0.39321956038475037, 0.3152024447917938, 0.2926798164844513, 0.3430143892765045, 0.4221876561641693, 0.4879334270954132, 0.5175862908363342, 0.5327040553092957, 0.5416135191917419]}