{"accuracy": [0.5118483304977417, 0.6404028534889221, 0.5882701277732849, 0.6279621124267578, 0.7345971465110779, 0.7138625383377075, 0.6362559199333191, 0.620853066444397, 0.6877962350845337, 0.7837677597999573, 0.7494075894355774, 0.6611374616622925, 0.6131516695022583, 0.650473952293396, 0.7316350936889648, 0.8092417120933533, 0.8092417120933533, 0.7612559199333191], "val_accuracy": [0.6485355496406555, 0.573221743106842, 0.6096832156181335, 0.6987447738647461, 0.7142857313156128, 0.6383741497993469, 0.6258218884468079, 0.6927675008773804, 0.7627017498016357, 0.7256425619125366, 0.6341900825500488, 0.6007172465324402, 0.6282128095626831, 0.7029288411140442, 0.7848176956176758, 0.7794381380081177, 0.7513449192047119, 0.7130902409553528], "p_rule": [0.467529296875, 0.33984375, 0.398681640625, 0.71044921875, 0.71728515625, 0.414794921875, 0.38134765625, 0.5732421875, 0.9248046875, 0.57177734375, 0.4267578125, 0.37451171875, 0.413818359375, 0.50830078125, 0.6845703125, 0.974609375, 0.78125, 0.615234375], "adversary_prediction": [0.3980153501033783, 0.2494484782218933, 0.3355763852596283, 0.6183966994285583, 0.6498584151268005, 0.5355575680732727, 0.5281930565834045, 0.5877556204795837, 0.5806764960289001, 0.4715896546840668, 0.38148513436317444, 0.3477412164211273, 0.37294355034828186, 0.4355051815509796, 0.49672552943229675, 0.5231792330741882, 0.5304872393608093, 0.5334134697914124]}