{"accuracy": [0.46868985891342163, 0.5293856263160706, 0.6866025328636169, 0.6500369906425476, 0.6185048222541809, 0.6300517916679382, 0.6965211033821106, 0.71650630235672, 0.5871206521987915, 0.55247962474823, 0.5837157368659973, 0.7319023013114929, 0.7754256129264832, 0.6874907612800598, 0.6313841342926025, 0.628867506980896, 0.6760917901992798, 0.7499629855155945], "val_accuracy": [0.5323375463485718, 0.6800597310066223, 0.6385362148284912, 0.6104555726051331, 0.622703492641449, 0.6821508407592773, 0.7153099179267883, 0.5889469981193542, 0.5574309229850769, 0.5938760042190552, 0.7245705723762512, 0.7684839367866516, 0.6787154674530029, 0.620612382888794, 0.6200149655342102, 0.6693054437637329, 0.7447348833084106, 0.7862583994865417], "p_rule": [0.25, 0.724609375, 0.63818359375, 0.491943359375, 0.5146484375, 0.7080078125, 0.73046875, 0.352783203125, 0.2880859375, 0.358154296875, 0.73095703125, 0.6884765625, 0.452880859375, 0.394775390625, 0.393798828125, 0.4384765625, 0.56396484375, 0.748046875], "adversary_prediction": [0.3450528085231781, 0.48903295397758484, 0.5291070342063904, 0.42753931879997253, 0.44085893034935, 0.4896569550037384, 0.5006439089775085, 0.46507272124290466, 0.43566539883613586, 0.4402296245098114, 0.42128029465675354, 0.3721563518047333, 0.3202756345272064, 0.2952363193035126, 0.2929370105266571, 0.3246097266674042, 0.3680818974971771, 0.41151419281959534]}