{"accuracy": [0.5469686985015869, 0.6919831037521362, 0.5567399263381958, 0.7241838574409485, 0.5460804104804993, 0.5574061870574951, 0.7872529625892639, 0.6806573271751404, 0.5838329792022705, 0.6082611680030823, 0.7244059443473816, 0.8150122165679932, 0.7743726372718811, 0.7055296301841736, 0.6811015009880066, 0.7066400051116943, 0.7619364857673645, 0.8079058527946472], "val_accuracy": [0.676450788974762, 0.5547837615013123, 0.6986331939697266, 0.546493411064148, 0.5628501176834106, 0.7701097726821899, 0.6708492040634155, 0.5749495625495911, 0.6099036335945129, 0.7152139544487, 0.7992382049560547, 0.7586824893951416, 0.6939278244972229, 0.6708492040634155, 0.6946000456809998, 0.7434461116790771, 0.7869146466255188, 0.7956531643867493], "p_rule": [0.7373046875, 0.293212890625, 0.62451171875, 0.24853515625, 0.273193359375, 0.958984375, 0.39501953125, 0.300048828125, 0.322509765625, 0.451416015625, 0.71875, 0.83056640625, 0.57421875, 0.50927734375, 0.57275390625, 0.748046875, 0.97900390625, 0.7646484375], "adversary_prediction": [0.4444189965724945, 0.13296902179718018, 0.5115213990211487, 0.42024752497673035, 0.44654980301856995, 0.5171756148338318, 0.3599887192249298, 0.2775847613811493, 0.3139476478099823, 0.4113982021808624, 0.5139815211296082, 0.5385933518409729, 0.5308498740196228, 0.5339453816413879, 0.5577736496925354, 0.5640416741371155, 0.5682787299156189, 0.5598049759864807]}