{"accuracy": [0.5590761303901672, 0.48297303915023804, 0.6834468245506287, 0.5478234887123108, 0.5676636099815369, 0.7062481641769409, 0.721054196357727, 0.6372519731521606, 0.5848386287689209, 0.5744743943214417, 0.5954989790916443, 0.6683446764945984, 0.7568848133087158, 0.7559964656829834, 0.6870002746582031, 0.6245188117027283, 0.6106011271476746, 0.6322179436683655], "val_accuracy": [0.4684792459011078, 0.6662682890892029, 0.5610994696617126, 0.5796235203742981, 0.7116820812225342, 0.7012249827384949, 0.6304153203964233, 0.5643860101699829, 0.552435040473938, 0.5793247818946838, 0.6585001349449158, 0.7364804148674011, 0.751419186592102, 0.6925604939460754, 0.6363908052444458, 0.6253361105918884, 0.6501344442367554, 0.7110845446586609], "p_rule": [0.2109375, 0.697265625, 0.255859375, 0.287841796875, 0.65185546875, 0.677734375, 0.3681640625, 0.298583984375, 0.282958984375, 0.311279296875, 0.40283203125, 0.642578125, 0.8974609375, 0.56494140625, 0.39013671875, 0.35791015625, 0.418212890625, 0.591796875], "adversary_prediction": [0.007902665063738823, 0.508303701877594, 0.3669421970844269, 0.3930094540119171, 0.5203030705451965, 0.528074324131012, 0.3914094865322113, 0.2981869876384735, 0.27122530341148376, 0.29455122351646423, 0.3436828553676605, 0.3962249457836151, 0.44259676337242126, 0.4420759975910187, 0.45782890915870667, 0.43964245915412903, 0.4383600056171417, 0.4498869478702545]}