{"accuracy": [0.49578091502189636, 0.4707624018192291, 0.5612139105796814, 0.6883789896965027, 0.6045891642570496, 0.5968911647796631, 0.6651369333267212, 0.7101406455039978, 0.6868985891342163, 0.6355292201042175, 0.5930421948432922, 0.5767579674720764, 0.5965951085090637, 0.6506291627883911, 0.7280532717704773, 0.7613619565963745, 0.7025906443595886, 0.6347890496253967], "val_accuracy": [0.46781179308891296, 0.5545929670333862, 0.6773711442947388, 0.5980582237243652, 0.5926811099052429, 0.6566094160079956, 0.6946975588798523, 0.66945481300354, 0.6253920793533325, 0.5870051980018616, 0.5708737969398499, 0.5880507826805115, 0.6412248015403748, 0.7136669158935547, 0.7495145797729492, 0.6970874071121216, 0.6309186220169067, 0.6016430258750916], "p_rule": [0.25, 0.353271484375, 0.8583984375, 0.37646484375, 0.362548828125, 0.54052734375, 0.93701171875, 0.654296875, 0.447998046875, 0.368408203125, 0.337890625, 0.356689453125, 0.428466796875, 0.595703125, 0.9619140625, 0.625, 0.44140625, 0.370361328125], "adversary_prediction": [0.003970138728618622, 0.11032919585704803, 0.4295317232608795, 0.3609263002872467, 0.3817152678966522, 0.41661569476127625, 0.392349511384964, 0.32647058367729187, 0.24600622057914734, 0.19091632962226868, 0.18492111563682556, 0.20105525851249695, 0.23807021975517273, 0.2744797170162201, 0.3091500699520111, 0.3358401954174042, 0.3454912602901459, 0.3578158915042877]}