{"accuracy": [0.49170616269111633, 0.6486966609954834, 0.549763023853302, 0.6587677597999573, 0.7577013969421387, 0.6664692163467407, 0.6161137223243713, 0.6617298722267151, 0.7707346081733704, 0.7790284156799316, 0.6877962350845337, 0.633293867111206, 0.6255924105644226, 0.6605450510978699, 0.7411137223243713, 0.8021327257156372, 0.8169431090354919, 0.7920616269111633], "val_accuracy": [0.6383741497993469, 0.5624626278877258, 0.6682606339454651, 0.7417812347412109, 0.6383741497993469, 0.5989241003990173, 0.6419605612754822, 0.7531380653381348, 0.7752540111541748, 0.6843993067741394, 0.630005955696106, 0.622833251953125, 0.6580992341041565, 0.7352061867713928, 0.7830244898796082, 0.7985654473304749, 0.7764495015144348, 0.7489539980888367], "p_rule": [0.439208984375, 0.270263671875, 0.475341796875, 0.7880859375, 0.411376953125, 0.355712890625, 0.41015625, 0.615234375, 0.990234375, 0.55126953125, 0.418212890625, 0.40576171875, 0.4990234375, 0.6982421875, 0.93994140625, 0.70361328125, 0.587890625, 0.53466796875], "adversary_prediction": [0.5005828738212585, 0.34633323550224304, 0.43685176968574524, 0.6840217709541321, 0.4547888934612274, 0.36708053946495056, 0.42549416422843933, 0.5526620745658875, 0.5851899981498718, 0.5724453330039978, 0.5333846211433411, 0.5312038064002991, 0.5554348826408386, 0.5449647307395935, 0.5633029341697693, 0.5294651389122009, 0.5022947192192078, 0.48731729388237]}