{"accuracy": [0.5496002435684204, 0.48149245977401733, 0.48149245977401733, 0.48326918482780457, 0.5214687585830688, 0.625999391078949, 0.6917382478713989, 0.594314455986023, 0.5339058041572571, 0.5300562381744385, 0.5709209442138672, 0.6591649651527405, 0.7216464281082153, 0.7026947140693665, 0.638436496257782, 0.5883920788764954, 0.572697639465332, 0.5759549736976624], "val_accuracy": [0.46668657660484314, 0.46668657660484314, 0.4690767824649811, 0.5040334463119507, 0.6103973984718323, 0.6785180568695068, 0.6029279828071594, 0.5491484999656677, 0.5446668863296509, 0.5811173915863037, 0.6629817485809326, 0.7122796773910522, 0.676725447177887, 0.6214520335197449, 0.5784284472465515, 0.5560203194618225, 0.5637884736061096, 0.5888855457305908], "p_rule": [0.2078857421875, 0.2078857421875, 0.2098388671875, 0.2401123046875, 0.463623046875, 0.8310546875, 0.342529296875, 0.228515625, 0.225341796875, 0.28125, 0.49365234375, 0.92919921875, 0.60791015625, 0.3955078125, 0.3056640625, 0.28076171875, 0.284912109375, 0.322265625], "adversary_prediction": [0.0038435335736721754, 0.0045641385950148106, 0.008965245448052883, 0.11583554744720459, 0.38219520449638367, 0.41292038559913635, 0.3949947655200958, 0.3733273446559906, 0.3801102936267853, 0.38818827271461487, 0.3856185972690582, 0.3610837161540985, 0.32117292284965515, 0.2740574777126312, 0.24466407299041748, 0.22971728444099426, 0.23511871695518494, 0.25297820568084717]}