{"accuracy": [0.5005181431770325, 0.4777202010154724, 0.6222797632217407, 0.6673575043678284, 0.5803108811378479, 0.6471502780914307, 0.7336787581443787, 0.7367875576019287, 0.6823834180831909, 0.6440414786338806, 0.6373056769371033, 0.6637305617332458, 0.7269430160522461, 0.7854922413825989, 0.7642487287521362, 0.7139896154403687, 0.6652849912643433, 0.6575129628181458], "val_accuracy": [0.45606693625450134, 0.5941422581672668, 0.6699790954589844, 0.5998954176902771, 0.6657949686050415, 0.7301255464553833, 0.7112970948219299, 0.6589958071708679, 0.6134937405586243, 0.6119247078895569, 0.642259418964386, 0.7008368372917175, 0.767259418964386, 0.7567991614341736, 0.7034518718719482, 0.6485355496406555, 0.64278244972229, 0.6757321953773499], "p_rule": [0.21923828125, 0.386474609375, 0.49609375, 0.327392578125, 0.4697265625, 0.85400390625, 0.69580078125, 0.438232421875, 0.381591796875, 0.366943359375, 0.3955078125, 0.50927734375, 0.70361328125, 0.9580078125, 0.6435546875, 0.5078125, 0.4833984375, 0.5751953125], "adversary_prediction": [0.00530027924105525, 0.23742833733558655, 0.4700581729412079, 0.39949414134025574, 0.48173412680625916, 0.564980685710907, 0.5139979720115662, 0.3928129971027374, 0.31422170996665955, 0.3028619587421417, 0.3388594090938568, 0.40096142888069153, 0.45715847611427307, 0.49430009722709656, 0.4953446686267853, 0.4891332685947418, 0.49376407265663147, 0.5022457242012024]}