{"accuracy": [0.5429713726043701, 0.47723740339279175, 0.47723740339279175, 0.5358649492263794, 0.7286253571510315, 0.5489673614501953, 0.5327559113502502, 0.5933821797370911, 0.7232955694198608, 0.7179657816886902, 0.667110800743103, 0.6182544827461243, 0.6015989184379578, 0.6198090314865112, 0.6575616002082825, 0.7215189933776855, 0.7601599097251892, 0.7528314590454102], "val_accuracy": [0.4732242822647095, 0.4732242822647095, 0.5274478793144226, 0.6984091401100159, 0.5496302843093872, 0.5361863970756531, 0.6031817197799683, 0.7089401483535767, 0.695720374584198, 0.6412726640701294, 0.6047501564025879, 0.5906341075897217, 0.6054223775863647, 0.6470983624458313, 0.6898946762084961, 0.7297781705856323, 0.7360519766807556, 0.7078198790550232], "p_rule": [0.2193603515625, 0.2193603515625, 0.274169921875, 0.98974609375, 0.26220703125, 0.2359619140625, 0.348876953125, 0.74267578125, 0.7119140625, 0.46044921875, 0.361083984375, 0.34033203125, 0.357666015625, 0.4248046875, 0.560546875, 0.7841796875, 0.84619140625, 0.62646484375], "adversary_prediction": [0.003843335434794426, 0.004619778599590063, 0.08628782629966736, 0.5092020630836487, 0.3807205855846405, 0.37863805890083313, 0.42602673172950745, 0.4888608753681183, 0.44042858481407166, 0.35861673951148987, 0.2984958589076996, 0.27304092049598694, 0.28736236691474915, 0.32292142510414124, 0.37147262692451477, 0.41412821412086487, 0.44447699189186096, 0.4555654227733612]}