{"accuracy": [0.5205804109573364, 0.5276873111724854, 0.6961800456047058, 0.6316257119178772, 0.6911460161209106, 0.7251998782157898, 0.6938110589981079, 0.6434705257415771, 0.6437666416168213, 0.7115783095359802, 0.7924193143844604, 0.7293455600738525, 0.6197808980941772, 0.5960912108421326, 0.6514657735824585, 0.759846031665802, 0.8075214624404907, 0.7832395434379578], "val_accuracy": [0.5135942697525024, 0.6821033954620361, 0.6354944705963135, 0.6874813437461853, 0.706602931022644, 0.6668658256530762, 0.6325067281723022, 0.6334030628204346, 0.6994323134422302, 0.7729309797286987, 0.7236331105232239, 0.6199581623077393, 0.5987451672554016, 0.6471467018127441, 0.7472363114356995, 0.7995219826698303, 0.7812966704368591, 0.7397669553756714], "p_rule": [0.2474365234375, 0.69873046875, 0.403564453125, 0.619140625, 0.89306640625, 0.529296875, 0.37841796875, 0.363525390625, 0.475830078125, 0.7646484375, 0.67919921875, 0.384033203125, 0.34619140625, 0.4638671875, 0.80517578125, 0.765625, 0.5693359375, 0.483642578125], "adversary_prediction": [0.030072927474975586, 0.5279187560081482, 0.42604902386665344, 0.5448961853981018, 0.5763567090034485, 0.43789371848106384, 0.31359997391700745, 0.30164965987205505, 0.3785065710544586, 0.4565095603466034, 0.48031535744667053, 0.489020437002182, 0.48386892676353455, 0.4775984585285187, 0.465733140707016, 0.42835578322410583, 0.39126870036125183, 0.37000104784965515]}