{"accuracy": [0.5195497870445251, 0.5349525809288025, 0.6795023679733276, 0.6143364906311035, 0.6575829386711121, 0.7446682453155518, 0.7399289011955261, 0.6676540374755859, 0.6481042504310608, 0.671800971031189, 0.7517772316932678, 0.7985782027244568, 0.7375592589378357, 0.6540284156799316, 0.6421800851821899, 0.671800971031189, 0.7411137223243713, 0.8169431090354919], "val_accuracy": [0.5517035126686096, 0.6569037437438965, 0.6019127368927002, 0.6371787190437317, 0.7124925255775452, 0.7268379926681519, 0.671249270439148, 0.6455469131469727, 0.6664674282073975, 0.7375971078872681, 0.7680813074111938, 0.7077106833457947, 0.6317991614341736, 0.6102809309959412, 0.6413628458976746, 0.7220562100410461, 0.7866109013557434, 0.7967722415924072], "p_rule": [0.2437744140625, 0.53857421875, 0.35888671875, 0.4462890625, 0.72265625, 0.82861328125, 0.5361328125, 0.474609375, 0.552734375, 0.8330078125, 0.72265625, 0.48974609375, 0.398681640625, 0.379150390625, 0.4150390625, 0.499267578125, 0.638671875, 0.87353515625], "adversary_prediction": [0.35223039984703064, 0.4973023235797882, 0.2829382121562958, 0.40573278069496155, 0.5776880383491516, 0.6032441258430481, 0.5824243426322937, 0.5734284520149231, 0.5735989212989807, 0.5734300017356873, 0.5358143448829651, 0.449719101190567, 0.39549019932746887, 0.3842407166957855, 0.4023567736148834, 0.45265892148017883, 0.5095980763435364, 0.5525304675102234]}