{"accuracy": [0.5367298722267151, 0.4733412265777588, 0.47926539182662964, 0.6078199148178101, 0.7197867035865784, 0.6356635093688965, 0.599526047706604, 0.6350710988044739, 0.7026066184043884, 0.7505924105644226, 0.7144549489021301, 0.653436005115509, 0.6161137223243713, 0.6048578023910522, 0.6309241652488708, 0.6889810562133789, 0.7488151788711548, 0.7908768057823181], "val_accuracy": [0.45666468143463135, 0.46204423904418945, 0.591153621673584, 0.701733410358429, 0.6365810036659241, 0.6013150215148926, 0.6425582766532898, 0.6999402046203613, 0.7041243314743042, 0.6826061010360718, 0.6276150345802307, 0.582785427570343, 0.5714285969734192, 0.5971308946609497, 0.6580992341041565, 0.7196652889251709, 0.7465630769729614, 0.7340107560157776], "p_rule": [0.23583984375, 0.2384033203125, 0.411376953125, 0.87353515625, 0.441650390625, 0.368896484375, 0.43505859375, 0.666015625, 0.96533203125, 0.59521484375, 0.418212890625, 0.35693359375, 0.34619140625, 0.37451171875, 0.458740234375, 0.62158203125, 0.8486328125, 0.86474609375], "adversary_prediction": [0.003843361511826515, 0.006894316524267197, 0.29190871119499207, 0.5211325287818909, 0.41888418793678284, 0.4237584173679352, 0.4511483609676361, 0.48069384694099426, 0.4810788929462433, 0.42644909024238586, 0.35949286818504333, 0.3124162256717682, 0.29256853461265564, 0.3222564160823822, 0.3596417009830475, 0.4009576141834259, 0.432998925447464, 0.45191338658332825]}