{"accuracy": [0.5358993411064148, 0.5173945426940918, 0.5173945426940918, 0.5173945426940918, 0.5173945426940918, 0.5181347131729126, 0.6880089044570923, 0.6336047649383545, 0.5555144548416138, 0.5222057700157166, 0.5129533410072327, 0.5148038268089294, 0.5266469120979309, 0.5677276253700256, 0.6428571343421936, 0.7131754159927368, 0.7105847597122192, 0.6413767337799072], "val_accuracy": [0.5324869155883789, 0.5324869155883789, 0.5324869155883789, 0.5324869155883789, 0.5347273945808411, 0.6900672316551208, 0.6265870332717896, 0.5440627336502075, 0.5138162970542908, 0.5007468461990356, 0.5022404789924622, 0.5197908878326416, 0.5631067752838135, 0.6344286799430847, 0.6878267526626587, 0.708737850189209, 0.6508588790893555, 0.5911127924919128], "p_rule": [0.20849609375, 0.20849609375, 0.20849609375, 0.20849609375, 0.20947265625, 0.701171875, 0.52490234375, 0.3046875, 0.2418212890625, 0.2337646484375, 0.2366943359375, 0.246337890625, 0.302734375, 0.458251953125, 0.8447265625, 0.72412109375, 0.43505859375, 0.310302734375], "adversary_prediction": [0.34505316615104675, 0.34505346417427063, 0.34510716795921326, 0.34703853726387024, 0.36757031083106995, 0.4588176906108856, 0.4363228380680084, 0.30503973364830017, 0.23452123999595642, 0.21393555402755737, 0.22458752989768982, 0.25932297110557556, 0.29786166548728943, 0.34075579047203064, 0.36974582076072693, 0.3839428722858429, 0.3919200599193573, 0.39094528555870056]}