{"accuracy": [0.4703923165798187, 0.5270169973373413, 0.6976313591003418, 0.6228719353675842, 0.6295337080955505, 0.7150259017944336, 0.7549962997436523, 0.6609918475151062, 0.6058475375175476, 0.6306439638137817, 0.7294596433639526, 0.7982975840568542, 0.733900785446167, 0.6676535606384277, 0.6417468786239624, 0.6643227338790894, 0.7172464728355408, 0.78867506980896], "val_accuracy": [0.5407020449638367, 0.6699029207229614, 0.6034353971481323, 0.6235997080802917, 0.7042568922042847, 0.7531740069389343, 0.6706497669219971, 0.6060492992401123, 0.6355488896369934, 0.7445855140686035, 0.7905153036117554, 0.7255414724349976, 0.6583271026611328, 0.6318147778511047, 0.652352511882782, 0.7120985984802246, 0.7617624998092651, 0.7957431077957153], "p_rule": [0.2220458984375, 0.669921875, 0.361083984375, 0.366943359375, 0.54052734375, 0.966796875, 0.51171875, 0.3701171875, 0.435791015625, 0.78466796875, 0.74462890625, 0.485595703125, 0.387939453125, 0.3603515625, 0.386962890625, 0.468505859375, 0.57470703125, 0.7607421875], "adversary_prediction": [0.35204246640205383, 0.5807409882545471, 0.4363100230693817, 0.4376427233219147, 0.5216483473777771, 0.6204785704612732, 0.6045824885368347, 0.5586969256401062, 0.5820725560188293, 0.557769238948822, 0.5089309811592102, 0.44527140259742737, 0.38724449276924133, 0.37337419390678406, 0.389655202627182, 0.4334140121936798, 0.4888667166233063, 0.5235869288444519]}