{"accuracy": [0.552742600440979, 0.6733288764953613, 0.5602931380271912, 0.630912721157074, 0.7517210841178894, 0.6600044369697571, 0.6278036832809448, 0.6988674402236938, 0.7874749898910522, 0.7315123081207275, 0.6406840085983276, 0.6306906342506409, 0.7113035917282104, 0.8041305541992188, 0.8165667057037354, 0.7563846111297607, 0.6984232664108276, 0.6933155655860901], "val_accuracy": [0.6654716730117798, 0.545149028301239, 0.6168496608734131, 0.7347075939178467, 0.6549406051635742, 0.6231234669685364, 0.6963925361633301, 0.7754873633384705, 0.7161102294921875, 0.634326696395874, 0.6255881786346436, 0.6941519379615784, 0.7822092771530151, 0.8003584742546082, 0.7450145483016968, 0.6889984607696533, 0.6858615279197693, 0.7196952700614929], "p_rule": [0.5732421875, 0.305908203125, 0.406982421875, 0.96533203125, 0.47265625, 0.387939453125, 0.57861328125, 0.83349609375, 0.5048828125, 0.357666015625, 0.347900390625, 0.437744140625, 0.6083984375, 0.87109375, 0.74560546875, 0.5673828125, 0.54736328125, 0.6630859375], "adversary_prediction": [0.4800930321216583, 0.19338372349739075, 0.3213708698749542, 0.5632076859474182, 0.5424972176551819, 0.4931055009365082, 0.5704441666603088, 0.5515994429588318, 0.44523361325263977, 0.364611953496933, 0.35853877663612366, 0.39859893918037415, 0.45728471875190735, 0.5044631361961365, 0.514094889163971, 0.5191991925239563, 0.5121577382087708, 0.5239132046699524]}