{"accuracy": [0.51139897108078, 0.4777202010154724, 0.4777202010154724, 0.4777202010154724, 0.4777202010154724, 0.4777202010154724, 0.4777202010154724, 0.4834196865558624, 0.5808290243148804, 0.6202072501182556, 0.5222797989845276, 0.5222797989845276, 0.5222797989845276, 0.5222797989845276, 0.5222797989845276, 0.5222797989845276, 0.5222797989845276, 0.5222797989845276], "val_accuracy": [0.45606693625450134, 0.45606693625450134, 0.45606693625450134, 0.45606693625450134, 0.45606693625450134, 0.45606693625450134, 0.4607740640640259, 0.5737447738647461, 0.6354602575302124, 0.5439330339431763, 0.5439330339431763, 0.5439330339431763, 0.5439330339431763, 0.5439330339431763, 0.5439330339431763, 0.5439330339431763, 0.5439330339431763, 0.5528242588043213], "p_rule": [0.21923828125, 0.21923828125, 0.21923828125, 0.21923828125, 0.21923828125, 0.21923828125, 0.2254638671875, 0.37255859375, 0.47314453125, 0.21923828125, 0.21923828125, 0.21923828125, 0.21923828125, 0.21923828125, 0.21923828125, 0.21923828125, 0.21923828125, 0.2403564453125], "adversary_prediction": [0.0038433289155364037, 0.003843403421342373, 0.003875614609569311, 0.005413094535470009, 0.012322225607931614, 0.034968700259923935, 0.10254871845245361, 0.21286240220069885, 0.29856619238853455, 0.33664533495903015, 0.3411068022251129, 0.34657183289527893, 0.3498325049877167, 0.3481830656528473, 0.34852638840675354, 0.34344038367271423, 0.3342181146144867, 0.31849047541618347]}