{"accuracy": [0.43923020362854004, 0.4715026021003723, 0.5806069374084473, 0.6771280765533447, 0.5663952827453613, 0.6182087063789368, 0.7110288739204407, 0.7114729881286621, 0.6529977917671204, 0.6075499653816223, 0.6044411659240723, 0.6349371075630188, 0.7083641886711121, 0.768023669719696, 0.7341228723526001, 0.6569948196411133, 0.6142116785049438, 0.6136195659637451], "val_accuracy": [0.46825990080833435, 0.5750560164451599, 0.6649738550186157, 0.5705750584602356, 0.616579532623291, 0.7042568922042847, 0.6951456069946289, 0.6455563902854919, 0.6038835048675537, 0.5950709581375122, 0.6291261911392212, 0.6972367167472839, 0.7553398013114929, 0.7300971150398254, 0.6561613082885742, 0.6109036803245544, 0.6146377921104431, 0.6581030488014221], "p_rule": [0.250244140625, 0.386474609375, 0.646484375, 0.32470703125, 0.42529296875, 0.80078125, 0.67138671875, 0.4453125, 0.36474609375, 0.356689453125, 0.389404296875, 0.50830078125, 0.76708984375, 0.767578125, 0.50244140625, 0.3984375, 0.40478515625, 0.50390625], "adversary_prediction": [0.003968612290918827, 0.11007063090801239, 0.49129191040992737, 0.4340192973613739, 0.4338761270046234, 0.4927076995372772, 0.43074288964271545, 0.32277509570121765, 0.2549951374530792, 0.2537744343280792, 0.29702022671699524, 0.36155107617378235, 0.412809818983078, 0.4278229773044586, 0.4360179007053375, 0.44573816657066345, 0.4390402138233185, 0.44742903113365173]}