{"accuracy": [0.5327905416488647, 0.47061437368392944, 0.47061437368392944, 0.47061437368392944, 0.4710584878921509, 0.4988897144794464, 0.6518134474754333, 0.6300517916679382, 0.5320503115653992, 0.5292376279830933, 0.5293856263160706, 0.5292376279830933, 0.5358993411064148, 0.6139156222343445, 0.7022945880889893, 0.6911917328834534, 0.6230940222740173, 0.5718727111816406], "val_accuracy": [0.46766242384910583, 0.46766242384910583, 0.46766242384910583, 0.4679611623287201, 0.4942494332790375, 0.6401792168617249, 0.6294249296188354, 0.5360717177391052, 0.5324869155883789, 0.5323375463485718, 0.5323375463485718, 0.5377147197723389, 0.6140403151512146, 0.7030619978904724, 0.6793129444122314, 0.6170276403427124, 0.5711725354194641, 0.5424944162368774], "p_rule": [0.25, 0.25, 0.25, 0.250244140625, 0.267578125, 0.5771484375, 0.481689453125, 0.25830078125, 0.250244140625, 0.250244140625, 0.25048828125, 0.265380859375, 0.416259765625, 0.86279296875, 0.65283203125, 0.42919921875, 0.34033203125, 0.31103515625], "adversary_prediction": [0.00384332868270576, 0.0038434441667050123, 0.003988597076386213, 0.00969252921640873, 0.05589154362678528, 0.25816968083381653, 0.38470354676246643, 0.35420599579811096, 0.3462824523448944, 0.3479967415332794, 0.34838083386421204, 0.3387809097766876, 0.3203561007976532, 0.2959161698818207, 0.2687285244464874, 0.23877215385437012, 0.22366538643836975, 0.21304595470428467]}