{"accuracy": [0.5261287689208984, 0.47061437368392944, 0.47061437368392944, 0.47061437368392944, 0.47061437368392944, 0.47061437368392944, 0.47061437368392944, 0.47061437368392944, 0.5829755663871765, 0.5384159684181213, 0.5293856263160706, 0.5293856263160706, 0.5293856263160706, 0.5293856263160706, 0.5293856263160706, 0.5293856263160706, 0.5293856263160706, 0.5293856263160706], "val_accuracy": [0.46766242384910583, 0.46766242384910583, 0.46766242384910583, 0.46766242384910583, 0.46766242384910583, 0.46766242384910583, 0.46766242384910583, 0.5849140882492065, 0.5414488315582275, 0.5323375463485718, 0.5323375463485718, 0.5323375463485718, 0.5323375463485718, 0.5323375463485718, 0.5323375463485718, 0.5323375463485718, 0.5323375463485718, 0.5451829433441162], "p_rule": [0.25, 0.25, 0.25, 0.25, 0.25, 0.25, 0.25, 0.461181640625, 0.268798828125, 0.25, 0.25, 0.25, 0.25, 0.25, 0.25, 0.25, 0.25, 0.2734375], "adversary_prediction": [0.0038433284498751163, 0.003843332175165415, 0.003845921019092202, 0.004084602929651737, 0.008296389132738113, 0.021593473851680756, 0.07771450281143188, 0.17087072134017944, 0.25862839818000793, 0.29824522137641907, 0.3156587779521942, 0.32180550694465637, 0.32343849539756775, 0.32582852244377136, 0.3205873668193817, 0.31590190529823303, 0.305854469537735, 0.2908228933811188]}