{"accuracy": [0.4621761739253998, 0.5222797989845276, 0.7113989591598511, 0.6124352216720581, 0.5782383680343628, 0.6113989353179932, 0.7072538733482361, 0.6984456181526184, 0.5611398816108704, 0.5321243405342102, 0.5445595979690552, 0.6331606507301331, 0.7554404139518738, 0.7756476402282715, 0.7015544176101685, 0.6502590775489807, 0.6326425075531006, 0.6528497338294983], "val_accuracy": [0.5439330339431763, 0.7086820006370544, 0.5873430967330933, 0.5523012280464172, 0.5910041928291321, 0.6778242588043213, 0.7228033542633057, 0.581589937210083, 0.5533472895622253, 0.5679916143417358, 0.6380752921104431, 0.7578451633453369, 0.75, 0.6851464509963989, 0.6281380653381348, 0.6103556752204895, 0.6291841268539429, 0.6762552261352539], "p_rule": [0.21923828125, 0.8330078125, 0.384765625, 0.32568359375, 0.366943359375, 0.67529296875, 0.66259765625, 0.29345703125, 0.2435302734375, 0.266357421875, 0.42041015625, 0.8095703125, 0.70361328125, 0.460693359375, 0.37939453125, 0.365966796875, 0.388427734375, 0.44677734375], "adversary_prediction": [0.34509316086769104, 0.5609807372093201, 0.33827051520347595, 0.26420721411705017, 0.32301589846611023, 0.4422842562198639, 0.49743130803108215, 0.46155503392219543, 0.45003649592399597, 0.4527827799320221, 0.46069929003715515, 0.4360552728176117, 0.38756033778190613, 0.3376863896846771, 0.30946603417396545, 0.2914600074291229, 0.3076954782009125, 0.3348948657512665]}