{"accuracy": [0.5011848211288452, 0.5313981175422668, 0.7037914395332336, 0.6380331516265869, 0.6966824531555176, 0.7505924105644226, 0.7055687308311462, 0.6510663628578186, 0.6404028534889221, 0.7055687308311462, 0.7950236797332764, 0.7825829386711121, 0.6866113543510437, 0.6451421976089478, 0.6522511839866638, 0.7026066184043884, 0.7843601703643799, 0.8240521550178528], "val_accuracy": [0.5068739056587219, 0.7071129679679871, 0.6323968768119812, 0.7041243314743042, 0.7286311984062195, 0.6724447011947632, 0.6180514097213745, 0.614465057849884, 0.6694560647010803, 0.7698744535446167, 0.7728631496429443, 0.692169725894928, 0.6377764344215393, 0.643753707408905, 0.6939629316329956, 0.7698744535446167, 0.8063359260559082, 0.7949790954589844], "p_rule": [0.265380859375, 0.76416015625, 0.4306640625, 0.63427734375, 0.892578125, 0.548828125, 0.392822265625, 0.3779296875, 0.4638671875, 0.67578125, 0.94482421875, 0.5703125, 0.451416015625, 0.47314453125, 0.62158203125, 0.9267578125, 0.76416015625, 0.615234375], "adversary_prediction": [0.10238747298717499, 0.55108243227005, 0.412715882062912, 0.5244049429893494, 0.6182869076728821, 0.516129195690155, 0.3928334414958954, 0.37141814827919006, 0.41912248730659485, 0.48648568987846375, 0.5244432091712952, 0.5285519957542419, 0.5267173647880554, 0.5258724093437195, 0.5220170617103577, 0.5133140683174133, 0.5040566325187683, 0.48488977551460266]}