{"accuracy": [0.5386437773704529, 0.48149245977401733, 0.5910571217536926, 0.6718981266021729, 0.5774356126785278, 0.6443588733673096, 0.7257921099662781, 0.7251998782157898, 0.6798933744430542, 0.6393248438835144, 0.6292567253112793, 0.6452472805976868, 0.7032869458198547, 0.7565886974334717, 0.7722830772399902, 0.7278649806976318, 0.6736748814582825, 0.6538347601890564], "val_accuracy": [0.46668657660484314, 0.5766357779502869, 0.6746339797973633, 0.5930684208869934, 0.65192711353302, 0.7158649563789368, 0.7054077982902527, 0.6668658256530762, 0.6244397759437561, 0.6109949350357056, 0.6348969340324402, 0.6832984685897827, 0.7418583631515503, 0.7654616236686707, 0.7317000031471252, 0.6791156530380249, 0.6558111906051636, 0.6737377047538757], "p_rule": [0.2078857421875, 0.32275390625, 0.5390625, 0.30859375, 0.43798828125, 0.79150390625, 0.74658203125, 0.4833984375, 0.37451171875, 0.3505859375, 0.377685546875, 0.485107421875, 0.66552734375, 0.98876953125, 0.68994140625, 0.501953125, 0.451171875, 0.49560546875], "adversary_prediction": [0.0041064051911234856, 0.2426474690437317, 0.496015340089798, 0.4160498082637787, 0.4935625493526459, 0.5706260800361633, 0.5602714419364929, 0.48781058192253113, 0.4152206480503082, 0.3877570331096649, 0.40435585379600525, 0.4355016052722931, 0.48643460869789124, 0.5096806883811951, 0.5095190405845642, 0.5071437954902649, 0.5050926804542542, 0.5020902752876282]}