{"accuracy": [0.50829017162323, 0.5621761679649353, 0.6471502780914307, 0.6642487049102783, 0.7492228150367737, 0.7378238439559937, 0.6860103607177734, 0.669948160648346, 0.7139896154403687, 0.7854922413825989, 0.8046632409095764, 0.720725417137146, 0.6668393611907959, 0.6725388765335083, 0.7305699586868286, 0.8010362982749939, 0.830051839351654, 0.804145097732544], "val_accuracy": [0.5324267745018005, 0.6542887091636658, 0.6657949686050415, 0.7296025156974792, 0.7071129679679871, 0.6663179993629456, 0.6495816111564636, 0.6903765797615051, 0.7703974843025208, 0.7860878705978394, 0.7133890986442566, 0.6448744535446167, 0.6501045823097229, 0.7055439352989197, 0.7871338725090027, 0.8164225816726685, 0.7928870320320129, 0.7625523209571838], "p_rule": [0.30126953125, 0.466796875, 0.488037109375, 0.888671875, 0.66357421875, 0.46435546875, 0.418212890625, 0.490478515625, 0.63427734375, 0.96337890625, 0.6513671875, 0.48486328125, 0.48583984375, 0.666015625, 0.939453125, 0.7734375, 0.63720703125, 0.552734375], "adversary_prediction": [0.06356118619441986, 0.44195064902305603, 0.47203364968299866, 0.6626660227775574, 0.6138693690299988, 0.4595578610897064, 0.4118126332759857, 0.4682738482952118, 0.5483888983726501, 0.5856104493141174, 0.5781344771385193, 0.5512592196464539, 0.5596693158149719, 0.5651550889015198, 0.5605977177619934, 0.5381216406822205, 0.5094855427742004, 0.4850941598415375]}