{"accuracy": [0.5082185864448547, 0.69124835729599, 0.5357618927955627, 0.6574855446815491, 0.7405597567558289, 0.5975122451782227, 0.5997334718704224, 0.7210128903388977, 0.8076410293579102, 0.7076854705810547, 0.6343846917152405, 0.6348289847373962, 0.7076854705810547, 0.7858729362487793, 0.8205242156982422, 0.7920923829078674, 0.7450022101402283, 0.7307863235473633], "val_accuracy": [0.6651725769042969, 0.5495293736457825, 0.6669654846191406, 0.7252353429794312, 0.5876288414001465, 0.5912147164344788, 0.7019273638725281, 0.783056914806366, 0.7176154255867004, 0.632900059223175, 0.6373823285102844, 0.7014791369438171, 0.7781264185905457, 0.7929179668426514, 0.7669206857681274, 0.738682210445404, 0.720753014087677, 0.733751654624939], "p_rule": [0.5458984375, 0.2281494140625, 0.468505859375, 0.60791015625, 0.34130859375, 0.33349609375, 0.48974609375, 0.86962890625, 0.6181640625, 0.398193359375, 0.399169921875, 0.5654296875, 0.86767578125, 0.8125, 0.60400390625, 0.50537109375, 0.48291015625, 0.49462890625], "adversary_prediction": [0.599605143070221, 0.3454776108264923, 0.4262988865375519, 0.6564006209373474, 0.4044576585292816, 0.38013526797294617, 0.5157297253608704, 0.6209569573402405, 0.6042727828025818, 0.5765162110328674, 0.5734286904335022, 0.5894429087638855, 0.614410936832428, 0.5861847996711731, 0.5510149598121643, 0.5195544362068176, 0.4911801517009735, 0.5138675570487976]}