{"accuracy": [0.5720207095146179, 0.7398963570594788, 0.6554403901100159, 0.5383419394493103, 0.696891188621521, 0.7455958724021912, 0.606217622756958, 0.6761658191680908, 0.8207253813743591, 0.7974093556404114, 0.7150259017944336, 0.7046632170677185, 0.7637305855751038, 0.8238341808319092, 0.8305699229240417, 0.7984455823898315, 0.7632124423980713, 0.772020697593689], "val_accuracy": [0.7207112908363342, 0.6365062594413757, 0.5507321953773499, 0.6663179993629456, 0.7369247078895569, 0.5862970948219299, 0.6668410301208496, 0.7855648398399353, 0.7646443247795105, 0.6976987719535828, 0.6908996105194092, 0.7489539980888367, 0.7839958071708679, 0.7923640012741089, 0.7719665169715881, 0.7468619346618652, 0.7510460019111633, 0.7766736149787903], "p_rule": [0.92626953125, 0.381591796875, 0.248291015625, 0.60009765625, 0.4833984375, 0.330078125, 0.392578125, 0.6435546875, 0.8984375, 0.5849609375, 0.55908203125, 0.72802734375, 0.96533203125, 0.71533203125, 0.5830078125, 0.53271484375, 0.5390625, 0.59521484375], "adversary_prediction": [0.6173097491264343, 0.467192143201828, 0.39944085478782654, 0.5417898297309875, 0.5192360281944275, 0.3512875735759735, 0.40589407086372375, 0.5893357396125793, 0.6114123463630676, 0.5863718390464783, 0.5818857550621033, 0.6135157942771912, 0.6307931542396545, 0.6009358763694763, 0.561672031879425, 0.5478313565254211, 0.545987069606781, 0.5918870568275452]}