{"accuracy": [0.4583950340747833, 0.5185075402259827, 0.5199881792068481, 0.6944032907485962, 0.6425821781158447, 0.5946105718612671, 0.5999407768249512, 0.6553153395652771, 0.7290494441986084, 0.6437666416168213, 0.5578916072845459, 0.5439739227294922, 0.5780278444290161, 0.6958839297294617, 0.7805745005607605, 0.7139472961425781, 0.6419899463653564, 0.6197808980941772], "val_accuracy": [0.5333133935928345, 0.5354048609733582, 0.6889752149581909, 0.6229459047317505, 0.5808186531066895, 0.5894831418991089, 0.6381834745407104, 0.7137735486030579, 0.6558111906051636, 0.5703614950180054, 0.5590080618858337, 0.5897818803787231, 0.6952494978904724, 0.7726321816444397, 0.6988347768783569, 0.6334030628204346, 0.6112936735153198, 0.6322079300880432], "p_rule": [0.207763671875, 0.2098388671875, 0.76513671875, 0.529296875, 0.3681640625, 0.3701171875, 0.5234375, 0.986328125, 0.439453125, 0.265380859375, 0.2435302734375, 0.305419921875, 0.58837890625, 0.79541015625, 0.472900390625, 0.364990234375, 0.329833984375, 0.36376953125], "adversary_prediction": [0.34505316615104675, 0.3451789915561676, 0.5161373019218445, 0.5163806080818176, 0.39522668719291687, 0.37319216132164, 0.4347272217273712, 0.458305686712265, 0.43398353457450867, 0.4038465917110443, 0.4086035192012787, 0.40091314911842346, 0.3971393406391144, 0.37745562195777893, 0.3327936828136444, 0.3018128573894501, 0.29704269766807556, 0.30337437987327576]}