{"accuracy": [0.4749000370502472, 0.5219902396202087, 0.5219902396202087, 0.5219902396202087, 0.5219902396202087, 0.5219902396202087, 0.5219902396202087, 0.5219902396202087, 0.5313194394111633, 0.6685917377471924, 0.5370946526527405, 0.493114173412323, 0.48289647698402405, 0.47978675365448, 0.48067525029182434, 0.48023101687431335, 0.48289647698402405, 0.49444690346717834], "val_accuracy": [0.5360824465751648, 0.5360824465751648, 0.5360824465751648, 0.5360824465751648, 0.5360824465751648, 0.5360824465751648, 0.5360824465751648, 0.5468399524688721, 0.6620349884033203, 0.5235320329666138, 0.47557148337364197, 0.46526220440864563, 0.4648139774799347, 0.4648139774799347, 0.4648139774799347, 0.46660691499710083, 0.4760197103023529, 0.5073958039283752], "p_rule": [0.2147216796875, 0.2147216796875, 0.2147216796875, 0.2147216796875, 0.2147216796875, 0.2147216796875, 0.2147216796875, 0.228759765625, 0.70166015625, 0.25830078125, 0.2154541015625, 0.2161865234375, 0.2161865234375, 0.2161865234375, 0.216796875, 0.21484375, 0.21728515625, 0.241455078125], "adversary_prediction": [0.34505316615104675, 0.34505316615104675, 0.3450547158718109, 0.3451260030269623, 0.3461589515209198, 0.3503095805644989, 0.36474886536598206, 0.3619849979877472, 0.3265627324581146, 0.24478214979171753, 0.17955619096755981, 0.14200177788734436, 0.12815013527870178, 0.12913966178894043, 0.1419893503189087, 0.15974515676498413, 0.19152256846427917, 0.224928617477417]}