{"accuracy": [0.5531867742538452, 0.47723740339279175, 0.48789694905281067, 0.5982677936553955, 0.6819897890090942, 0.6369087100028992, 0.5898290276527405, 0.5996002554893494, 0.6704419255256653, 0.7250721454620361, 0.678658664226532, 0.6042638421058655, 0.5696202516555786, 0.5685098767280579, 0.6062625050544739, 0.6773262023925781, 0.7383966445922852, 0.7375083565711975], "val_accuracy": [0.4732242822647095, 0.48397937417030334, 0.5854806303977966, 0.6591978669166565, 0.636343240737915, 0.5933228731155396, 0.6054223775863647, 0.669952929019928, 0.6948240995407104, 0.6531481146812439, 0.5930988192558289, 0.5592650771141052, 0.5626260638237, 0.5971319675445557, 0.6553887724876404, 0.7046829462051392, 0.7105086445808411, 0.691239058971405], "p_rule": [0.2193603515625, 0.2252197265625, 0.3994140625, 0.91552734375, 0.49658203125, 0.34130859375, 0.371337890625, 0.58544921875, 0.9306640625, 0.50830078125, 0.336181640625, 0.28955078125, 0.289794921875, 0.336669921875, 0.469482421875, 0.7294921875, 0.88037109375, 0.626953125], "adversary_prediction": [0.0038493068423122168, 0.016950450837612152, 0.17327705025672913, 0.594906747341156, 0.5196459889411926, 0.4244641363620758, 0.45987263321876526, 0.48091503977775574, 0.4564061462879181, 0.38598117232322693, 0.31806913018226624, 0.28154847025871277, 0.28002217411994934, 0.31080153584480286, 0.3434354364871979, 0.3874022662639618, 0.40886905789375305, 0.42101773619651794]}