{"accuracy": [0.5360870361328125, 0.47723740339279175, 0.4974461495876312, 0.7228514552116394, 0.5709527134895325, 0.5800577402114868, 0.6768820881843567, 0.7388407588005066, 0.6964246034622192, 0.6429047584533691, 0.613813042640686, 0.6182544827461243, 0.6513435244560242, 0.7124139666557312, 0.7639351487159729, 0.7501665353775024, 0.6811015009880066, 0.6251388192176819], "val_accuracy": [0.4732242822647095, 0.496751070022583, 0.7049070000648499, 0.5756217837333679, 0.5834640264511108, 0.666592001914978, 0.7123011350631714, 0.6757786273956299, 0.6323100924491882, 0.6038538813591003, 0.6069908142089844, 0.640824556350708, 0.6939278244972229, 0.7347075939178467, 0.730002224445343, 0.6735379695892334, 0.6255881786346436, 0.6148330569267273], "p_rule": [0.2193603515625, 0.2332763671875, 0.91845703125, 0.301513671875, 0.31494140625, 0.5615234375, 0.92822265625, 0.54443359375, 0.397705078125, 0.35302734375, 0.35546875, 0.394775390625, 0.51708984375, 0.7529296875, 0.85498046875, 0.5537109375, 0.416015625, 0.39111328125], "adversary_prediction": [0.0038435442838817835, 0.0232827328145504, 0.5238980650901794, 0.3710884749889374, 0.40057268738746643, 0.47922053933143616, 0.4936372935771942, 0.4163797199726105, 0.3280138671398163, 0.29218658804893494, 0.29919829964637756, 0.32244929671287537, 0.36651280522346497, 0.4123925268650055, 0.4401712715625763, 0.45026448369026184, 0.4399683177471161, 0.4486914575099945]}