{"accuracy": [0.5253183245658875, 0.5185075402259827, 0.5185075402259827, 0.5185075402259827, 0.5185075402259827, 0.5620372891426086, 0.6911460161209106, 0.6209653615951538, 0.5593722462654114, 0.5282795429229736, 0.5235416293144226, 0.5309446454048157, 0.5753627419471741, 0.6393248438835144, 0.7089132070541382, 0.6923304796218872, 0.6031981110572815, 0.5413088798522949], "val_accuracy": [0.5333133935928345, 0.5333133935928345, 0.5333133935928345, 0.5333133935928345, 0.5754407048225403, 0.6779205203056335, 0.6029279828071594, 0.5434717535972595, 0.5141918063163757, 0.5123991370201111, 0.5219599604606628, 0.5602031946182251, 0.6232447028160095, 0.6895727515220642, 0.6976397037506104, 0.6133851408958435, 0.5545264482498169, 0.5428742170333862], "p_rule": [0.207763671875, 0.207763671875, 0.207763671875, 0.207763671875, 0.271728515625, 0.873046875, 0.493896484375, 0.306640625, 0.25732421875, 0.2467041015625, 0.2578125, 0.32421875, 0.483642578125, 0.8984375, 0.59619140625, 0.33837890625, 0.2362060546875, 0.2200927734375], "adversary_prediction": [0.34505316615104675, 0.34505316615104675, 0.3450738489627838, 0.3470466434955597, 0.3750576078891754, 0.4364947974681854, 0.34456589818000793, 0.24312621355056763, 0.2057105004787445, 0.20437967777252197, 0.2238546907901764, 0.25556614995002747, 0.2915990650653839, 0.31702300906181335, 0.3309548795223236, 0.34139731526374817, 0.347657173871994, 0.3499414026737213]}