{"accuracy": [0.5023317933082581, 0.47723740339279175, 0.47723740339279175, 0.47723740339279175, 0.4801243543624878, 0.5618476867675781, 0.6977570652961731, 0.5811681151390076, 0.526759922504425, 0.5234287977218628, 0.5243171453475952, 0.5356429219245911, 0.6040417551994324, 0.6855430006980896, 0.7144126296043396, 0.6784365773200989, 0.6298023462295532, 0.5942704677581787], "val_accuracy": [0.4732242822647095, 0.4732242822647095, 0.4732242822647095, 0.47748151421546936, 0.5545597076416016, 0.6753305196762085, 0.5834640264511108, 0.532377302646637, 0.5278960466384888, 0.5294644832611084, 0.5404436588287354, 0.6043020486831665, 0.6715214252471924, 0.6809321045875549, 0.6585256457328796, 0.6193143725395203, 0.5834640264511108, 0.5666592121124268], "p_rule": [0.2193603515625, 0.2193603515625, 0.2193603515625, 0.222412109375, 0.314453125, 0.8984375, 0.33544921875, 0.2269287109375, 0.219970703125, 0.2220458984375, 0.2413330078125, 0.3671875, 0.6513671875, 0.8857421875, 0.57763671875, 0.418212890625, 0.3408203125, 0.3212890625], "adversary_prediction": [0.0038433289155364037, 0.003843598300591111, 0.004203872289508581, 0.019444139674305916, 0.1596693992614746, 0.3533783257007599, 0.3748755156993866, 0.3644297420978546, 0.36177316308021545, 0.36430492997169495, 0.36202380061149597, 0.359221488237381, 0.3450852334499359, 0.31914350390434265, 0.2923401892185211, 0.2582513391971588, 0.23904412984848022, 0.22864311933517456]}