{"accuracy": [0.5642486810684204, 0.4777202010154724, 0.4777202010154724, 0.5279792547225952, 0.7145077586174011, 0.6300517916679382, 0.5575129389762878, 0.5720207095146179, 0.6585492491722107, 0.7227979302406311, 0.7145077586174011, 0.6549223065376282, 0.613471508026123, 0.5891191959381104, 0.6015543937683105, 0.6269429922103882, 0.6865285038948059, 0.7481865286827087], "val_accuracy": [0.45606693625450134, 0.45606693625450134, 0.5047070980072021, 0.689330518245697, 0.6391213536262512, 0.5695606470108032, 0.5967572927474976, 0.6699790954589844, 0.7128661274909973, 0.694037675857544, 0.6265690326690674, 0.5852510333061218, 0.5638075470924377, 0.5669456124305725, 0.6004183888435364, 0.6521966457366943, 0.714958131313324, 0.741631805896759], "p_rule": [0.21923828125, 0.21923828125, 0.260498046875, 0.75146484375, 0.42041015625, 0.26220703125, 0.2978515625, 0.49365234375, 0.90869140625, 0.6943359375, 0.416015625, 0.34033203125, 0.30224609375, 0.310302734375, 0.357177734375, 0.449951171875, 0.65673828125, 0.91796875], "adversary_prediction": [0.003843330079689622, 0.0038954243063926697, 0.07638667523860931, 0.5051117539405823, 0.4612683355808258, 0.4144289195537567, 0.43234196305274963, 0.4511047303676605, 0.44372186064720154, 0.38891348242759705, 0.31566110253334045, 0.27296945452690125, 0.24661704897880554, 0.24841177463531494, 0.2685067355632782, 0.3045467436313629, 0.32995662093162537, 0.3545786440372467]}