{"accuracy": [0.4762327969074249, 0.5219902396202087, 0.5219902396202087, 0.5219902396202087, 0.5219902396202087, 0.5219902396202087, 0.5219902396202087, 0.5219902396202087, 0.5219902396202087, 0.6792536377906799, 0.5779653191566467, 0.5179920196533203, 0.493558406829834, 0.4904486835002899, 0.48689472675323486, 0.48689472675323486, 0.4904486835002899, 0.493558406829834], "val_accuracy": [0.5360824465751648, 0.5360824465751648, 0.5360824465751648, 0.5360824465751648, 0.5360824465751648, 0.5360824465751648, 0.5360824465751648, 0.5360824465751648, 0.6759300827980042, 0.5688032507896423, 0.5029134750366211, 0.48050200939178467, 0.47288212180137634, 0.4697445034980774, 0.47019273042678833, 0.47288212180137634, 0.47826087474823, 0.4943971335887909], "p_rule": [0.2147216796875, 0.2147216796875, 0.2147216796875, 0.2147216796875, 0.2147216796875, 0.2147216796875, 0.2147216796875, 0.2147216796875, 0.73828125, 0.373291015625, 0.2470703125, 0.22412109375, 0.2208251953125, 0.21728515625, 0.218017578125, 0.2193603515625, 0.2208251953125, 0.2423095703125], "adversary_prediction": [0.34505316615104675, 0.34505316615104675, 0.3450535237789154, 0.3450656235218048, 0.34534695744514465, 0.34708455204963684, 0.35191550850868225, 0.35939821600914, 0.33829042315483093, 0.2853371202945709, 0.20638421177864075, 0.15561842918395996, 0.13019917905330658, 0.1206178069114685, 0.12263414263725281, 0.13884085416793823, 0.16236412525177002, 0.1957542896270752]}