{"accuracy": [0.5129533410072327, 0.5173945426940918, 0.5173945426940918, 0.522575855255127, 0.6698741912841797, 0.6450777053833008, 0.591783881187439, 0.5777202248573303, 0.5947446227073669, 0.64433753490448, 0.7198371291160583, 0.6313841342926025, 0.538119912147522, 0.5310880541801453, 0.537009596824646, 0.6080681085586548, 0.7313101291656494, 0.7620280981063843], "val_accuracy": [0.5324869155883789, 0.5324869155883789, 0.5392083525657654, 0.6691560745239258, 0.6460044980049133, 0.588125467300415, 0.5679611563682556, 0.5836445093154907, 0.6407766938209534, 0.708737850189209, 0.6377893686294556, 0.5545182824134827, 0.5418222546577454, 0.5556385517120361, 0.6187453269958496, 0.7266616821289062, 0.7445855140686035, 0.6885735392570496], "p_rule": [0.20849609375, 0.20849609375, 0.216064453125, 0.72265625, 0.6025390625, 0.39404296875, 0.3408203125, 0.35498046875, 0.491943359375, 0.95556640625, 0.416259765625, 0.2406005859375, 0.2237548828125, 0.2435302734375, 0.36669921875, 0.75341796875, 0.70458984375, 0.473388671875], "adversary_prediction": [0.34505316615104675, 0.34505364298820496, 0.3490937650203705, 0.4440700113773346, 0.4478972852230072, 0.327951580286026, 0.29124292731285095, 0.30160650610923767, 0.34529122710227966, 0.37010887265205383, 0.3768537938594818, 0.36885806918144226, 0.37856659293174744, 0.3690933287143707, 0.3612688481807709, 0.36391571164131165, 0.3441380560398102, 0.3269865810871124]}