{"accuracy": [0.45979565382003784, 0.5219902396202087, 0.5219902396202087, 0.5219902396202087, 0.5219902396202087, 0.5219902396202087, 0.5268769264221191, 0.6605952978134155, 0.5948467254638672, 0.520657479763031, 0.49888938665390015, 0.48911595344543457, 0.4913371801376343, 0.4971123933792114, 0.521101713180542, 0.5713016390800476, 0.6730341911315918, 0.6903598308563232], "val_accuracy": [0.5360824465751648, 0.5360824465751648, 0.5360824465751648, 0.5360824465751648, 0.5360824465751648, 0.5387718677520752, 0.6647243499755859, 0.5782160758972168, 0.5047063827514648, 0.48274317383766174, 0.47422680258750916, 0.4746750295162201, 0.4809502363204956, 0.49887943267822266, 0.5589421987533569, 0.6647243499755859, 0.7149260640144348, 0.5876288414001465], "p_rule": [0.2147216796875, 0.2147216796875, 0.2147216796875, 0.2147216796875, 0.2147216796875, 0.223388671875, 0.70263671875, 0.380859375, 0.2449951171875, 0.2266845703125, 0.225341796875, 0.22412109375, 0.2274169921875, 0.2430419921875, 0.3056640625, 0.58447265625, 0.740234375, 0.3046875], "adversary_prediction": [0.34505316615104675, 0.34505316615104675, 0.34505489468574524, 0.3452335298061371, 0.35051414370536804, 0.3775869905948639, 0.3836934268474579, 0.3315500319004059, 0.21305835247039795, 0.1651010513305664, 0.15186342597007751, 0.15750443935394287, 0.18265432119369507, 0.21640276908874512, 0.2564491331577301, 0.2979871928691864, 0.3163929879665375, 0.33490243554115295]}