{"accuracy": [0.4883410930633545, 0.47723740339279175, 0.47723740339279175, 0.5545192360877991, 0.7041972279548645, 0.5749500393867493, 0.5478569865226746, 0.5833888649940491, 0.6846546530723572, 0.7248501181602478, 0.6817677021026611, 0.6349100470542908, 0.5927159786224365, 0.5893848538398743, 0.5991561412811279, 0.6442371606826782, 0.7001998424530029, 0.7375083565711975], "val_accuracy": [0.4732242822647095, 0.4732242822647095, 0.5442527532577515, 0.6802599430084229, 0.5780864953994751, 0.5491821765899658, 0.5830159187316895, 0.6647994518280029, 0.6975128650665283, 0.6623347401618958, 0.6177459359169006, 0.5845843553543091, 0.5789827704429626, 0.5935469269752502, 0.6323100924491882, 0.6728658080101013, 0.7069236040115356, 0.718350887298584], "p_rule": [0.2193603515625, 0.2196044921875, 0.302978515625, 0.9384765625, 0.308837890625, 0.25146484375, 0.30908203125, 0.5849609375, 0.921875, 0.57421875, 0.411376953125, 0.342041015625, 0.327392578125, 0.3447265625, 0.41064453125, 0.55322265625, 0.7744140625, 0.91845703125], "adversary_prediction": [0.003843350103124976, 0.003520280821248889, 0.11229009926319122, 0.37926921248435974, 0.3481455147266388, 0.35442331433296204, 0.36171987652778625, 0.38129761815071106, 0.3597036302089691, 0.3123798668384552, 0.2593061029911041, 0.23174774646759033, 0.22786003351211548, 0.24118059873580933, 0.2628048360347748, 0.30461809039115906, 0.3280654847621918, 0.35291948914527893]}