{"accuracy": [0.4827892482280731, 0.5227625966072083, 0.5227625966072083, 0.5227625966072083, 0.5227625966072083, 0.5227625966072083, 0.5243171453475952, 0.6702198386192322, 0.5629580020904541, 0.4963357746601105, 0.4850099980831146, 0.48323339223861694, 0.4850099980831146, 0.4945591688156128, 0.5285365581512451, 0.6109260320663452, 0.7186320424079895, 0.6633355617523193], "val_accuracy": [0.5267757177352905, 0.5267757177352905, 0.5267757177352905, 0.5267757177352905, 0.5267757177352905, 0.5274478793144226, 0.6683844923973083, 0.5545597076416016, 0.4927178919315338, 0.4788258969783783, 0.47770556807518005, 0.4790499806404114, 0.4889087975025177, 0.5222944021224976, 0.6009410619735718, 0.6914631128311157, 0.6632310152053833, 0.5460452437400818], "p_rule": [0.2193603515625, 0.2193603515625, 0.2193603515625, 0.2193603515625, 0.2193603515625, 0.2216796875, 0.8701171875, 0.30078125, 0.2274169921875, 0.2225341796875, 0.2216796875, 0.2220458984375, 0.2252197265625, 0.25439453125, 0.374755859375, 0.79541015625, 0.49853515625, 0.25146484375], "adversary_prediction": [0.34505316615104675, 0.34505316615104675, 0.34506145119667053, 0.34543171525001526, 0.349740594625473, 0.36393114924430847, 0.36242642998695374, 0.2487899661064148, 0.17938438057899475, 0.13820311427116394, 0.13631287217140198, 0.15284940600395203, 0.18722885847091675, 0.22847944498062134, 0.2677139937877655, 0.3004715144634247, 0.32755258679389954, 0.3353833854198456]}