{"accuracy": [0.5451584458351135, 0.519099771976471, 0.6861119270324707, 0.6111933588981628, 0.6268877983093262, 0.7272727489471436, 0.7254959940910339, 0.5966834425926208, 0.5806929469108582, 0.6647912263870239, 0.7805745005607605, 0.7702102661132812, 0.6932188272476196, 0.6535386443138123, 0.6612377762794495, 0.7172046303749084, 0.7873852252960205, 0.81788569688797], "val_accuracy": [0.5339109897613525, 0.664176881313324, 0.5829100608825684, 0.6029279828071594, 0.7110845446586609, 0.7155661582946777, 0.6074095964431763, 0.5924708843231201, 0.6689572930335999, 0.7717359066009521, 0.7547057271003723, 0.6818045973777771, 0.639079749584198, 0.6507319808006287, 0.7092918753623962, 0.7765162587165833, 0.7950403094291687, 0.7806991338729858], "p_rule": [0.2081298828125, 0.88623046875, 0.34716796875, 0.35888671875, 0.63623046875, 0.6455078125, 0.32275390625, 0.30322265625, 0.468505859375, 0.96435546875, 0.5927734375, 0.412109375, 0.3505859375, 0.37060546875, 0.448486328125, 0.58984375, 0.80322265625, 0.97265625], "adversary_prediction": [0.34508851170539856, 0.6344334483146667, 0.3442426025867462, 0.4037342369556427, 0.5727890133857727, 0.5112687945365906, 0.4514259994029999, 0.4282059371471405, 0.47155413031578064, 0.4381929934024811, 0.4161241948604584, 0.3552493155002594, 0.3313673436641693, 0.3448881208896637, 0.37361422181129456, 0.43121740221977234, 0.47390976548194885, 0.4951644241809845]}