{"accuracy": [0.5002220869064331, 0.5293856263160706, 0.5293856263160706, 0.5293856263160706, 0.5293856263160706, 0.5293856263160706, 0.5311620831489563, 0.6876387596130371, 0.6000000238418579, 0.522723913192749, 0.49666914343833923, 0.4880829155445099, 0.4900074005126953, 0.4990377426147461, 0.5273131132125854, 0.5924500226974487, 0.6771280765533447, 0.7160621881484985], "val_accuracy": [0.5323375463485718, 0.5323375463485718, 0.5323375463485718, 0.5323375463485718, 0.5323375463485718, 0.5345780253410339, 0.6748319864273071, 0.5920836329460144, 0.5188946723937988, 0.48976847529411316, 0.4830470383167267, 0.484988808631897, 0.49514561891555786, 0.5254667401313782, 0.5882001519203186, 0.6713965535163879, 0.7042568922042847, 0.6255414485931396], "p_rule": [0.25, 0.25, 0.25, 0.25, 0.25, 0.251220703125, 0.8037109375, 0.463623046875, 0.29248046875, 0.26318359375, 0.2578125, 0.2587890625, 0.26416015625, 0.294921875, 0.385009765625, 0.65625, 0.82763671875, 0.433837890625], "adversary_prediction": [0.34505316615104675, 0.34505316615104675, 0.34505751729011536, 0.345385879278183, 0.34979167580604553, 0.36134395003318787, 0.3680436313152313, 0.3100244700908661, 0.23082107305526733, 0.18509674072265625, 0.16963431239128113, 0.1773679256439209, 0.20060819387435913, 0.22915828227996826, 0.25834307074546814, 0.2993771731853485, 0.32019999623298645, 0.33022359013557434]}