{"accuracy": [0.4700133204460144, 0.47800976037979126, 0.47800976037979126, 0.47800976037979126, 0.5015548467636108, 0.6419368982315063, 0.65082186460495, 0.533540666103363, 0.5268769264221191, 0.5286539196968079, 0.5588627457618713, 0.6512660980224609, 0.705464243888855, 0.6770324110984802, 0.5988449454307556, 0.5535317659378052, 0.5286539196968079, 0.5259884595870972], "val_accuracy": [0.4639175236225128, 0.4639175236225128, 0.4639175236225128, 0.4885701537132263, 0.6221425533294678, 0.6467951536178589, 0.5472882390022278, 0.5392200946807861, 0.5410130023956299, 0.5638726949691772, 0.6633796691894531, 0.6929628252983093, 0.6490362882614136, 0.5813536643981934, 0.5311519503593445, 0.5141192078590393, 0.5114298462867737, 0.5181533098220825], "p_rule": [0.21484375, 0.21484375, 0.21484375, 0.22998046875, 0.51611328125, 0.5146484375, 0.23681640625, 0.221435546875, 0.22265625, 0.267578125, 0.50390625, 0.9853515625, 0.54052734375, 0.32958984375, 0.27392578125, 0.239501953125, 0.239501953125, 0.2476806640625], "adversary_prediction": [0.0038433298468589783, 0.003845937317237258, 0.007250870577991009, 0.05616848170757294, 0.2836691439151764, 0.370005339384079, 0.3597216308116913, 0.35895517468452454, 0.351552814245224, 0.3492632806301117, 0.33698293566703796, 0.30781468749046326, 0.2697136104106903, 0.2339414656162262, 0.2046695351600647, 0.1933828592300415, 0.18701088428497314, 0.196051687002182]}