{"accuracy": [0.5592153668403625, 0.4826054871082306, 0.48593634366989136, 0.6380459070205688, 0.6143597364425659, 0.5518134832382202, 0.6195411086082458, 0.7290895581245422, 0.7172464728355408, 0.6476684212684631, 0.6106587648391724, 0.5925240516662598, 0.6128793358802795, 0.6698741912841797, 0.736121416091919, 0.770170271396637, 0.7387120723724365, 0.6846780180931091], "val_accuracy": [0.4675130546092987, 0.4701269567012787, 0.630694568157196, 0.6183719038963318, 0.5623599886894226, 0.6250933408737183, 0.7098581194877625, 0.7128453850746155, 0.6426437497138977, 0.5970873832702637, 0.5866318345069885, 0.6101568341255188, 0.6643016934394836, 0.7303957939147949, 0.7625093460083008, 0.7326362729072571, 0.6874533295631409, 0.6624346375465393], "p_rule": [0.2083740234375, 0.21435546875, 0.462158203125, 0.384765625, 0.264404296875, 0.397705078125, 0.8232421875, 0.650390625, 0.39990234375, 0.31494140625, 0.301513671875, 0.326416015625, 0.408447265625, 0.5986328125, 0.92724609375, 0.72119140625, 0.52197265625, 0.45556640625], "adversary_prediction": [0.003844968508929014, 0.009890138171613216, 0.34684422612190247, 0.47416678071022034, 0.43056806921958923, 0.4878547489643097, 0.4989264905452728, 0.44574758410453796, 0.3422202169895172, 0.29030999541282654, 0.27541765570640564, 0.2896270453929901, 0.33753272891044617, 0.3796096742153168, 0.4213723838329315, 0.4440924823284149, 0.4548979699611664, 0.4624840319156647]}