{"accuracy": [0.484529972076416, 0.5293856263160706, 0.5293856263160706, 0.5293856263160706, 0.5293856263160706, 0.6143597364425659, 0.6717986464500427, 0.5785344243049622, 0.5299777984619141, 0.5159141421318054, 0.5222797989845276, 0.5520355105400085, 0.6168763637542725, 0.7000740170478821, 0.7039230465888977, 0.5878608226776123, 0.5403404831886292, 0.5357512831687927], "val_accuracy": [0.5323375463485718, 0.5323375463485718, 0.5323375463485718, 0.5323375463485718, 0.6135922074317932, 0.6666168570518494, 0.5729649066925049, 0.5259148478507996, 0.5109783411026001, 0.5176997780799866, 0.5484690070152283, 0.6122479438781738, 0.6920089721679688, 0.6905153393745422, 0.587453305721283, 0.5475727915763855, 0.5395070910453796, 0.5453323125839233], "p_rule": [0.25, 0.25, 0.25, 0.25, 0.415283203125, 0.73388671875, 0.375732421875, 0.297119140625, 0.28369140625, 0.291259765625, 0.3203125, 0.433837890625, 0.755859375, 0.64501953125, 0.353515625, 0.271484375, 0.261962890625, 0.269287109375], "adversary_prediction": [0.34505316615104675, 0.3450532853603363, 0.34510692954063416, 0.3481541574001312, 0.3892227113246918, 0.4124099910259247, 0.32727959752082825, 0.24705427885055542, 0.2236861288547516, 0.24385574460029602, 0.2763673961162567, 0.3181305229663849, 0.3397960364818573, 0.36092790961265564, 0.36488643288612366, 0.3654263913631439, 0.3721108138561249, 0.3749963343143463]}