{"accuracy": [0.47512954473495483, 0.5968911647796631, 0.6761658191680908, 0.6709844470024109, 0.7367875576019287, 0.7347150444984436, 0.6730570197105408, 0.6652849912643433, 0.7487046718597412, 0.8036269545555115, 0.6860103607177734, 0.6222797632217407, 0.6575129628181458, 0.7606217861175537, 0.8357512950897217, 0.8020725250244141, 0.7502590417861938, 0.7564767003059387], "val_accuracy": [0.5664225816726685, 0.6820083856582642, 0.6673640012741089, 0.7348326444625854, 0.7092050313949585, 0.6448744535446167, 0.6365062594413757, 0.7269874215126038, 0.7970711588859558, 0.6820083856582642, 0.6359832882881165, 0.6548117399215698, 0.7442468404769897, 0.8179916143417358, 0.7834727764129639, 0.7468619346618652, 0.7400627732276917, 0.7562761306762695], "p_rule": [0.370849609375, 0.58203125, 0.5029296875, 0.87744140625, 0.63134765625, 0.429443359375, 0.406494140625, 0.5244140625, 0.85400390625, 0.57421875, 0.412841796875, 0.49365234375, 0.8095703125, 0.75927734375, 0.60693359375, 0.49609375, 0.494873046875, 0.5478515625], "adversary_prediction": [0.3033669888973236, 0.533873975276947, 0.5335941910743713, 0.6327499747276306, 0.5492122769355774, 0.41951367259025574, 0.36935892701148987, 0.42968204617500305, 0.5009080767631531, 0.538546621799469, 0.5249411463737488, 0.5226475596427917, 0.5209962725639343, 0.4799506366252899, 0.4417474567890167, 0.4216296374797821, 0.428945928812027, 0.47278276085853577]}