{"accuracy": [0.5228787064552307, 0.47800976037979126, 0.47845402359962463, 0.5255442261695862, 0.7170146703720093, 0.5872945189476013, 0.5495335459709167, 0.6086183786392212, 0.7103509306907654, 0.7432252168655396, 0.6934695839881897, 0.6428254246711731, 0.6112838983535767, 0.6108396053314209, 0.6454908847808838, 0.6996890306472778, 0.7663260698318481, 0.7707685232162476], "val_accuracy": [0.4639175236225128, 0.4639175236225128, 0.5132227540016174, 0.7005826830863953, 0.5934558510780334, 0.5629762411117554, 0.6172119975090027, 0.7153742909431458, 0.7252353429794312, 0.6678619384765625, 0.6131779551506042, 0.5831465721130371, 0.5862841606140137, 0.6190049052238464, 0.6741371750831604, 0.733751654624939, 0.7584043145179749, 0.738682210445404], "p_rule": [0.21484375, 0.21484375, 0.259033203125, 0.859375, 0.321533203125, 0.263916015625, 0.37158203125, 0.68212890625, 0.8818359375, 0.5107421875, 0.374267578125, 0.32177734375, 0.322509765625, 0.365966796875, 0.47900390625, 0.703125, 0.9765625, 0.71044921875], "adversary_prediction": [0.003843418788164854, 0.005482671782374382, 0.090488001704216, 0.5515649914741516, 0.4463171660900116, 0.4071226418018341, 0.4573501646518707, 0.497959703207016, 0.46759161353111267, 0.38521018624305725, 0.32647374272346497, 0.2915937602519989, 0.28930559754371643, 0.31949207186698914, 0.3490610420703888, 0.3911450207233429, 0.4268028438091278, 0.4367636740207672]}