{"accuracy": [0.5260663628578186, 0.5266587734222412, 0.5272511839866638, 0.7085307836532593, 0.6392180323600769, 0.6024881601333618, 0.6143364906311035, 0.6783175468444824, 0.7695497870445251, 0.6937204003334045, 0.5900474190711975, 0.5622037649154663, 0.5823459625244141, 0.6688388586044312, 0.7671800851821899, 0.7950236797332764, 0.7642180323600769, 0.7334123253822327], "val_accuracy": [0.5433353185653687, 0.5445308089256287, 0.7011356949806213, 0.6264196038246155, 0.581589937210083, 0.5959354639053345, 0.662881076335907, 0.7417812347412109, 0.693365216255188, 0.5953376889228821, 0.5714285969734192, 0.5857740640640259, 0.6592946648597717, 0.7597131133079529, 0.7937836050987244, 0.7483562231063843, 0.7089061737060547, 0.7023311257362366], "p_rule": [0.2357177734375, 0.2357177734375, 0.7841796875, 0.493896484375, 0.3837890625, 0.393798828125, 0.513671875, 0.9208984375, 0.52734375, 0.33642578125, 0.29052734375, 0.324951171875, 0.476806640625, 0.86474609375, 0.77490234375, 0.58349609375, 0.5166015625, 0.494873046875], "adversary_prediction": [0.34505316615104675, 0.34542104601860046, 0.6034416556358337, 0.44014772772789, 0.30805930495262146, 0.31545016169548035, 0.4181802570819855, 0.5072034001350403, 0.5289297699928284, 0.5126317143440247, 0.5064641833305359, 0.5032573342323303, 0.49938562512397766, 0.4826125204563141, 0.4489689767360687, 0.41033825278282166, 0.38400498032569885, 0.3810060918331146]}