{"accuracy": [0.5362694263458252, 0.7131754159927368, 0.6846780180931091, 0.5643967390060425, 0.7128053307533264, 0.7431532144546509, 0.6210214495658875, 0.6965211033821106, 0.8156920671463013, 0.7931162118911743, 0.7276091575622559, 0.7168763875961304, 0.7561066150665283, 0.8094004392623901, 0.8238341808319092, 0.801998496055603, 0.7738711833953857, 0.7812731266021729], "val_accuracy": [0.7120985984802246, 0.6956683993339539, 0.556011974811554, 0.6986557245254517, 0.7330096960067749, 0.6239731311798096, 0.6960418224334717, 0.794249415397644, 0.7830470204353333, 0.7259148359298706, 0.7180731892585754, 0.7561613321304321, 0.7949962615966797, 0.8009708523750305, 0.7871546149253845, 0.7613890767097473, 0.7610156536102295, 0.7826736569404602], "p_rule": [0.79931640625, 0.615234375, 0.2783203125, 0.472412109375, 0.75341796875, 0.404541015625, 0.54833984375, 0.98388671875, 0.62646484375, 0.48876953125, 0.48046875, 0.5458984375, 0.697265625, 0.912109375, 0.86572265625, 0.75, 0.7509765625, 0.8330078125], "adversary_prediction": [0.5925025343894958, 0.645118772983551, 0.1828642189502716, 0.3799014389514923, 0.640231192111969, 0.611918032169342, 0.6031845211982727, 0.6245303750038147, 0.5401600003242493, 0.5006412863731384, 0.4902101457118988, 0.5505868792533875, 0.6016393303871155, 0.6044959425926208, 0.6149675250053406, 0.6114698052406311, 0.6058689951896667, 0.6263055205345154]}