{"accuracy": [0.4840858578681946, 0.5293856263160706, 0.5293856263160706, 0.534122884273529, 0.668097734451294, 0.6531457901000977, 0.601924479007721, 0.5832716226577759, 0.58045893907547, 0.6171724796295166, 0.6811251044273376, 0.7062916159629822, 0.6226499080657959, 0.5529237389564514, 0.5458179116249084, 0.5643227100372314, 0.6374537348747253, 0.7227239012718201], "val_accuracy": [0.5323375463485718, 0.5323375463485718, 0.5375653505325317, 0.6557132005691528, 0.6400298476219177, 0.5982075929641724, 0.5747572779655457, 0.57923823595047, 0.6098580956459045, 0.6679611802101135, 0.7024645209312439, 0.6147871613502502, 0.5599701404571533, 0.5510082244873047, 0.5690814256668091, 0.6304705142974854, 0.7097834348678589, 0.7366691827774048], "p_rule": [0.25, 0.25, 0.2578125, 0.69384765625, 0.70947265625, 0.4736328125, 0.394775390625, 0.393310546875, 0.448486328125, 0.67529296875, 0.8037109375, 0.431396484375, 0.294677734375, 0.27880859375, 0.31298828125, 0.449951171875, 0.75634765625, 0.828125], "adversary_prediction": [0.34505316615104675, 0.3450641334056854, 0.35310032963752747, 0.44054850935935974, 0.42133405804634094, 0.34049418568611145, 0.28367844223976135, 0.2808974087238312, 0.3085179626941681, 0.3389136493206024, 0.35252246260643005, 0.3535824716091156, 0.3477671444416046, 0.35042867064476013, 0.343155175447464, 0.34088554978370667, 0.33566680550575256, 0.3243418037891388]}