{"accuracy": [0.5045151710510254, 0.47061437368392944, 0.47061437368392944, 0.48349371552467346, 0.6328645348548889, 0.6506291627883911, 0.5361953973770142, 0.5327905416488647, 0.55558842420578, 0.6609918475151062, 0.7148778438568115, 0.675351619720459, 0.6253145933151245, 0.5908216238021851, 0.5837157368659973, 0.593782365322113, 0.6251665353775024, 0.6728349328041077], "val_accuracy": [0.46766242384910583, 0.46766242384910583, 0.47961166501045227, 0.6246452331542969, 0.6467512845993042, 0.5396564602851868, 0.5362210869789124, 0.5586258172988892, 0.6654219627380371, 0.7039581537246704, 0.6646751165390015, 0.6182225346565247, 0.5858103036880493, 0.5771471261978149, 0.5880507826805115, 0.6192681193351746, 0.6598954200744629, 0.704704999923706], "p_rule": [0.25, 0.25, 0.256103515625, 0.4765625, 0.529296875, 0.263916015625, 0.2578125, 0.295166015625, 0.55859375, 0.93115234375, 0.56982421875, 0.416259765625, 0.355712890625, 0.344482421875, 0.357421875, 0.400390625, 0.50244140625, 0.68212890625], "adversary_prediction": [0.0038433298468589783, 0.0038734404370188713, 0.017778057605028152, 0.21601352095603943, 0.43509379029273987, 0.40137359499931335, 0.39994123578071594, 0.4284168779850006, 0.4302104413509369, 0.39494505524635315, 0.34402701258659363, 0.29087212681770325, 0.26141098141670227, 0.25223347544670105, 0.2653714120388031, 0.29081717133522034, 0.319532185792923, 0.34831908345222473]}