{"accuracy": [0.5188804864883423, 0.47800976037979126, 0.47800976037979126, 0.47800976037979126, 0.47800976037979126, 0.47800976037979126, 0.47845402359962463, 0.5153264999389648, 0.6548200845718384, 0.5735228657722473, 0.5242114663124084, 0.5219902396202087, 0.5219902396202087, 0.5219902396202087, 0.5219902396202087, 0.5219902396202087, 0.5224344730377197, 0.5868502855300903], "val_accuracy": [0.4639175236225128, 0.4639175236225128, 0.4639175236225128, 0.4639175236225128, 0.4639175236225128, 0.4639175236225128, 0.4993276596069336, 0.6611384749412537, 0.5853877067565918, 0.5378754138946533, 0.5360824465751648, 0.5360824465751648, 0.5360824465751648, 0.5360824465751648, 0.5360824465751648, 0.5374271869659424, 0.6055580377578735, 0.6938592791557312], "p_rule": [0.21484375, 0.21484375, 0.21484375, 0.21484375, 0.21484375, 0.2154541015625, 0.251220703125, 0.69482421875, 0.356689453125, 0.2154541015625, 0.2147216796875, 0.2147216796875, 0.2147216796875, 0.2147216796875, 0.2147216796875, 0.2139892578125, 0.34619140625, 0.75830078125], "adversary_prediction": [0.0038433289155364037, 0.003843429032713175, 0.0038856978062540293, 0.005176416598260403, 0.011635180562734604, 0.0393446683883667, 0.144135981798172, 0.2733287513256073, 0.34152284264564514, 0.35140272974967957, 0.35097983479499817, 0.35169246792793274, 0.34814807772636414, 0.3513401448726654, 0.3532819449901581, 0.34383073449134827, 0.3293450176715851, 0.3119064271450043]}