{"accuracy": [0.507883608341217, 0.47723740339279175, 0.47723740339279175, 0.47723740339279175, 0.5096602439880371, 0.6817677021026611, 0.6000444293022156, 0.5269820094108582, 0.5240950584411621, 0.5391960740089417, 0.6311348080635071, 0.7161892056465149, 0.7037530541419983, 0.6489007472991943, 0.6073728799819946, 0.5849433541297913, 0.5862758159637451, 0.613813042640686], "val_accuracy": [0.4732242822647095, 0.4732242822647095, 0.4732242822647095, 0.5043692588806152, 0.6495630741119385, 0.6022854447364807, 0.5334976315498352, 0.5296885371208191, 0.5435805320739746, 0.6374635696411133, 0.7006497979164124, 0.6746582984924316, 0.62782883644104, 0.5953394770622253, 0.5783105492591858, 0.5805512070655823, 0.6031817197799683, 0.6323100924491882], "p_rule": [0.2193603515625, 0.2193603515625, 0.2196044921875, 0.2452392578125, 0.66015625, 0.363525390625, 0.2265625, 0.223388671875, 0.24609375, 0.4306640625, 0.861328125, 0.6787109375, 0.4326171875, 0.338134765625, 0.318603515625, 0.31982421875, 0.347412109375, 0.421630859375], "adversary_prediction": [0.003843338694423437, 0.0038545988500118256, 0.007274939678609371, 0.06953456997871399, 0.33951929211616516, 0.3781709372997284, 0.3739411532878876, 0.37873539328575134, 0.38616207242012024, 0.38082465529441833, 0.35615774989128113, 0.3175356090068817, 0.2736133635044098, 0.24210548400878906, 0.2282412052154541, 0.23943236470222473, 0.25203585624694824, 0.2775237262248993]}