{"accuracy": [0.4119170904159546, 0.6264248490333557, 0.617616593837738, 0.6818652749061584, 0.7347150444984436, 0.6709844470024109, 0.6279792785644531, 0.684455931186676, 0.8020725250244141, 0.7295336723327637, 0.6139896512031555, 0.6046631932258606, 0.677202045917511, 0.7963730692863464, 0.8243523240089417, 0.7772020697593689, 0.7440414428710938, 0.7435232996940613], "val_accuracy": [0.6087865829467773, 0.6265690326690674, 0.6888075470924377, 0.714958131313324, 0.6438284516334534, 0.6009414196014404, 0.6642259359359741, 0.776150643825531, 0.7207112908363342, 0.6208158731460571, 0.6108786463737488, 0.6715481281280518, 0.775627613067627, 0.8028242588043213, 0.7651673555374146, 0.7196652889251709, 0.723849356174469, 0.7615062594413757], "p_rule": [0.426513671875, 0.396484375, 0.5751953125, 0.8154296875, 0.438232421875, 0.3515625, 0.440185546875, 0.705078125, 0.68798828125, 0.37548828125, 0.361083984375, 0.52099609375, 0.97314453125, 0.68017578125, 0.5390625, 0.51123046875, 0.51025390625, 0.54931640625], "adversary_prediction": [0.2531462609767914, 0.3622535765171051, 0.47678443789482117, 0.6086898446083069, 0.38077405095100403, 0.28644105792045593, 0.33902624249458313, 0.4750632345676422, 0.5393220782279968, 0.5240218043327332, 0.5172606110572815, 0.5186277031898499, 0.5019847750663757, 0.4449717104434967, 0.397382527589798, 0.3757875859737396, 0.3928695619106293, 0.4349975287914276]}