{"accuracy": [0.5658031105995178, 0.5870466232299805, 0.6310880780220032, 0.6797927618026733, 0.7264248728752136, 0.6911917328834534, 0.6564766764640808, 0.6777201890945435, 0.7735751271247864, 0.772020697593689, 0.6512953639030457, 0.617616593837738, 0.6756476759910583, 0.780310869216919, 0.8207253813743591, 0.7735751271247864, 0.7295336723327637, 0.7357512712478638], "val_accuracy": [0.5528242588043213, 0.642259418964386, 0.680962324142456, 0.7102510333061218, 0.6527196764945984, 0.6171548366546631, 0.6354602575302124, 0.7369247078895569, 0.7609832882881165, 0.6495816111564636, 0.6202929019927979, 0.6668410301208496, 0.7536610960960388, 0.8028242588043213, 0.7489539980888367, 0.7112970948219299, 0.7170501947402954, 0.7594142556190491], "p_rule": [0.335693359375, 0.45458984375, 0.57666015625, 0.92431640625, 0.5283203125, 0.380615234375, 0.40380859375, 0.623046875, 0.89990234375, 0.474609375, 0.3974609375, 0.53076171875, 0.93603515625, 0.70361328125, 0.53173828125, 0.46533203125, 0.4755859375, 0.5380859375], "adversary_prediction": [0.23465830087661743, 0.3717133700847626, 0.4115007221698761, 0.5709224343299866, 0.40993955731391907, 0.29508253931999207, 0.3262791931629181, 0.44939759373664856, 0.5232385993003845, 0.537726104259491, 0.5341400504112244, 0.5225242972373962, 0.5046029686927795, 0.46977725625038147, 0.41986677050590515, 0.38572975993156433, 0.4022209346294403, 0.4419994056224823]}