{"accuracy": [0.49466824531555176, 0.5266587734222412, 0.5266587734222412, 0.5438388586044312, 0.7055687308311462, 0.6327013969421387, 0.600710928440094, 0.5941942930221558, 0.6285545229911804, 0.7191942930221558, 0.7588862776756287, 0.6558057069778442, 0.5853080749511719, 0.5681279897689819, 0.600710928440094, 0.6830568909645081, 0.7671800851821899, 0.7855450510978699], "val_accuracy": [0.5433353185653687, 0.5433353185653687, 0.559473991394043, 0.6885833740234375, 0.6108786463737488, 0.5636581182479858, 0.5582785606384277, 0.6114763617515564, 0.6867901682853699, 0.7483562231063843, 0.6586969494819641, 0.5851763486862183, 0.5768081545829773, 0.5959354639053345, 0.6832038164138794, 0.7668858170509338, 0.7800358533859253, 0.7358039617538452], "p_rule": [0.2357177734375, 0.2357177734375, 0.264404296875, 0.9716796875, 0.4833984375, 0.35888671875, 0.341796875, 0.411376953125, 0.62939453125, 0.9140625, 0.48486328125, 0.32080078125, 0.3076171875, 0.349365234375, 0.54736328125, 0.86474609375, 0.7939453125, 0.58642578125], "adversary_prediction": [0.34505316615104675, 0.3450529873371124, 0.3481192886829376, 0.5606915354728699, 0.48511335253715515, 0.3701448142528534, 0.35178354382514954, 0.4131494462490082, 0.47384241223335266, 0.4904234707355499, 0.482271283864975, 0.47274544835090637, 0.46587929129600525, 0.48675695061683655, 0.47945037484169006, 0.4771416485309601, 0.4714612662792206, 0.4370860755443573]}