{"accuracy": [0.5379146933555603, 0.5266587734222412, 0.5266587734222412, 0.5266587734222412, 0.5266587734222412, 0.5266587734222412, 0.5266587734222412, 0.5266587734222412, 0.6735782027244568, 0.5734597444534302, 0.4970379173755646, 0.47985783219337463, 0.4768957197666168, 0.4774881601333618, 0.48163506388664246, 0.5005924105644226, 0.5479857921600342, 0.6090047359466553], "val_accuracy": [0.5433353185653687, 0.5433353185653687, 0.5433353185653687, 0.5433353185653687, 0.5433353185653687, 0.5433353185653687, 0.5433353185653687, 0.6724447011947632, 0.5433353185653687, 0.4793783724308014, 0.46084877848625183, 0.4602510333061218, 0.4602510333061218, 0.4632396996021271, 0.47758516669273376, 0.519426167011261, 0.5989241003990173, 0.6730424165725708], "p_rule": [0.2357177734375, 0.2357177734375, 0.2357177734375, 0.2357177734375, 0.2357177734375, 0.2357177734375, 0.2357177734375, 0.5986328125, 0.341796875, 0.2486572265625, 0.2403564453125, 0.2393798828125, 0.2393798828125, 0.243896484375, 0.2467041015625, 0.306396484375, 0.42919921875, 0.82470703125], "adversary_prediction": [0.34505316615104675, 0.34505316615104675, 0.3450535237789154, 0.34511712193489075, 0.34572574496269226, 0.3492429554462433, 0.35717836022377014, 0.3496651351451874, 0.2696950137615204, 0.1884000301361084, 0.14516079425811768, 0.1348590850830078, 0.14673542976379395, 0.16616052389144897, 0.20254817605018616, 0.24319753050804138, 0.2830640971660614, 0.3167734444141388]}