{"accuracy": [0.4933382570743561, 0.5173945426940918, 0.5173945426940918, 0.5199851989746094, 0.6709844470024109, 0.6617320775985718, 0.620651364326477, 0.5977054238319397, 0.5925240516662598, 0.6121391654014587, 0.6565507054328918, 0.7128053307533264, 0.6935603022575378, 0.6002960801124573, 0.5518134832382202, 0.5477424263954163, 0.5925240516662598, 0.6846780180931091], "val_accuracy": [0.5324869155883789, 0.5324869155883789, 0.5392083525657654, 0.6777445673942566, 0.6516056656837463, 0.6112770438194275, 0.5851381421089172, 0.5832710862159729, 0.6034353971481323, 0.647124707698822, 0.6915608644485474, 0.6941747665405273, 0.6146377921104431, 0.56721431016922, 0.5660941004753113, 0.6045556664466858, 0.6878267526626587, 0.7326362729072571], "p_rule": [0.20849609375, 0.20849609375, 0.2149658203125, 0.6357421875, 0.7490234375, 0.4873046875, 0.39990234375, 0.379150390625, 0.417724609375, 0.58251953125, 0.908203125, 0.615234375, 0.34033203125, 0.2607421875, 0.26220703125, 0.33154296875, 0.546875, 0.92822265625], "adversary_prediction": [0.34505316615104675, 0.3450533449649811, 0.3468426764011383, 0.4777596890926361, 0.5605899691581726, 0.4789656698703766, 0.42134889960289, 0.4025683104991913, 0.4191342294216156, 0.4454682171344757, 0.4532884657382965, 0.43799200654029846, 0.4189421236515045, 0.4096980392932892, 0.40599802136421204, 0.3926820456981659, 0.393375962972641, 0.371045857667923]}