{"accuracy": [0.5463429093360901, 0.5185075402259827, 0.7115783095359802, 0.6224459409713745, 0.6076399087905884, 0.672194242477417, 0.7509623765945435, 0.6816701292991638, 0.594906747341156, 0.5954989790916443, 0.672194242477417, 0.7731714248657227, 0.7959727644920349, 0.7296416759490967, 0.6662718653678894, 0.669529139995575, 0.7035830616950989, 0.7728753089904785], "val_accuracy": [0.5333133935928345, 0.6919629573822021, 0.6053181886672974, 0.5960561633110046, 0.6531221866607666, 0.7325963377952576, 0.6889752149581909, 0.6074095964431763, 0.6029279828071594, 0.6635793447494507, 0.7726321816444397, 0.7851807475090027, 0.7125784158706665, 0.6552135944366455, 0.6522258520126343, 0.6949506998062134, 0.7603824138641357, 0.798326849937439], "p_rule": [0.207763671875, 0.96044921875, 0.435791015625, 0.380615234375, 0.50634765625, 0.93310546875, 0.53759765625, 0.333984375, 0.32421875, 0.489013671875, 0.9375, 0.62744140625, 0.453125, 0.382080078125, 0.385009765625, 0.435791015625, 0.5390625, 0.666015625], "adversary_prediction": [0.34505340456962585, 0.626393735408783, 0.3494511544704437, 0.2881140410900116, 0.4059925377368927, 0.5438200831413269, 0.5362347960472107, 0.5162071585655212, 0.49846044182777405, 0.483161062002182, 0.48080548644065857, 0.413470596075058, 0.36582788825035095, 0.331297367811203, 0.32782742381095886, 0.35879746079444885, 0.4138030707836151, 0.45939406752586365]}