{"accuracy": [0.5273212194442749, 0.47800976037979126, 0.47845402359962463, 0.5393158793449402, 0.6903598308563232, 0.6081741452217102, 0.5384273529052734, 0.5593069791793823, 0.6423811912536621, 0.7125722169876099, 0.705908477306366, 0.650377631187439, 0.6219457983970642, 0.5944024920463562, 0.5952909588813782, 0.6246112585067749, 0.6565970778465271, 0.705908477306366], "val_accuracy": [0.4639175236225128, 0.4639175236225128, 0.5181533098220825, 0.6727924942970276, 0.6199014186859131, 0.5513222813606262, 0.5705961585044861, 0.6548632979393005, 0.707754373550415, 0.6848946809768677, 0.6436575651168823, 0.6033169031143188, 0.5786643028259277, 0.5791125297546387, 0.6001793146133423, 0.6387270092964172, 0.6831017732620239, 0.7274764776229858], "p_rule": [0.21484375, 0.21484375, 0.2724609375, 0.76171875, 0.380859375, 0.2421875, 0.2783203125, 0.4443359375, 0.8291015625, 0.73974609375, 0.48486328125, 0.38037109375, 0.330322265625, 0.33349609375, 0.3583984375, 0.440185546875, 0.6162109375, 0.8212890625], "adversary_prediction": [0.0038433317095041275, 0.003917999565601349, 0.0835585743188858, 0.43936583399772644, 0.42765292525291443, 0.38782820105552673, 0.4192984402179718, 0.4410047233104706, 0.44746461510658264, 0.40429386496543884, 0.34284427762031555, 0.29824063181877136, 0.2714587152004242, 0.27721014618873596, 0.28905048966407776, 0.3157908022403717, 0.34858545660972595, 0.37103089690208435]}