{"accuracy": [0.5586493015289307, 0.5266587734222412, 0.5266587734222412, 0.5266587734222412, 0.5266587734222412, 0.5266587734222412, 0.6658768057823181, 0.6380331516265869, 0.545616090297699, 0.5088862776756287, 0.4988151788711548, 0.5047393441200256, 0.5296208262443542, 0.5687204003334045, 0.6617298722267151, 0.7351895570755005, 0.6510663628578186, 0.5556871891021729], "val_accuracy": [0.5433353185653687, 0.5433353185653687, 0.5433353185653687, 0.5433353185653687, 0.5433353185653687, 0.6634787917137146, 0.6192468404769897, 0.5224148035049438, 0.48117154836654663, 0.4739988148212433, 0.4793783724308014, 0.5008965730667114, 0.5505080819129944, 0.6419605612754822, 0.725044846534729, 0.6640765070915222, 0.5666467547416687, 0.5487148761749268], "p_rule": [0.2357177734375, 0.2357177734375, 0.2357177734375, 0.2357177734375, 0.2357177734375, 0.52099609375, 0.50048828125, 0.29150390625, 0.250244140625, 0.244873046875, 0.2493896484375, 0.26904296875, 0.331298828125, 0.52490234375, 0.9560546875, 0.461181640625, 0.282470703125, 0.249267578125], "adversary_prediction": [0.34505316615104675, 0.3450533449649811, 0.34507957100868225, 0.34663811326026917, 0.3712214529514313, 0.43554213643074036, 0.40943798422813416, 0.2938087284564972, 0.21973392367362976, 0.2096366286277771, 0.22151976823806763, 0.26175472140312195, 0.30161067843437195, 0.3450349271297455, 0.36712846159935, 0.3834172785282135, 0.3862239420413971, 0.3883720338344574]}