{"accuracy": [0.5212435126304626, 0.5222797989845276, 0.5222797989845276, 0.5222797989845276, 0.5222797989845276, 0.5279792547225952, 0.712435245513916, 0.6155440211296082, 0.5471502542495728, 0.5227979421615601, 0.5264248847961426, 0.5461139678955078, 0.6005181074142456, 0.6834197044372559, 0.720725417137146, 0.6476684212684631, 0.5647668242454529, 0.5341969132423401], "val_accuracy": [0.5439330339431763, 0.5439330339431763, 0.5439330339431763, 0.5439330339431763, 0.5460250973701477, 0.6961296796798706, 0.5878661274909973, 0.5271966457366943, 0.500523030757904, 0.500523030757904, 0.5266736149787903, 0.5706067085266113, 0.6548117399215698, 0.7013598084449768, 0.6668410301208496, 0.573221743106842, 0.5502092242240906, 0.5491631627082825], "p_rule": [0.21923828125, 0.21923828125, 0.21923828125, 0.21923828125, 0.2255859375, 0.89208984375, 0.431884765625, 0.285888671875, 0.262451171875, 0.261474609375, 0.283203125, 0.366943359375, 0.60693359375, 0.98095703125, 0.49365234375, 0.2890625, 0.236328125, 0.2261962890625], "adversary_prediction": [0.34505316615104675, 0.3450533449649811, 0.34511610865592957, 0.3497077524662018, 0.41119101643562317, 0.5000218749046326, 0.3836648762226105, 0.2685677111148834, 0.22720620036125183, 0.23118999600410461, 0.26647064089775085, 0.31661882996559143, 0.36440005898475647, 0.3872350752353668, 0.3902764618396759, 0.39476683735847473, 0.3921246826648712, 0.3878391683101654]}