{"accuracy": [0.5228787064552307, 0.47800976037979126, 0.47800976037979126, 0.47800976037979126, 0.47800976037979126, 0.47800976037979126, 0.47800976037979126, 0.5117725729942322, 0.5637494325637817, 0.5219902396202087, 0.5219902396202087, 0.5219902396202087, 0.5219902396202087, 0.5219902396202087, 0.5219902396202087, 0.5224344730377197, 0.6277210116386414, 0.7281208634376526], "val_accuracy": [0.4639175236225128, 0.4639175236225128, 0.4639175236225128, 0.4639175236225128, 0.4639175236225128, 0.4639175236225128, 0.5002241134643555, 0.5620797872543335, 0.5360824465751648, 0.5360824465751648, 0.5360824465751648, 0.5360824465751648, 0.5360824465751648, 0.5360824465751648, 0.5365307331085205, 0.6414164304733276, 0.7099955081939697, 0.6539668440818787], "p_rule": [0.21484375, 0.21484375, 0.21484375, 0.21484375, 0.21484375, 0.21484375, 0.254638671875, 0.283447265625, 0.2147216796875, 0.2147216796875, 0.2147216796875, 0.2147216796875, 0.2147216796875, 0.2147216796875, 0.2147216796875, 0.405029296875, 0.9677734375, 0.49951171875], "adversary_prediction": [0.0038433284498751163, 0.003843344748020172, 0.0038608869072049856, 0.0054869623854756355, 0.015081224031746387, 0.06094007194042206, 0.1933819055557251, 0.294595330953598, 0.32583436369895935, 0.32942596077919006, 0.3368106782436371, 0.33855900168418884, 0.3370828330516815, 0.3391006886959076, 0.3315552771091461, 0.3170854151248932, 0.29664847254753113, 0.2683407962322235]}