{"accuracy": [0.4690553843975067, 0.5457506775856018, 0.660349428653717, 0.6354752779006958, 0.7065442800521851, 0.7071365118026733, 0.6488007307052612, 0.6369558572769165, 0.694107174873352, 0.7799822092056274, 0.7124666571617126, 0.6215575933456421, 0.6076399087905884, 0.6730825901031494, 0.783831775188446, 0.8184779286384583, 0.776428759098053, 0.7420787811279297], "val_accuracy": [0.5327158570289612, 0.6638780832290649, 0.6444576978683472, 0.7030176520347595, 0.6844936013221741, 0.6450552940368652, 0.6238422393798828, 0.674335241317749, 0.7615775465965271, 0.7110845446586609, 0.6190618276596069, 0.6115924715995789, 0.6710487008094788, 0.763967752456665, 0.7878697514533997, 0.7541081309318542, 0.7245294451713562, 0.7245294451713562], "p_rule": [0.285400390625, 0.52099609375, 0.40966796875, 0.74365234375, 0.64404296875, 0.421142578125, 0.388916015625, 0.450439453125, 0.75537109375, 0.638671875, 0.377685546875, 0.353759765625, 0.50244140625, 0.896484375, 0.73046875, 0.5517578125, 0.483642578125, 0.4814453125], "adversary_prediction": [0.13442757725715637, 0.4006020724773407, 0.3896750509738922, 0.5497485995292664, 0.6230512261390686, 0.5039228796958923, 0.43114832043647766, 0.45437172055244446, 0.4964788258075714, 0.5070018172264099, 0.4791232645511627, 0.48869308829307556, 0.4843616187572479, 0.47063979506492615, 0.44700291752815247, 0.4179432690143585, 0.4018571674823761, 0.41068235039711]}