{"accuracy": [0.4512547254562378, 0.5227625966072083, 0.5227625966072083, 0.5227625966072083, 0.5229846835136414, 0.6429047584533691, 0.6782145500183105, 0.5907173156738281, 0.5587385892868042, 0.5425271987915039, 0.5516322255134583, 0.5858316421508789, 0.6566733121871948, 0.7332889437675476, 0.6870974898338318, 0.5911614298820496, 0.5505218505859375, 0.54119473695755], "val_accuracy": [0.5267757177352905, 0.5267757177352905, 0.5267757177352905, 0.5267757177352905, 0.6479946374893188, 0.6578534841537476, 0.5836880803108215, 0.5442527532577515, 0.5332735776901245, 0.540667712688446, 0.5756217837333679, 0.6403764486312866, 0.7055792212486267, 0.6842930912971497, 0.5910822153091431, 0.5489581227302551, 0.5440286993980408, 0.5588169097900391], "p_rule": [0.2193603515625, 0.2193603515625, 0.2193603515625, 0.2193603515625, 0.4775390625, 0.71923828125, 0.37353515625, 0.296142578125, 0.280029296875, 0.28955078125, 0.332275390625, 0.481201171875, 0.904296875, 0.5830078125, 0.33203125, 0.25830078125, 0.24609375, 0.271728515625], "adversary_prediction": [0.34505316615104675, 0.3450533449649811, 0.345119446516037, 0.3537546694278717, 0.45144030451774597, 0.5263517498970032, 0.41323456168174744, 0.30842140316963196, 0.2895542085170746, 0.30313703417778015, 0.34945979714393616, 0.39620253443717957, 0.4212642014026642, 0.41962340474128723, 0.4206063449382782, 0.40745416283607483, 0.40050628781318665, 0.4074495732784271]}