{"accuracy": [0.5491894483566284, 0.6842105388641357, 0.5247612595558167, 0.6191427707672119, 0.7550522089004517, 0.6617810130119324, 0.5929380655288696, 0.6291361451148987, 0.7377303838729858, 0.7823672890663147, 0.7268487811088562, 0.6511214971542358, 0.6304685473442078, 0.6600044369697571, 0.7275149822235107, 0.7948034405708313, 0.8081279397010803, 0.768598735332489], "val_accuracy": [0.6811561584472656, 0.5160205960273743, 0.6043020486831665, 0.7282097339630127, 0.6596459746360779, 0.595563530921936, 0.6296213269233704, 0.7252969145774841, 0.7600268721580505, 0.7049070000648499, 0.6394801735877991, 0.618194043636322, 0.6448577046394348, 0.707371711730957, 0.7705579400062561, 0.7835536599159241, 0.7559937238693237, 0.7127492427825928], "p_rule": [0.59033203125, 0.26708984375, 0.382568359375, 0.88818359375, 0.4501953125, 0.32470703125, 0.385009765625, 0.6748046875, 0.81396484375, 0.5068359375, 0.3837890625, 0.35546875, 0.3896484375, 0.476806640625, 0.62890625, 0.91162109375, 0.77880859375, 0.603515625], "adversary_prediction": [0.37583163380622864, 0.06194330006837845, 0.24301958084106445, 0.5590049624443054, 0.4636743366718292, 0.44246092438697815, 0.47725626826286316, 0.5423113703727722, 0.530259907245636, 0.41296908259391785, 0.33360448479652405, 0.3142757713794708, 0.3327166736125946, 0.3885827362537384, 0.44350913166999817, 0.47488006949424744, 0.4995122253894806, 0.4978269636631012]}