{"accuracy": [0.4888971149921417, 0.4826054871082306, 0.48778682947158813, 0.5532938838005066, 0.6447076201438904, 0.6791265606880188, 0.6199111938476562, 0.5695781111717224, 0.5792005658149719, 0.6521095633506775, 0.7076239585876465, 0.7020725607872009, 0.6502590775489807, 0.5740192532539368, 0.5458919405937195, 0.5573649406433105, 0.5962250232696533, 0.6880089044570923], "val_accuracy": [0.4675130546092987, 0.4716206192970276, 0.5354742407798767, 0.6333084106445312, 0.660567581653595, 0.6269603967666626, 0.5877520442008972, 0.5967139601707458, 0.649738609790802, 0.703136682510376, 0.6837192177772522, 0.6333084106445312, 0.5608662962913513, 0.531740128993988, 0.5421956777572632, 0.5851381421089172, 0.6676624417304993, 0.7188200354576111], "p_rule": [0.2083740234375, 0.212646484375, 0.29541015625, 0.6044921875, 0.89111328125, 0.458251953125, 0.3154296875, 0.3349609375, 0.490478515625, 0.85693359375, 0.666015625, 0.389404296875, 0.287109375, 0.256103515625, 0.261474609375, 0.299072265625, 0.440185546875, 0.67919921875], "adversary_prediction": [0.0038433545269072056, 0.006206733174622059, 0.10875295102596283, 0.30969616770744324, 0.4226769506931305, 0.3973882496356964, 0.39145466685295105, 0.38560566306114197, 0.38775506615638733, 0.35909023880958557, 0.29712143540382385, 0.2371748387813568, 0.20232650637626648, 0.19476830959320068, 0.20711448788642883, 0.23191606998443604, 0.26235368847846985, 0.29937246441841125]}