{"accuracy": [0.43523314595222473, 0.6041450500488281, 0.5994818806648254, 0.6575129628181458, 0.7248704433441162, 0.6803109049797058, 0.6352331638336182, 0.6621761918067932, 0.7652849555015564, 0.7507771849632263, 0.6165803074836731, 0.5673575401306152, 0.6015543937683105, 0.712435245513916, 0.811398983001709, 0.7891191840171814, 0.7310881018638611, 0.7077720165252686], "val_accuracy": [0.5700836777687073, 0.6061715483665466, 0.6631799340248108, 0.7018828392028809, 0.6537656784057617, 0.6019874215126038, 0.6291841268539429, 0.73221755027771, 0.7578451633453369, 0.6197698712348938, 0.5768828392028809, 0.6066945791244507, 0.6987447738647461, 0.793410062789917, 0.7609832882881165, 0.7076359987258911, 0.685669481754303, 0.7107740640640259], "p_rule": [0.388427734375, 0.356201171875, 0.49951171875, 0.97119140625, 0.4970703125, 0.36767578125, 0.390380859375, 0.5927734375, 0.8671875, 0.396484375, 0.300537109375, 0.359130859375, 0.64697265625, 0.82421875, 0.57666015625, 0.482177734375, 0.444580078125, 0.480224609375], "adversary_prediction": [0.2712533175945282, 0.3479783236980438, 0.36882004141807556, 0.5143154263496399, 0.4019298851490021, 0.2969580590724945, 0.313236266374588, 0.3917045295238495, 0.45456352829933167, 0.4513680040836334, 0.4450763761997223, 0.4537065923213959, 0.45040473341941833, 0.4287404716014862, 0.38611432909965515, 0.36646780371665955, 0.3631148040294647, 0.3944554030895233]}