{"accuracy": [0.4811963140964508, 0.5185075402259827, 0.5185075402259827, 0.689369261264801, 0.6615338921546936, 0.6091205477714539, 0.5981640219688416, 0.6396209597587585, 0.7148356437683105, 0.7394136786460876, 0.6523541808128357, 0.5812851786613464, 0.5626295804977417, 0.5963873267173767, 0.6911460161209106, 0.769321858882904, 0.7687296271324158, 0.7189813256263733], "val_accuracy": [0.5333133935928345, 0.5333133935928345, 0.6889752149581909, 0.6504332423210144, 0.5906782150268555, 0.5853002667427063, 0.626829981803894, 0.7015237808227539, 0.7242306470870972, 0.6570062637329102, 0.5897818803787231, 0.5778309106826782, 0.6077083945274353, 0.6788168549537659, 0.7573946714401245, 0.763967752456665, 0.708694338798523, 0.6650732159614563], "p_rule": [0.207763671875, 0.207763671875, 0.64990234375, 0.53662109375, 0.35400390625, 0.333984375, 0.408203125, 0.62939453125, 0.8603515625, 0.474853515625, 0.310791015625, 0.2841796875, 0.343994140625, 0.5615234375, 0.97900390625, 0.65478515625, 0.480224609375, 0.401123046875], "adversary_prediction": [0.34505322575569153, 0.3451707065105438, 0.5845940709114075, 0.5032860636711121, 0.3671707808971405, 0.35589638352394104, 0.40927669405937195, 0.49142786860466003, 0.54597407579422, 0.5349650979042053, 0.5183280110359192, 0.4953681528568268, 0.4929939806461334, 0.48119625449180603, 0.45278581976890564, 0.41264036297798157, 0.373503714799881, 0.3507552444934845]}