{"accuracy": [0.48123472929000854, 0.5227625966072083, 0.5227625966072083, 0.5325338840484619, 0.6853209137916565, 0.6697757244110107, 0.6053742170333862, 0.5762825012207031, 0.5727292895317078, 0.5956029295921326, 0.6517876982688904, 0.7304019331932068, 0.7055296301841736, 0.5951587557792664, 0.5489673614501953, 0.5420830845832825, 0.5596269369125366, 0.6266933083534241], "val_accuracy": [0.5267757177352905, 0.5267757177352905, 0.5359623432159424, 0.6771230101585388, 0.6497871279716492, 0.596907913684845, 0.5671073198318481, 0.5650907754898071, 0.5879453420639038, 0.6432892680168152, 0.7004257440567017, 0.6961684823036194, 0.5946672558784485, 0.5487340092658997, 0.5453730821609497, 0.5615057349205017, 0.6211068630218506, 0.7131974101066589], "p_rule": [0.2193603515625, 0.2193603515625, 0.2335205078125, 0.6787109375, 0.689453125, 0.4052734375, 0.326171875, 0.313232421875, 0.34619140625, 0.466796875, 0.8154296875, 0.6728515625, 0.353271484375, 0.26220703125, 0.25537109375, 0.282958984375, 0.433837890625, 0.7607421875], "adversary_prediction": [0.34505316615104675, 0.3450542390346527, 0.34881463646888733, 0.48588886857032776, 0.5110180974006653, 0.3719038665294647, 0.30780598521232605, 0.2872646749019623, 0.3177483379840851, 0.3635120093822479, 0.4069128930568695, 0.4179805815219879, 0.41596028208732605, 0.4027479588985443, 0.41314104199409485, 0.40256014466285706, 0.4017855226993561, 0.3936329185962677]}