{"accuracy": [0.5371974110603333, 0.47723740339279175, 0.47723740339279175, 0.47723740339279175, 0.47745946049690247, 0.4861203730106354, 0.648234486579895, 0.5489673614501953, 0.5236508846282959, 0.5227625966072083, 0.5232067704200745, 0.5305352210998535, 0.6242504715919495, 0.7224072813987732, 0.6979791522026062, 0.6506773233413696, 0.6226959824562073, 0.6047079563140869], "val_accuracy": [0.4732242822647095, 0.4732242822647095, 0.4732242822647095, 0.4732242822647095, 0.48353126645088196, 0.6390320658683777, 0.5500784516334534, 0.5274478793144226, 0.5267757177352905, 0.5269997715950012, 0.5361863970756531, 0.6314138174057007, 0.7015460729598999, 0.6737620234489441, 0.636343240737915, 0.6105758547782898, 0.5971319675445557, 0.5960116386413574], "p_rule": [0.2193603515625, 0.2193603515625, 0.2193603515625, 0.2193603515625, 0.22998046875, 0.6650390625, 0.275634765625, 0.2208251953125, 0.2193603515625, 0.2193603515625, 0.22998046875, 0.418212890625, 0.892578125, 0.697265625, 0.4912109375, 0.397705078125, 0.36962890625, 0.36962890625], "adversary_prediction": [0.0038433284498751163, 0.003843421582132578, 0.00395279610529542, 0.008999363519251347, 0.04334493726491928, 0.19800791144371033, 0.3381507098674774, 0.34289512038230896, 0.3620077669620514, 0.37076833844184875, 0.38172754645347595, 0.3748016655445099, 0.35225871205329895, 0.32798758149147034, 0.3000839054584503, 0.2706674039363861, 0.2636323869228363, 0.2656528055667877]}