{"accuracy": [0.4649888873100281, 0.6728349328041077, 0.5591413974761963, 0.6860103607177734, 0.6527016758918762, 0.5828275084495544, 0.6867505311965942, 0.7826794981956482, 0.6802368760108948, 0.6139156222343445, 0.6522575616836548, 0.7548482418060303, 0.8124352097511292, 0.7672834992408752, 0.7019985318183899, 0.6837897896766663, 0.7114729881286621, 0.7674315571784973], "val_accuracy": [0.6719940304756165, 0.5562359690666199, 0.6749813556671143, 0.6501867175102234, 0.5850634574890137, 0.680806577205658, 0.7775952219963074, 0.6667662262916565, 0.6013442873954773, 0.6418222784996033, 0.7469753623008728, 0.7964152097702026, 0.7619118690490723, 0.7003734111785889, 0.6811053156852722, 0.7091859579086304, 0.7599701285362244, 0.7928304672241211], "p_rule": [0.69384765625, 0.34326171875, 0.53515625, 0.49609375, 0.3447265625, 0.6025390625, 0.6904296875, 0.43310546875, 0.361083984375, 0.40380859375, 0.54541015625, 0.78759765625, 0.85986328125, 0.60791015625, 0.55224609375, 0.62109375, 0.8203125, 0.9521484375], "adversary_prediction": [0.44766494631767273, 0.14210957288742065, 0.4010356366634369, 0.46625980734825134, 0.4136774241924286, 0.48720696568489075, 0.4177815020084381, 0.26703080534935, 0.2214253842830658, 0.2586084306240082, 0.354615718126297, 0.4329512417316437, 0.4861281216144562, 0.49636968970298767, 0.4973227083683014, 0.50022953748703, 0.5061420798301697, 0.4999747574329376]}