{"accuracy": [0.5163224339485168, 0.6568953990936279, 0.5423051118850708, 0.6620030999183655, 0.7510548233985901, 0.6404619216918945, 0.6018210053443909, 0.6626693606376648, 0.7759271860122681, 0.7534976601600647, 0.6333555579185486, 0.5818343162536621, 0.5993781685829163, 0.6835442781448364, 0.777037501335144, 0.8165667057037354, 0.7870308756828308, 0.7470574975013733], "val_accuracy": [0.6457539796829224, 0.5467174649238586, 0.6591978669166565, 0.7223840355873108, 0.6253641247749329, 0.5881693959236145, 0.6466502547264099, 0.7546493411064148, 0.7335872650146484, 0.6285009980201721, 0.5895137786865234, 0.6049742102622986, 0.6726416945457458, 0.7618194222450256, 0.7878108620643616, 0.7660766243934631, 0.7306744456291199, 0.718350887298584], "p_rule": [0.45458984375, 0.25146484375, 0.48388671875, 0.6826171875, 0.36865234375, 0.319091796875, 0.38427734375, 0.63818359375, 0.7880859375, 0.413330078125, 0.322021484375, 0.35107421875, 0.52734375, 0.86767578125, 0.7666015625, 0.57861328125, 0.49609375, 0.4716796875], "adversary_prediction": [0.349443644285202, 0.35946860909461975, 0.5149632096290588, 0.5200555920600891, 0.27361688017845154, 0.21720004081726074, 0.2850293219089508, 0.4437046945095062, 0.5045873522758484, 0.5247485041618347, 0.49606797099113464, 0.5045744776725769, 0.5113058686256409, 0.48462536931037903, 0.4555700123310089, 0.3964182436466217, 0.3622819483280182, 0.35564807057380676]}