{"accuracy": [0.45268768072128296, 0.5219902396202087, 0.5935139656066895, 0.6859173774719238, 0.6210573315620422, 0.6201688051223755, 0.6423811912536621, 0.6939138174057007, 0.7498889565467834, 0.6672589778900146, 0.5837405323982239, 0.5735228657722473, 0.6277210116386414, 0.747223436832428, 0.7943136096000671, 0.7396712303161621, 0.6663705110549927, 0.6446024179458618], "val_accuracy": [0.5360824465751648, 0.6001793146133423, 0.67144775390625, 0.6131779551506042, 0.5979381203651428, 0.6221425533294678, 0.6871358156204224, 0.7301658391952515, 0.6759300827980042, 0.5862841606140137, 0.5732855200767517, 0.6297624111175537, 0.744957447052002, 0.7790228724479675, 0.7301658391952515, 0.6562079787254333, 0.6306589245796204, 0.6530703902244568], "p_rule": [0.2147216796875, 0.339111328125, 0.81689453125, 0.48486328125, 0.4033203125, 0.44189453125, 0.64892578125, 0.95068359375, 0.487548828125, 0.311279296875, 0.2900390625, 0.39990234375, 0.78515625, 0.734375, 0.493896484375, 0.385986328125, 0.361083984375, 0.383544921875], "adversary_prediction": [0.3450532853603363, 0.37751975655555725, 0.5292091965675354, 0.4047921597957611, 0.36747005581855774, 0.41734418272972107, 0.4913724362850189, 0.5082414746284485, 0.4673965871334076, 0.44667235016822815, 0.4484279453754425, 0.458580881357193, 0.4677034914493561, 0.45123979449272156, 0.42731234431266785, 0.3982292115688324, 0.3937619626522064, 0.4167267382144928]}