{"accuracy": [0.47845402359962463, 0.5219902396202087, 0.5219902396202087, 0.5219902396202087, 0.5219902396202087, 0.5219902396202087, 0.5224344730377197, 0.6597067713737488, 0.6068413853645325, 0.5424255728721619, 0.52021324634552, 0.5099955797195435, 0.5139937996864319, 0.520657479763031, 0.534429132938385, 0.5650821924209595, 0.637050211429596, 0.7076854705810547], "val_accuracy": [0.5360824465751648, 0.5360824465751648, 0.5360824465751648, 0.5360824465751648, 0.5360824465751648, 0.5374271869659424, 0.6597937941551208, 0.5862841606140137, 0.5230838060379028, 0.4993276596069336, 0.49484536051750183, 0.49484536051750183, 0.5006723403930664, 0.5132227540016174, 0.5540116429328918, 0.6261765956878662, 0.7005826830863953, 0.676826536655426], "p_rule": [0.2147216796875, 0.2147216796875, 0.2147216796875, 0.2147216796875, 0.2147216796875, 0.216796875, 0.78955078125, 0.4208984375, 0.2783203125, 0.24853515625, 0.23681640625, 0.239013671875, 0.2498779296875, 0.265380859375, 0.320068359375, 0.46630859375, 0.8623046875, 0.5419921875], "adversary_prediction": [0.34505316615104675, 0.34505316615104675, 0.3450600206851959, 0.34571197628974915, 0.35558322072029114, 0.41131868958473206, 0.4903273284435272, 0.4361554682254791, 0.3069819509983063, 0.23968613147735596, 0.2112569808959961, 0.22375094890594482, 0.2479698359966278, 0.2942166030406952, 0.33788439631462097, 0.37924250960350037, 0.4053873121738434, 0.42222705483436584]}