{"accuracy": [0.5065165758132935, 0.5266587734222412, 0.5266587734222412, 0.5704976320266724, 0.6972748637199402, 0.6445497870445251, 0.600710928440094, 0.5983412265777588, 0.6178910136222839, 0.6729857921600342, 0.7369668483734131, 0.6824644804000854, 0.5823459625244141, 0.5509478449821472, 0.5663506984710693, 0.6338862776756287, 0.7369668483734131, 0.7819905281066895], "val_accuracy": [0.5433353185653687, 0.5433353185653687, 0.5809922218322754, 0.6736401915550232, 0.6180514097213745, 0.5654512643814087, 0.5648535490036011, 0.5839808583259583, 0.6455469131469727, 0.7083083987236023, 0.6891810894012451, 0.5947399735450745, 0.5630603432655334, 0.5738194584846497, 0.6317991614341736, 0.7364016771316528, 0.747160792350769, 0.7041243314743042], "p_rule": [0.2357177734375, 0.2357177734375, 0.3125, 0.998046875, 0.552734375, 0.422119140625, 0.39990234375, 0.43505859375, 0.60107421875, 0.93408203125, 0.5908203125, 0.329345703125, 0.27587890625, 0.29345703125, 0.458740234375, 0.7509765625, 0.82861328125, 0.55419921875], "adversary_prediction": [0.34505316615104675, 0.3450579345226288, 0.36590829491615295, 0.5942254662513733, 0.5235888361930847, 0.42814406752586365, 0.4098413288593292, 0.42790231108665466, 0.4640827476978302, 0.4977198541164398, 0.4911685287952423, 0.47682031989097595, 0.4605298340320587, 0.46205952763557434, 0.46044597029685974, 0.45146444439888, 0.4276331961154938, 0.39493611454963684]}