{"accuracy": [0.4745725095272064, 0.5227625966072083, 0.5227625966072083, 0.6218076944351196, 0.6906507015228271, 0.645347535610199, 0.6078169941902161, 0.60493004322052, 0.6306906342506409, 0.6922051906585693, 0.7357317209243774, 0.6595603227615356, 0.5691760778427124, 0.5463024377822876, 0.5673995018005371, 0.6380190849304199, 0.7430601716041565, 0.7697091102600098], "val_accuracy": [0.5267757177352905, 0.5267757177352905, 0.6199865341186523, 0.6645753979682922, 0.6208828091621399, 0.5973560214042664, 0.5933228731155396, 0.6177459359169006, 0.6647994518280029, 0.71185302734375, 0.6533721685409546, 0.5680035948753357, 0.5494062304496765, 0.563298225402832, 0.6314138174057007, 0.7308984994888306, 0.7528568506240845, 0.7002016305923462], "p_rule": [0.2193603515625, 0.2193603515625, 0.395751953125, 0.88671875, 0.5400390625, 0.39892578125, 0.38330078125, 0.436767578125, 0.6220703125, 0.9853515625, 0.5048828125, 0.293212890625, 0.254638671875, 0.29248046875, 0.455810546875, 0.8671875, 0.68359375, 0.49169921875], "adversary_prediction": [0.34505316615104675, 0.34507277607917786, 0.3816286027431488, 0.5577570796012878, 0.47601082921028137, 0.4163055121898651, 0.39695093035697937, 0.4239448606967926, 0.4520592987537384, 0.47060951590538025, 0.45438793301582336, 0.44067999720573425, 0.4251280128955841, 0.4300694167613983, 0.42281511425971985, 0.4122665226459503, 0.3931424915790558, 0.36770692467689514]}