{"accuracy": [0.6338862776756287, 0.4733412265777588, 0.4733412265777588, 0.7227488160133362, 0.5290284156799316, 0.5308057069778442, 0.7055687308311462, 0.7659952640533447, 0.6700236797332764, 0.6220378875732422, 0.6137440800666809, 0.6415876746177673, 0.6990521550178528, 0.7488151788711548, 0.7825829386711121, 0.7630331516265869, 0.7126777172088623, 0.6949052214622498], "val_accuracy": [0.45666468143463135, 0.45666468143463135, 0.692169725894928, 0.5433353185653687, 0.5457262396812439, 0.6981470584869385, 0.7387925982475281, 0.6443514823913574, 0.5983263850212097, 0.589958131313324, 0.6138672828674316, 0.6724447011947632, 0.725044846534729, 0.7597131133079529, 0.7573221921920776, 0.7214584350585938, 0.7059175372123718, 0.7101016044616699], "p_rule": [0.23583984375, 0.23583984375, 0.70849609375, 0.2421875, 0.2431640625, 0.57177734375, 0.75634765625, 0.4638671875, 0.37451171875, 0.364501953125, 0.3974609375, 0.493896484375, 0.646484375, 0.9091796875, 0.80126953125, 0.61376953125, 0.5673828125, 0.60107421875], "adversary_prediction": [0.0038433389272540808, 0.0058667780831456184, 0.5436620116233826, 0.40676745772361755, 0.4401152431964874, 0.5358132719993591, 0.5443940758705139, 0.4565502107143402, 0.39427605271339417, 0.3750915825366974, 0.40258094668388367, 0.45799121260643005, 0.4978446066379547, 0.5313922762870789, 0.5329968333244324, 0.5287014842033386, 0.5286701321601868, 0.5269424319267273]}