{"accuracy": [0.46794965863227844, 0.6128793358802795, 0.6193930506706238, 0.6883789896965027, 0.735011100769043, 0.6780163049697876, 0.6386380195617676, 0.6649888753890991, 0.7532198429107666, 0.7788304686546326, 0.6760917901992798, 0.6112509369850159, 0.6290155649185181, 0.7144337296485901, 0.7986676692962646, 0.7980754971504211, 0.7480384707450867, 0.7182827591896057], "val_accuracy": [0.6097087264060974, 0.620612382888794, 0.6802091002464294, 0.7169529795646667, 0.667363703250885, 0.6294249296188354, 0.6510828733444214, 0.7450336217880249, 0.7716206312179565, 0.6658700704574585, 0.6129947900772095, 0.6294249296188354, 0.7130694389343262, 0.7835698127746582, 0.7883495092391968, 0.7402539253234863, 0.7051531076431274, 0.7172516584396362], "p_rule": [0.42529296875, 0.423583984375, 0.61376953125, 0.830078125, 0.489501953125, 0.40625, 0.427001953125, 0.5732421875, 0.943359375, 0.56396484375, 0.415283203125, 0.461181640625, 0.7021484375, 0.8662109375, 0.6416015625, 0.5341796875, 0.47900390625, 0.491943359375], "adversary_prediction": [0.28832343220710754, 0.3940907418727875, 0.5267028212547302, 0.6127144694328308, 0.4348119795322418, 0.31329306960105896, 0.31993618607521057, 0.41065099835395813, 0.49941006302833557, 0.5034015774726868, 0.4985521137714386, 0.4816819131374359, 0.47370192408561707, 0.42697712779045105, 0.40190115571022034, 0.3594110310077667, 0.3344345986843109, 0.35770687460899353]}