{"accuracy": [0.4756476581096649, 0.6518134474754333, 0.5911917090415955, 0.6212435364723206, 0.7461140155792236, 0.6466321349143982, 0.5632124543190002, 0.6088082790374756, 0.7590673565864563, 0.7782383561134338, 0.6704663038253784, 0.6139896512031555, 0.6388601064682007, 0.704145073890686, 0.7844559550285339, 0.8093264102935791, 0.7580310702323914, 0.712435245513916], "val_accuracy": [0.6762552261352539, 0.5653765797615051, 0.5978033542633057, 0.7264644503593445, 0.6626569032669067, 0.5826359987258911, 0.625, 0.7641213536262512, 0.7573221921920776, 0.6401673555374146, 0.5857740640640259, 0.6056485176086426, 0.6846234202384949, 0.7714434862136841, 0.7991631627082825, 0.7609832882881165, 0.723849356174469, 0.7118200659751892], "p_rule": [0.513671875, 0.349609375, 0.388427734375, 0.76708984375, 0.462158203125, 0.283935546875, 0.36279296875, 0.85693359375, 0.58984375, 0.410888671875, 0.3515625, 0.37353515625, 0.45556640625, 0.58203125, 0.84814453125, 0.8271484375, 0.61767578125, 0.56689453125], "adversary_prediction": [0.428645521402359, 0.29008957743644714, 0.3955552875995636, 0.6146761775016785, 0.536864697933197, 0.4737469255924225, 0.5327762961387634, 0.574252188205719, 0.5155922770500183, 0.4052256643772125, 0.3548536002635956, 0.371539443731308, 0.44117191433906555, 0.4940829575061798, 0.5491157174110413, 0.552859365940094, 0.5536110997200012, 0.5607419610023499]}