{"accuracy": [0.4886716902256012, 0.47800976037979126, 0.48067525029182434, 0.6294980049133301, 0.630386471748352, 0.5455353260040283, 0.5606397390365601, 0.6348289847373962, 0.732563316822052, 0.6859173774719238, 0.5930697321891785, 0.5553087592124939, 0.5544202327728271, 0.5815193057060242, 0.6481564044952393, 0.7307863235473633, 0.7529986500740051, 0.71968013048172], "val_accuracy": [0.4639175236225128, 0.46526220440864563, 0.6136261820793152, 0.6351411938667297, 0.552666962146759, 0.5643209218978882, 0.6485880613327026, 0.7216494679450989, 0.6701030731201172, 0.583594799041748, 0.5365307331085205, 0.5360824465751648, 0.5665620565414429, 0.633348286151886, 0.7090990543365479, 0.7454056739807129, 0.7382339835166931, 0.6943075060844421], "p_rule": [0.21484375, 0.218017578125, 0.4375, 0.449951171875, 0.25341796875, 0.270263671875, 0.447509765625, 0.95166015625, 0.50390625, 0.320068359375, 0.2802734375, 0.277587890625, 0.3095703125, 0.3818359375, 0.609375, 0.921875, 0.71630859375, 0.5419921875], "adversary_prediction": [0.003843376412987709, 0.003520280821248889, 0.34890177845954895, 0.38447436690330505, 0.35075339674949646, 0.3752652108669281, 0.4108772575855255, 0.40065017342567444, 0.3276945650577545, 0.2530888617038727, 0.2213464081287384, 0.22436654567718506, 0.2356596291065216, 0.27572372555732727, 0.31672337651252747, 0.3479366600513458, 0.3735412657260895, 0.379545658826828]}