{"accuracy": [0.5408768057823181, 0.4857819974422455, 0.7126777172088623, 0.5906398296356201, 0.6617298722267151, 0.7452606558799744, 0.6866113543510437, 0.6362559199333191, 0.6344786882400513, 0.6978672742843628, 0.7707346081733704, 0.7731042504310608, 0.7008293867111206, 0.6481042504310608, 0.6540284156799316, 0.7061611413955688, 0.7766587734222412, 0.8104265332221985], "val_accuracy": [0.4644351601600647, 0.6969515681266785, 0.6019127368927002, 0.671249270439148, 0.7369993925094604, 0.6694560647010803, 0.6210400462150574, 0.6156604886054993, 0.6718469858169556, 0.7477585077285767, 0.7609085440635681, 0.6867901682853699, 0.6389719247817993, 0.6419605612754822, 0.6987447738647461, 0.7662881016731262, 0.7985654473304749, 0.7716676592826843], "p_rule": [0.244873046875, 0.98583984375, 0.34619140625, 0.52197265625, 0.85302734375, 0.5068359375, 0.386962890625, 0.37451171875, 0.45654296875, 0.646484375, 0.95361328125, 0.5927734375, 0.46923828125, 0.476806640625, 0.6279296875, 0.9140625, 0.78076171875, 0.63427734375], "adversary_prediction": [0.008138172328472137, 0.4771438539028168, 0.3769890367984772, 0.44138380885124207, 0.5872378945350647, 0.44176170229911804, 0.33872976899147034, 0.34617409110069275, 0.38923946022987366, 0.4715321958065033, 0.514890730381012, 0.5143772959709167, 0.5194928050041199, 0.5066441893577576, 0.513911783695221, 0.5235995650291443, 0.5054005980491638, 0.4714321196079254]}