{"accuracy": [0.4643174409866333, 0.4826769232749939, 0.6289606094360352, 0.6197808980941772, 0.5762510895729065, 0.6532425284385681, 0.7379330992698669, 0.7243115305900574, 0.6612377762794495, 0.6180041432380676, 0.6091205477714539, 0.6372519731521606, 0.6946994662284851, 0.7654722929000854, 0.7776132822036743, 0.7311223149299622, 0.6775244474411011, 0.6588687896728516], "val_accuracy": [0.4672841429710388, 0.6202569603919983, 0.6253361105918884, 0.5850014686584473, 0.6680609583854675, 0.743949830532074, 0.7072004675865173, 0.6531221866607666, 0.6086047291755676, 0.604421854019165, 0.629220187664032, 0.6835972666740417, 0.7496265172958374, 0.7675530314445496, 0.7349865436553955, 0.6803107261657715, 0.6573050618171692, 0.6653719544410706], "p_rule": [0.2073974609375, 0.38623046875, 0.37353515625, 0.287841796875, 0.46337890625, 0.92919921875, 0.60107421875, 0.411376953125, 0.3486328125, 0.338134765625, 0.36572265625, 0.46044921875, 0.63671875, 0.958984375, 0.70458984375, 0.51318359375, 0.458251953125, 0.47705078125], "adversary_prediction": [0.006171163637191057, 0.37648770213127136, 0.44978585839271545, 0.43145570158958435, 0.4995782673358917, 0.5911931395530701, 0.5339778065681458, 0.4139557182788849, 0.3256778419017792, 0.3046155869960785, 0.3325020372867584, 0.38879796862602234, 0.44240596890449524, 0.483721524477005, 0.509630024433136, 0.4979352056980133, 0.5032654404640198, 0.5013161301612854]}