{"accuracy": [0.4893364906311035, 0.5154028534889221, 0.6901658773422241, 0.6451421976089478, 0.6321089863777161, 0.6990521550178528, 0.7334123253822327, 0.6901658773422241, 0.629146933555603, 0.6155213117599487, 0.6498815417289734, 0.7363743782043457, 0.7813981175422668, 0.7209715843200684, 0.633293867111206, 0.5989336371421814, 0.6255924105644226, 0.6984597444534302], "val_accuracy": [0.4853556454181671, 0.6658697128295898, 0.6467424035072327, 0.6413628458976746, 0.6927675008773804, 0.7035266160964966, 0.6539151072502136, 0.6078900098800659, 0.5923490524291992, 0.6150627732276917, 0.7071129679679871, 0.7591153383255005, 0.7256425619125366, 0.6335923671722412, 0.6031081676483154, 0.6276150345802307, 0.7005379796028137, 0.7758517861366272], "p_rule": [0.255859375, 0.76953125, 0.444091796875, 0.427978515625, 0.6845703125, 0.83056640625, 0.53759765625, 0.40087890625, 0.37353515625, 0.3974609375, 0.55859375, 0.8173828125, 0.6845703125, 0.41259765625, 0.351318359375, 0.40185546875, 0.60791015625, 0.96875], "adversary_prediction": [0.03827222064137459, 0.5047706961631775, 0.4029342234134674, 0.4164193570613861, 0.4916042387485504, 0.5094282031059265, 0.4112607538700104, 0.3073677718639374, 0.28394773602485657, 0.31240949034690857, 0.37860825657844543, 0.4404849708080292, 0.4646059572696686, 0.46015945076942444, 0.4616052210330963, 0.46126654744148254, 0.47521254420280457, 0.47200265526771545]}