{"accuracy": [0.5125851631164551, 0.5185075402259827, 0.7160201072692871, 0.6233343482017517, 0.6280722618103027, 0.7015101909637451, 0.750074028968811, 0.6446550488471985, 0.5848386287689209, 0.62392657995224, 0.7361563444137573, 0.7938998937606812, 0.7246076464653015, 0.6443588733673096, 0.6393248438835144, 0.6816701292991638, 0.7589576840400696, 0.8119632601737976], "val_accuracy": [0.5333133935928345, 0.6952494978904724, 0.6157753467559814, 0.6211532950401306, 0.6785180568695068, 0.7382730841636658, 0.6522258520126343, 0.6005377769470215, 0.6345981359481812, 0.741559624671936, 0.7768150568008423, 0.706602931022644, 0.6384822130203247, 0.6298177242279053, 0.6770241856575012, 0.7484314441680908, 0.788467288017273, 0.7818942070007324], "p_rule": [0.2081298828125, 0.85546875, 0.390380859375, 0.384521484375, 0.55224609375, 0.900390625, 0.440185546875, 0.3125, 0.388671875, 0.7490234375, 0.6806640625, 0.465576171875, 0.36865234375, 0.3642578125, 0.410888671875, 0.51611328125, 0.68701171875, 0.93310546875], "adversary_prediction": [0.3449990451335907, 0.5702758431434631, 0.3454841673374176, 0.3382605016231537, 0.43236079812049866, 0.48412278294563293, 0.46400877833366394, 0.42898795008659363, 0.43143293261528015, 0.39512899518013, 0.34359338879585266, 0.2901114523410797, 0.24970290064811707, 0.2384350299835205, 0.27447327971458435, 0.3054772913455963, 0.3443275988101959, 0.37605366110801697]}