{"accuracy": [0.5062175989151001, 0.4777202010154724, 0.4782383441925049, 0.5450777411460876, 0.6880828738212585, 0.6818652749061584, 0.6046631932258606, 0.5917098522186279, 0.6378238201141357, 0.7098445892333984, 0.7300518155097961, 0.689637303352356, 0.6238341927528381, 0.5968911647796631, 0.5932642221450806, 0.6124352216720581, 0.6715025901794434, 0.7316062450408936], "val_accuracy": [0.45606693625450134, 0.45606693625450134, 0.5188284516334534, 0.6642259359359741, 0.6746861934661865, 0.6239539980888367, 0.6087865829467773, 0.6501045823097229, 0.6976987719535828, 0.7071129679679871, 0.668410062789917, 0.6119247078895569, 0.5721757411956787, 0.5664225816726685, 0.5930962562561035, 0.6412134170532227, 0.7092050313949585, 0.741631805896759], "p_rule": [0.21923828125, 0.219970703125, 0.27294921875, 0.65380859375, 0.61767578125, 0.364013671875, 0.345947265625, 0.45556640625, 0.74658203125, 0.8154296875, 0.50439453125, 0.35888671875, 0.314697265625, 0.312744140625, 0.337646484375, 0.4150390625, 0.5625, 0.80029296875], "adversary_prediction": [0.003844295395538211, 0.00871831364929676, 0.14498299360275269, 0.45127663016319275, 0.4707109034061432, 0.4255439341068268, 0.42274209856987, 0.4288184940814972, 0.4375864565372467, 0.40119877457618713, 0.34017160534858704, 0.2817816436290741, 0.24833005666732788, 0.2501891851425171, 0.26503005623817444, 0.2916196286678314, 0.33052870631217957, 0.36228087544441223]}