{"accuracy": [0.46002960205078125, 0.6006661653518677, 0.6498889923095703, 0.6210214495658875, 0.6728349328041077, 0.7316802144050598, 0.7068837881088257, 0.6447076201438904, 0.6306439638137817, 0.7120651602745056, 0.8012583255767822, 0.7205773591995239, 0.6273130774497986, 0.6095485091209412, 0.6491487622261047, 0.732050359249115, 0.8164322972297668, 0.7997779250144958], "val_accuracy": [0.6086632013320923, 0.6333084106445312, 0.6053024530410767, 0.649738609790802, 0.7132188081741333, 0.711351752281189, 0.6504854559898376, 0.6422703266143799, 0.7214338779449463, 0.7789394855499268, 0.7079910635948181, 0.620612382888794, 0.5982075929641724, 0.6400298476219177, 0.7281553149223328, 0.7961165308952332, 0.7875279784202576, 0.7535474300384521], "p_rule": [0.3408203125, 0.497802734375, 0.38623046875, 0.53076171875, 0.8583984375, 0.6611328125, 0.43359375, 0.4072265625, 0.6298828125, 0.8076171875, 0.47802734375, 0.36181640625, 0.3271484375, 0.3828125, 0.493896484375, 0.697265625, 0.9921875, 0.7265625], "adversary_prediction": [0.3900429308414459, 0.4491879642009735, 0.36900267004966736, 0.4423494040966034, 0.5943382382392883, 0.617216169834137, 0.575456440448761, 0.5526294112205505, 0.5421742796897888, 0.46365997195243835, 0.3537760078907013, 0.2796705663204193, 0.27235105633735657, 0.300741046667099, 0.36487844586372375, 0.42974987626075745, 0.4726548492908478, 0.4843696653842926]}