{"accuracy": [0.4771212935447693, 0.5526432991027832, 0.6792536377906799, 0.6339404582977295, 0.6988005042076111, 0.7254553437232971, 0.6890270709991455, 0.6379386782646179, 0.6454908847808838, 0.7112394571304321, 0.7943136096000671, 0.7507774233818054, 0.6326077580451965, 0.6001777052879333, 0.6388272047042847, 0.7374500036239624, 0.8040870428085327, 0.8071967959403992], "val_accuracy": [0.5298072695732117, 0.6736889481544495, 0.6454504728317261, 0.6920663118362427, 0.7216494679450989, 0.6606902480125427, 0.6167637705802917, 0.6199014186859131, 0.689376950263977, 0.7749887704849243, 0.7355446219444275, 0.6409682035446167, 0.6145226359367371, 0.6436575651168823, 0.7306140661239624, 0.7929179668426514, 0.7875392436981201, 0.7557149529457092], "p_rule": [0.275390625, 0.609375, 0.44873046875, 0.66357421875, 0.87451171875, 0.5107421875, 0.365966796875, 0.3544921875, 0.446533203125, 0.7451171875, 0.78125, 0.452392578125, 0.39111328125, 0.46337890625, 0.73193359375, 0.88037109375, 0.6357421875, 0.52099609375], "adversary_prediction": [0.14655783772468567, 0.35149213671684265, 0.3545496165752411, 0.4385261833667755, 0.5695039629936218, 0.47757217288017273, 0.38910815119743347, 0.3670835793018341, 0.41539910435676575, 0.4800725281238556, 0.49162784218788147, 0.5026119351387024, 0.4948088824748993, 0.5004972815513611, 0.4943521320819855, 0.4760824739933014, 0.45528897643089294, 0.4172920286655426]}