{"accuracy": [0.4860062301158905, 0.5219902396202087, 0.5219902396202087, 0.5219902396202087, 0.5219902396202087, 0.5219902396202087, 0.5219902396202087, 0.5442025661468506, 0.6712571978569031, 0.6183918118476868, 0.5668591856956482, 0.5379831194877625, 0.5215460062026978, 0.5184362530708313, 0.5277654528617859, 0.5375388860702515, 0.5828520655632019, 0.6605952978134155], "val_accuracy": [0.5360824465751648, 0.5360824465751648, 0.5360824465751648, 0.5360824465751648, 0.5360824465751648, 0.5360824465751648, 0.552666962146759, 0.6790676712989807, 0.5997310876846313, 0.5504258275032043, 0.5181533098220825, 0.5006723403930664, 0.4984312057495117, 0.5015687942504883, 0.5194979906082153, 0.5620797872543335, 0.651277482509613, 0.6965486407279968], "p_rule": [0.2147216796875, 0.2147216796875, 0.2147216796875, 0.2147216796875, 0.2147216796875, 0.2147216796875, 0.252685546875, 0.94189453125, 0.5009765625, 0.3310546875, 0.2724609375, 0.24853515625, 0.2457275390625, 0.25341796875, 0.273193359375, 0.32568359375, 0.5146484375, 0.95751953125], "adversary_prediction": [0.34505316615104675, 0.3450533449649811, 0.34505370259284973, 0.34515586495399475, 0.3464827835559845, 0.3552108108997345, 0.38684317469596863, 0.4305245578289032, 0.3714606463909149, 0.2924816906452179, 0.24317625164985657, 0.217500239610672, 0.21007713675498962, 0.22749027609825134, 0.252172589302063, 0.2876646816730499, 0.31869855523109436, 0.3385801613330841]}