{"accuracy": [0.4982227385044098, 0.5266587734222412, 0.5355450510978699, 0.703199028968811, 0.6451421976089478, 0.5959715843200684, 0.6113743782043457, 0.6795023679733276, 0.7488151788711548, 0.6842417120933533, 0.5811611413955688, 0.5704976320266724, 0.596563994884491, 0.6913506984710693, 0.7831753492355347, 0.7719194293022156, 0.7221564054489136, 0.6723933815956116], "val_accuracy": [0.5433353185653687, 0.5487148761749268, 0.6867901682853699, 0.6222354769706726, 0.5660490393638611, 0.5857740640640259, 0.6688583493232727, 0.7346084713935852, 0.6903765797615051, 0.5989241003990173, 0.5797967910766602, 0.6072922945022583, 0.6909742951393127, 0.7716676592826843, 0.7591153383255005, 0.6969515681266785, 0.6497310400009155, 0.6371787190437317], "p_rule": [0.2357177734375, 0.250244140625, 0.9267578125, 0.46533203125, 0.344970703125, 0.3681640625, 0.52490234375, 0.94677734375, 0.54541015625, 0.344970703125, 0.301513671875, 0.36572265625, 0.5703125, 0.9462890625, 0.6748046875, 0.4765625, 0.424560546875, 0.413818359375], "adversary_prediction": [0.34505316615104675, 0.3516336977481842, 0.6094426512718201, 0.38953933119773865, 0.3179619610309601, 0.3333906829357147, 0.4374690353870392, 0.5189326405525208, 0.5090776085853577, 0.4948180019855499, 0.48403289914131165, 0.481301873922348, 0.492652028799057, 0.48304668068885803, 0.4454343616962433, 0.40813538432121277, 0.3780376613140106, 0.37626269459724426]}