{"accuracy": [0.5104398131370544, 0.6903598308563232, 0.5179920196533203, 0.616614818572998, 0.774766743183136, 0.6530430912971497, 0.5837405323982239, 0.65082186460495, 0.7632163763046265, 0.7974233627319336, 0.7245668768882751, 0.6588183045387268, 0.6428254246711731, 0.6739227175712585, 0.7312305569648743, 0.7943136096000671, 0.8116392493247986, 0.7965348958969116], "val_accuracy": [0.6911698579788208, 0.503361701965332, 0.6051098108291626, 0.7498879432678223, 0.6481398344039917, 0.5948005318641663, 0.6467951536178589, 0.7619901299476624, 0.7709547281265259, 0.6969968676567078, 0.6382787823677063, 0.6221425533294678, 0.6521739363670349, 0.7099955081939697, 0.7696100473403931, 0.795159101486206, 0.787987470626831, 0.7507843971252441], "p_rule": [0.60205078125, 0.2374267578125, 0.346923828125, 0.84521484375, 0.453125, 0.310302734375, 0.444091796875, 0.85595703125, 0.67236328125, 0.48291015625, 0.383544921875, 0.364013671875, 0.398193359375, 0.48291015625, 0.595703125, 0.8359375, 0.921875, 0.7529296875], "adversary_prediction": [0.5261228680610657, 0.05754808336496353, 0.22394156455993652, 0.6285783648490906, 0.5988367199897766, 0.5521146655082703, 0.593920886516571, 0.6391521096229553, 0.601281464099884, 0.49220290780067444, 0.43948832154273987, 0.41702088713645935, 0.4586420953273773, 0.511620819568634, 0.5545257925987244, 0.5840098261833191, 0.5954845547676086, 0.5973945260047913]}