{"accuracy": [0.5364915132522583, 0.47061437368392944, 0.47061437368392944, 0.4709104299545288, 0.5427091121673584, 0.6945965886116028, 0.5666913390159607, 0.5308660268783569, 0.5299777984619141, 0.5512953400611877, 0.659807562828064, 0.7182827591896057, 0.6863064169883728, 0.6340488791465759, 0.5915617942810059, 0.5776461958885193, 0.5785344243049622, 0.601924479007721], "val_accuracy": [0.46766242384910583, 0.46766242384910583, 0.4681105315685272, 0.5342792868614197, 0.6796116232872009, 0.564899206161499, 0.5348767638206482, 0.5341299772262573, 0.5519043803215027, 0.6516803503036499, 0.7006721496582031, 0.6730395555496216, 0.6295742988586426, 0.5871545672416687, 0.5705750584602356, 0.5734130144119263, 0.596863329410553, 0.6330097317695618], "p_rule": [0.25, 0.25, 0.250732421875, 0.31494140625, 0.9169921875, 0.317138671875, 0.25439453125, 0.252685546875, 0.291015625, 0.52734375, 0.95947265625, 0.63916015625, 0.441650390625, 0.359619140625, 0.336181640625, 0.3388671875, 0.374755859375, 0.441650390625], "adversary_prediction": [0.00384332868270576, 0.0038445775862783194, 0.008223232813179493, 0.08101002871990204, 0.3420080840587616, 0.36178454756736755, 0.35989680886268616, 0.36206427216529846, 0.36077436804771423, 0.35793641209602356, 0.3448849618434906, 0.301531046628952, 0.2586711347103119, 0.23422279953956604, 0.22368472814559937, 0.22884929180145264, 0.2443002164363861, 0.2704109251499176]}