{"accuracy": [0.50829017162323, 0.4777202010154724, 0.4777202010154724, 0.4777202010154724, 0.4777202010154724, 0.4777202010154724, 0.4777202010154724, 0.4777202010154724, 0.5554404258728027, 0.5647668242454529, 0.5222797989845276, 0.5222797989845276, 0.5222797989845276, 0.5222797989845276, 0.5222797989845276, 0.5222797989845276, 0.5222797989845276, 0.5248704552650452], "val_accuracy": [0.45606693625450134, 0.45606693625450134, 0.45606693625450134, 0.45606693625450134, 0.45606693625450134, 0.45606693625450134, 0.45606693625450134, 0.526150643825531, 0.5794979333877563, 0.5439330339431763, 0.5439330339431763, 0.5439330339431763, 0.5439330339431763, 0.5439330339431763, 0.5439330339431763, 0.5439330339431763, 0.5460250973701477, 0.6412134170532227], "p_rule": [0.21923828125, 0.21923828125, 0.21923828125, 0.21923828125, 0.21923828125, 0.21923828125, 0.21923828125, 0.332763671875, 0.331787109375, 0.21923828125, 0.21923828125, 0.21923828125, 0.21923828125, 0.21923828125, 0.21923828125, 0.21923828125, 0.2247314453125, 0.43505859375], "adversary_prediction": [0.0038433284498751163, 0.003843334736302495, 0.003848287044093013, 0.004172624554485083, 0.008098076097667217, 0.01785808429121971, 0.060320645570755005, 0.15066838264465332, 0.26080361008644104, 0.3088631331920624, 0.32426372170448303, 0.33517739176750183, 0.3378760516643524, 0.3386661112308502, 0.34107980132102966, 0.3380807936191559, 0.3284153640270233, 0.31355050206184387]}