{"accuracy": [0.4306018352508545, 0.5227625966072083, 0.5227625966072083, 0.5447479486465454, 0.6913169026374817, 0.6637796759605408, 0.6222518086433411, 0.6060404181480408, 0.6102598309516907, 0.6433488726615906, 0.7037530541419983, 0.7224072813987732, 0.6182544827461243, 0.5516322255134583, 0.5420830845832825, 0.5640683770179749, 0.652675986289978, 0.76127028465271], "val_accuracy": [0.5267757177352905, 0.5267757177352905, 0.5473896265029907, 0.6697288751602173, 0.6435133218765259, 0.6054223775863647, 0.589065670967102, 0.5948913097381592, 0.6208828091621399, 0.6804839968681335, 0.7060273289680481, 0.6186421513557434, 0.5523190498352051, 0.546493411064148, 0.5628501176834106, 0.6446336507797241, 0.7481514811515808, 0.7382926344871521], "p_rule": [0.2193603515625, 0.2193603515625, 0.2529296875, 0.7763671875, 0.6875, 0.48486328125, 0.419677734375, 0.42431640625, 0.486328125, 0.71875, 0.77099609375, 0.392333984375, 0.262939453125, 0.246826171875, 0.281982421875, 0.4658203125, 0.8759765625, 0.6689453125], "adversary_prediction": [0.34505316615104675, 0.34505555033683777, 0.34977033734321594, 0.46402421593666077, 0.481250137090683, 0.41081860661506653, 0.3569479286670685, 0.3488732874393463, 0.3615014851093292, 0.37008801102638245, 0.36797305941581726, 0.37080255150794983, 0.3573437035083771, 0.36236104369163513, 0.35691747069358826, 0.3506107032299042, 0.3398407995700836, 0.31824126839637756]}