{"accuracy": [0.4663557708263397, 0.6351321339607239, 0.6280257701873779, 0.7037530541419983, 0.7290695309638977, 0.6457917094230652, 0.6320230960845947, 0.7397290468215942, 0.7896957397460938, 0.6593382358551025, 0.6058183312416077, 0.649789035320282, 0.7623806595802307, 0.8147901296615601, 0.7708194255828857, 0.7257384061813354, 0.7230734825134277, 0.7457250952720642], "val_accuracy": [0.6184180974960327, 0.6309657096862793, 0.6856374740600586, 0.707371711730957, 0.6296213269233704, 0.6217790842056274, 0.7176786661148071, 0.7696616649627686, 0.6477705836296082, 0.6031817197799683, 0.6403764486312866, 0.7436701655387878, 0.7952049970626831, 0.7627156376838684, 0.7156621217727661, 0.7082679867744446, 0.739637017250061, 0.7770557999610901], "p_rule": [0.45458984375, 0.435791015625, 0.6396484375, 0.6484375, 0.3759765625, 0.35986328125, 0.49267578125, 0.95556640625, 0.471923828125, 0.359619140625, 0.455810546875, 0.8330078125, 0.72802734375, 0.54296875, 0.46533203125, 0.45654296875, 0.48291015625, 0.57763671875], "adversary_prediction": [0.36567702889442444, 0.39221110939979553, 0.5054754614830017, 0.5451726317405701, 0.31446805596351624, 0.30195358395576477, 0.40895649790763855, 0.5057341456413269, 0.48984047770500183, 0.5000640749931335, 0.49005648493766785, 0.4874480664730072, 0.4421537220478058, 0.39394596219062805, 0.3720981180667877, 0.36903199553489685, 0.4058903157711029, 0.445241242647171]}