{"accuracy": [0.4997778832912445, 0.47800976037979126, 0.47845402359962463, 0.5273212194442749, 0.6610395312309265, 0.6570413112640381, 0.575299859046936, 0.5659706592559814, 0.6477121114730835, 0.7205686569213867, 0.7121279239654541, 0.6383829116821289, 0.58907151222229, 0.5641936659812927, 0.5770768523216248, 0.6277210116386414, 0.6881386041641235, 0.7396712303161621], "val_accuracy": [0.4639175236225128, 0.4639175236225128, 0.5100851655006409, 0.6503809690475464, 0.6557597517967224, 0.5800089836120605, 0.5786643028259277, 0.6432093381881714, 0.7104437351226807, 0.6943075060844421, 0.6248319149017334, 0.571492612361908, 0.5472882390022278, 0.5616315603256226, 0.6086956262588501, 0.6678619384765625, 0.7140296101570129, 0.7364410758018494], "p_rule": [0.21484375, 0.2154541015625, 0.259765625, 0.60400390625, 0.5537109375, 0.302001953125, 0.2958984375, 0.468505859375, 0.86767578125, 0.634765625, 0.38525390625, 0.300537109375, 0.283447265625, 0.29296875, 0.343994140625, 0.46728515625, 0.69873046875, 0.96630859375], "adversary_prediction": [0.003843345446512103, 0.0041775330901145935, 0.06823467463254929, 0.37949833273887634, 0.4731409251689911, 0.42100587487220764, 0.41620495915412903, 0.42329856753349304, 0.41679760813713074, 0.34774675965309143, 0.2714196741580963, 0.23448887467384338, 0.22088497877120972, 0.232216477394104, 0.2574561536312103, 0.30976781249046326, 0.33792731165885925, 0.36831071972846985]}