{"accuracy": [0.507330060005188, 0.47800976037979126, 0.47800976037979126, 0.5122168064117432, 0.678809404373169, 0.6143935918807983, 0.5535317659378052, 0.5664149522781372, 0.6357174515724182, 0.7205686569213867, 0.6970235705375671, 0.6250555515289307, 0.5744113922119141, 0.5664149522781372, 0.5815193057060242, 0.6397156715393066, 0.7099066972732544, 0.7574411630630493], "val_accuracy": [0.4639175236225128, 0.4639175236225128, 0.5015687942504883, 0.6597937941551208, 0.6221425533294678, 0.5607351064682007, 0.5741819739341736, 0.6476916074752808, 0.7019273638725281, 0.6669654846191406, 0.6028686761856079, 0.5593904256820679, 0.5437023639678955, 0.5701479315757751, 0.6181084513664246, 0.6857911348342896, 0.7427162528038025, 0.733303427696228], "p_rule": [0.21484375, 0.21484375, 0.2347412109375, 0.68603515625, 0.408935546875, 0.273193359375, 0.29443359375, 0.453125, 0.84765625, 0.63720703125, 0.37841796875, 0.287841796875, 0.27392578125, 0.302734375, 0.385986328125, 0.57080078125, 0.87451171875, 0.76123046875], "adversary_prediction": [0.0038436560425907373, 0.0074834804981946945, 0.14170721173286438, 0.4082835018634796, 0.34353718161582947, 0.3469863831996918, 0.35364291071891785, 0.3677348792552948, 0.38280966877937317, 0.34281614422798157, 0.277550607919693, 0.23576653003692627, 0.2227291464805603, 0.2332962155342102, 0.2611906826496124, 0.3001219928264618, 0.3299393355846405, 0.35374292731285095]}