{"accuracy": [0.4907476007938385, 0.5293856263160706, 0.5293856263160706, 0.5293856263160706, 0.5293856263160706, 0.5293856263160706, 0.5293856263160706, 0.5293856263160706, 0.6654329895973206, 0.6291635632514954, 0.5613619685173035, 0.5219837427139282, 0.504219114780426, 0.4948926866054535, 0.49326425790786743, 0.4981495141983032, 0.5126572847366333, 0.5431532263755798], "val_accuracy": [0.5323375463485718, 0.5323375463485718, 0.5323375463485718, 0.5323375463485718, 0.5323375463485718, 0.5323375463485718, 0.5323375463485718, 0.6555638313293457, 0.6244958639144897, 0.5596714019775391, 0.5159074068069458, 0.5009709000587463, 0.4909633994102478, 0.4894697666168213, 0.49514561891555786, 0.5102314949035645, 0.538760244846344, 0.5876026749610901], "p_rule": [0.25, 0.25, 0.25, 0.25, 0.25, 0.25, 0.25, 0.64208984375, 0.6533203125, 0.3818359375, 0.297607421875, 0.275634765625, 0.262939453125, 0.26025390625, 0.268310546875, 0.2841796875, 0.32958984375, 0.45751953125], "adversary_prediction": [0.34505316615104675, 0.34505316615104675, 0.3450533449649811, 0.3450804650783539, 0.34554269909858704, 0.34891876578330994, 0.3584495484828949, 0.3785773813724518, 0.35590723156929016, 0.30635228753089905, 0.24476894736289978, 0.2046985626220703, 0.1917462944984436, 0.18943169713020325, 0.20508092641830444, 0.22666296362876892, 0.2530094087123871, 0.2821824848651886]}