{"accuracy": [0.5437453985214233, 0.4722427725791931, 0.7216876149177551, 0.5551443099975586, 0.617616593837738, 0.7447816729545593, 0.6997779607772827, 0.6168763637542725, 0.5921539664268494, 0.6199852228164673, 0.6945965886116028, 0.7737972140312195, 0.7631384134292603, 0.6652849912643433, 0.6090303659439087, 0.6130273938179016, 0.6589193344116211, 0.7370836138725281], "val_accuracy": [0.469902902841568, 0.7115758061408997, 0.5580283999443054, 0.6156833171844482, 0.7369678616523743, 0.6867811679840088, 0.6135922074317932, 0.5871545672416687, 0.608364462852478, 0.6843913197517395, 0.7695295214653015, 0.7489171028137207, 0.6670649647712708, 0.6161314249038696, 0.6159820556640625, 0.662135899066925, 0.7314413785934448, 0.7798357009887695], "p_rule": [0.251953125, 0.80078125, 0.29052734375, 0.40576171875, 0.9150390625, 0.53466796875, 0.386962890625, 0.358642578125, 0.38232421875, 0.49853515625, 0.7763671875, 0.78662109375, 0.482666015625, 0.383056640625, 0.38671875, 0.472412109375, 0.685546875, 0.9462890625], "adversary_prediction": [0.007717818021774292, 0.5489160418510437, 0.44461169838905334, 0.5206041932106018, 0.5960941910743713, 0.48276224732398987, 0.350911945104599, 0.3123626410961151, 0.34769299626350403, 0.40636393427848816, 0.47007444500923157, 0.5163393616676331, 0.5035521388053894, 0.5016685128211975, 0.4876768887042999, 0.4983680546283722, 0.5052129626274109, 0.4963080585002899]}