{"accuracy": [0.4951139986515045, 0.5185075402259827, 0.5185075402259827, 0.5185075402259827, 0.5185075402259827, 0.5185075402259827, 0.5185075402259827, 0.5185075402259827, 0.5185075402259827, 0.5984601974487305, 0.6061593294143677, 0.5232455134391785, 0.49156054854393005, 0.48445364832878113, 0.4820846915245056, 0.4817885756492615, 0.48238080739974976, 0.4850459098815918], "val_accuracy": [0.5333133935928345, 0.5333133935928345, 0.5333133935928345, 0.5333133935928345, 0.5333133935928345, 0.5333133935928345, 0.5333133935928345, 0.5333133935928345, 0.6106961369514465, 0.5939647555351257, 0.5094113945960999, 0.4756498336791992, 0.4693755507469177, 0.46818044781684875, 0.46818044781684875, 0.4684792459011078, 0.47086942195892334, 0.4777412712574005], "p_rule": [0.207763671875, 0.207763671875, 0.207763671875, 0.207763671875, 0.207763671875, 0.207763671875, 0.207763671875, 0.207763671875, 0.343505859375, 0.4931640625, 0.2452392578125, 0.2138671875, 0.2109375, 0.2073974609375, 0.2073974609375, 0.2091064453125, 0.2103271484375, 0.2138671875], "adversary_prediction": [0.34505316615104675, 0.34505316615104675, 0.3450535237789154, 0.34506943821907043, 0.34516438841819763, 0.3454451858997345, 0.3450171649456024, 0.34458425641059875, 0.32187315821647644, 0.2583448588848114, 0.18090102076530457, 0.13253232836723328, 0.1060897707939148, 0.09431928396224976, 0.09975123405456543, 0.11128634214401245, 0.13208743929862976, 0.15966418385505676]}