{"accuracy": [0.4883410930633545, 0.6577836871147156, 0.5705085396766663, 0.7081945538520813, 0.6966466903686523, 0.6100377440452576, 0.6251388192176819, 0.7403953075408936, 0.7614923119544983, 0.6393515467643738, 0.5902731418609619, 0.6211414337158203, 0.730846107006073, 0.8083499670028687, 0.7750388383865356, 0.7144126296043396, 0.6868754029273987, 0.7088607549667358], "val_accuracy": [0.6390320658683777, 0.57293301820755, 0.6907909512519836, 0.6791396141052246, 0.5906341075897217, 0.6105758547782898, 0.7199193239212036, 0.7429980039596558, 0.634326696395874, 0.5877212882041931, 0.6172977685928345, 0.7223840355873108, 0.7860183715820312, 0.7611472010612488, 0.700873851776123, 0.6742101907730103, 0.6997535228729248, 0.7463589310646057], "p_rule": [0.5439453125, 0.290283203125, 0.6640625, 0.53955078125, 0.34130859375, 0.361328125, 0.556640625, 0.8408203125, 0.416015625, 0.32275390625, 0.38623046875, 0.6513671875, 0.83935546875, 0.5673828125, 0.452880859375, 0.423583984375, 0.451171875, 0.52978515625], "adversary_prediction": [0.38124391436576843, 0.3536554276943207, 0.49649497866630554, 0.4631862938404083, 0.23803621530532837, 0.2650850713253021, 0.4201141893863678, 0.5285698771476746, 0.4818226397037506, 0.47650960087776184, 0.47819551825523376, 0.4784119427204132, 0.4521597921848297, 0.3899766504764557, 0.3449535667896271, 0.33761146664619446, 0.34933701157569885, 0.39468148350715637]}