{"accuracy": [0.5193189978599548, 0.47061437368392944, 0.47061437368392944, 0.47061437368392944, 0.48689860105514526, 0.6162842512130737, 0.677276074886322, 0.5767579674720764, 0.5384159684181213, 0.5358993411064148, 0.5533678531646729, 0.6267949938774109, 0.7056995034217834, 0.6991857886314392, 0.6541820764541626, 0.6034048795700073, 0.5699481964111328, 0.5678756237030029], "val_accuracy": [0.46766242384910583, 0.46766242384910583, 0.46766242384910583, 0.4851381480693817, 0.6143390536308289, 0.6666168570518494, 0.5762509107589722, 0.5435399413108826, 0.5407020449638367, 0.5536968111991882, 0.6262882947921753, 0.6915608644485474, 0.6848394274711609, 0.6467512845993042, 0.596863329410553, 0.5665422081947327, 0.5611650347709656, 0.5811799764633179], "p_rule": [0.25, 0.25, 0.25, 0.260986328125, 0.465576171875, 0.78515625, 0.343017578125, 0.26318359375, 0.259033203125, 0.291015625, 0.4501953125, 0.81005859375, 0.73388671875, 0.4814453125, 0.37939453125, 0.333984375, 0.326416015625, 0.3505859375], "adversary_prediction": [0.0038433303125202656, 0.0038457228802144527, 0.005240009166300297, 0.03994166851043701, 0.2549314796924591, 0.38394561409950256, 0.37491098046302795, 0.36156854033470154, 0.3669261038303375, 0.3666183650493622, 0.35572341084480286, 0.3224620521068573, 0.2819085419178009, 0.23912236094474792, 0.2203775942325592, 0.20377865433692932, 0.20179879665374756, 0.2115131914615631]}