{"accuracy": [0.4994075894355774, 0.5266587734222412, 0.5266587734222412, 0.5266587734222412, 0.5681279897689819, 0.7126777172088623, 0.6303317546844482, 0.5847156643867493, 0.5704976320266724, 0.5805687308311462, 0.6119668483734131, 0.6966824531555176, 0.7434834241867065, 0.6836493015289307, 0.5811611413955688, 0.5509478449821472, 0.5521327257156372, 0.579383909702301], "val_accuracy": [0.5433353185653687, 0.5433353185653687, 0.5433353185653687, 0.5774058699607849, 0.6814106106758118, 0.6001195311546326, 0.5534967184066772, 0.5421398878097534, 0.5558876395225525, 0.5881649851799011, 0.661685585975647, 0.7136879563331604, 0.6832038164138794, 0.5965331792831421, 0.5600717067718506, 0.5576807856559753, 0.5905559062957764, 0.6563060283660889], "p_rule": [0.2357177734375, 0.2357177734375, 0.2357177734375, 0.300537109375, 0.9208984375, 0.452392578125, 0.343017578125, 0.317626953125, 0.32080078125, 0.384765625, 0.6064453125, 0.98583984375, 0.5732421875, 0.334228515625, 0.28173828125, 0.28076171875, 0.32373046875, 0.489990234375], "adversary_prediction": [0.34505316615104675, 0.34505364298820496, 0.345465749502182, 0.3726103603839874, 0.5446575284004211, 0.47640886902809143, 0.3788762390613556, 0.34768369793891907, 0.35487404465675354, 0.40074631571769714, 0.4360258877277374, 0.45919618010520935, 0.4702164828777313, 0.4587076008319855, 0.45185306668281555, 0.46132853627204895, 0.45292016863822937, 0.45918187499046326]}