{"accuracy": [0.5110288858413696, 0.5293856263160706, 0.5293856263160706, 0.5293856263160706, 0.5301258563995361, 0.6706143617630005, 0.6362694501876831, 0.579274594783783, 0.5409326553344727, 0.5347149968147278, 0.55558842420578, 0.6139156222343445, 0.6823093891143799, 0.68852698802948, 0.5951147079467773, 0.5404885411262512, 0.5324944257736206, 0.5366395115852356], "val_accuracy": [0.5323375463485718, 0.5323375463485718, 0.5323375463485718, 0.5332337617874146, 0.6658700704574585, 0.635399580001831, 0.5672889947891235, 0.5371172428131104, 0.5303958058357239, 0.5504107475280762, 0.5982075929641724, 0.6748319864273071, 0.6836445331573486, 0.5958177447319031, 0.5432412028312683, 0.5371172428131104, 0.5398058295249939, 0.5665422081947327], "p_rule": [0.25, 0.25, 0.25, 0.25048828125, 0.67724609375, 0.6201171875, 0.38623046875, 0.32177734375, 0.307373046875, 0.33740234375, 0.43212890625, 0.7431640625, 0.685546875, 0.361328125, 0.268310546875, 0.255615234375, 0.262939453125, 0.308349609375], "adversary_prediction": [0.34505316615104675, 0.3450533449649811, 0.34513863921165466, 0.3547646701335907, 0.4577730596065521, 0.45541903376579285, 0.3291477859020233, 0.26257815957069397, 0.24791979789733887, 0.2779969274997711, 0.3205178678035736, 0.3531500995159149, 0.3712277114391327, 0.3661324679851532, 0.3714989125728607, 0.3643592298030853, 0.3707205355167389, 0.3708372414112091]}