{"accuracy": [0.4357512891292572, 0.6518134474754333, 0.5663212537765503, 0.6829015612602234, 0.7170984745025635, 0.6393782496452332, 0.6362694501876831, 0.7284973859786987, 0.7787564992904663, 0.6979274749755859, 0.625906765460968, 0.625906765460968, 0.6979274749755859, 0.7974093556404114, 0.8238341808319092, 0.7740932703018188, 0.7378238439559937, 0.7310881018638611], "val_accuracy": [0.6213389039039612, 0.5794979333877563, 0.676778256893158, 0.6966527104377747, 0.625523030757904, 0.6223849654197693, 0.7133890986442566, 0.7620292901992798, 0.7024058699607849, 0.6312761306762695, 0.6312761306762695, 0.6924686431884766, 0.776150643825531, 0.7975941300392151, 0.7531380653381348, 0.7201882600784302, 0.7128661274909973, 0.7395397424697876], "p_rule": [0.5517578125, 0.29345703125, 0.59375, 0.6005859375, 0.389404296875, 0.386474609375, 0.52587890625, 0.8828125, 0.56005859375, 0.391357421875, 0.3974609375, 0.54638671875, 0.94921875, 0.685546875, 0.54638671875, 0.4970703125, 0.49169921875, 0.51708984375], "adversary_prediction": [0.3795575797557831, 0.42425963282585144, 0.543121874332428, 0.5970786213874817, 0.4049738347530365, 0.40305742621421814, 0.5418078303337097, 0.5907719731330872, 0.5767144560813904, 0.5397678017616272, 0.5342448353767395, 0.5616655945777893, 0.5755154490470886, 0.5539308190345764, 0.512363612651825, 0.48621121048927307, 0.4963708817958832, 0.5203245282173157]}