{"accuracy": [0.5148038268089294, 0.5173945426940918, 0.5199851989746094, 0.681347131729126, 0.6632124185562134, 0.6039970517158508, 0.5925240516662598, 0.628793478012085, 0.6965211033821106, 0.7220577597618103, 0.6162102222442627, 0.5551443099975586, 0.568097710609436, 0.6354551911354065, 0.7524056434631348, 0.7786824703216553, 0.719467043876648, 0.6550703048706055], "val_accuracy": [0.5324869155883789, 0.537341296672821, 0.6792382597923279, 0.649738609790802, 0.5974608063697815, 0.5795369744300842, 0.6161314249038696, 0.6758775115013123, 0.7124720215797424, 0.6273338198661804, 0.5728155374526978, 0.579910397529602, 0.6411501169204712, 0.7356235980987549, 0.7654966115951538, 0.6967886686325073, 0.6456310749053955, 0.6280806660652161], "p_rule": [0.20849609375, 0.212646484375, 0.669921875, 0.6376953125, 0.375, 0.334228515625, 0.3828125, 0.62060546875, 0.74755859375, 0.363037109375, 0.264404296875, 0.28125, 0.395751953125, 0.771484375, 0.7080078125, 0.462158203125, 0.361083984375, 0.330322265625], "adversary_prediction": [0.34505316615104675, 0.34751370549201965, 0.4338601529598236, 0.4545430839061737, 0.33578112721443176, 0.30691948533058167, 0.33667925000190735, 0.40211036801338196, 0.4115099608898163, 0.41314807534217834, 0.3992319405078888, 0.40200546383857727, 0.3952678143978119, 0.3882688581943512, 0.3596855700016022, 0.32346150279045105, 0.30383774638175964, 0.292309433221817]}