{"accuracy": [0.5134354829788208, 0.5227625966072083, 0.5227625966072083, 0.5396402478218079, 0.6198090314865112, 0.6555629372596741, 0.6384632587432861, 0.6122584939002991, 0.597601592540741, 0.5982677936553955, 0.6355763077735901, 0.6937597393989563, 0.719298243522644, 0.6677770614624023, 0.5929380655288696, 0.5587385892868042, 0.5634021759033203, 0.6089273691177368], "val_accuracy": [0.5267757177352905, 0.5267757177352905, 0.5429083704948425, 0.6264844536781311, 0.6493390202522278, 0.6251400113105774, 0.6022854447364807, 0.5861527919769287, 0.5897378325462341, 0.6202106475830078, 0.6706251502037048, 0.7069236040115356, 0.6656957268714905, 0.592426598072052, 0.563298225402832, 0.5693479776382446, 0.6087833046913147, 0.6739861369132996], "p_rule": [0.2193603515625, 0.2193603515625, 0.25439453125, 0.4853515625, 0.98828125, 0.63623046875, 0.442138671875, 0.385009765625, 0.37646484375, 0.431884765625, 0.60888671875, 0.9853515625, 0.56591796875, 0.35791015625, 0.293701171875, 0.30712890625, 0.39111328125, 0.60595703125], "adversary_prediction": [0.34505316615104675, 0.3450559079647064, 0.35452505946159363, 0.4615570604801178, 0.5143882632255554, 0.44531264901161194, 0.4117107093334198, 0.3394666016101837, 0.3529908359050751, 0.369838148355484, 0.38906893134117126, 0.3788726031780243, 0.3846662938594818, 0.3488437235355377, 0.36119499802589417, 0.34825316071510315, 0.3456481397151947, 0.34468570351600647]}