{"accuracy": [0.5075510740280151, 0.5185075402259827, 0.5185075402259827, 0.5185075402259827, 0.5688480734825134, 0.686704158782959, 0.6325140595436096, 0.5963873267173767, 0.5815812945365906, 0.5928338766098022, 0.6215575933456421, 0.672194242477417, 0.7266804575920105, 0.6973645091056824, 0.6325140595436096, 0.579804539680481, 0.5715131759643555, 0.5934261083602905], "val_accuracy": [0.5333133935928345, 0.5333133935928345, 0.5333133935928345, 0.587092936038971, 0.6713474988937378, 0.6142814755439758, 0.5802211165428162, 0.5706602931022644, 0.5793247818946838, 0.6083059310913086, 0.6620854735374451, 0.7036151885986328, 0.7036151885986328, 0.6369883418083191, 0.5930684208869934, 0.5838063955307007, 0.6065133213996887, 0.661487877368927], "p_rule": [0.207763671875, 0.207763671875, 0.207763671875, 0.286865234375, 0.9111328125, 0.56103515625, 0.38916015625, 0.34765625, 0.35693359375, 0.42822265625, 0.603515625, 0.9775390625, 0.63232421875, 0.393310546875, 0.29638671875, 0.282470703125, 0.32275390625, 0.462890625], "adversary_prediction": [0.34505316615104675, 0.34505346417427063, 0.345138818025589, 0.35232308506965637, 0.5004256367683411, 0.4891471564769745, 0.39627256989479065, 0.3489209711551666, 0.353628009557724, 0.3709104359149933, 0.40660592913627625, 0.4156910479068756, 0.4083876311779022, 0.40034791827201843, 0.3915628492832184, 0.39252009987831116, 0.38865557312965393, 0.37879374623298645]}