{"accuracy": [0.502960741519928, 0.5173945426940918, 0.5173945426940918, 0.5173945426940918, 0.5173945426940918, 0.5173945426940918, 0.5173945426940918, 0.5192450284957886, 0.6739452481269836, 0.5692079663276672, 0.5162842273712158, 0.4977794289588928, 0.4933382570743561, 0.4922279715538025, 0.49481865763664246, 0.5077720284461975, 0.5447816252708435, 0.5980755090713501], "val_accuracy": [0.5324869155883789, 0.5324869155883789, 0.5324869155883789, 0.5324869155883789, 0.5324869155883789, 0.5324869155883789, 0.5339806079864502, 0.6665421724319458, 0.5631067752838135, 0.5007468461990356, 0.4861837327480316, 0.4787154495716095, 0.4787154495716095, 0.48394325375556946, 0.4947722256183624, 0.5280059576034546, 0.593726634979248, 0.6680358648300171], "p_rule": [0.20849609375, 0.20849609375, 0.20849609375, 0.20849609375, 0.20849609375, 0.20849609375, 0.20947265625, 0.98486328125, 0.341552734375, 0.2391357421875, 0.2210693359375, 0.216552734375, 0.217041015625, 0.2181396484375, 0.2315673828125, 0.275146484375, 0.386962890625, 0.7099609375], "adversary_prediction": [0.34505316615104675, 0.34505316615104675, 0.34505483508110046, 0.34514907002449036, 0.34686580300331116, 0.35987016558647156, 0.39638397097587585, 0.39660313725471497, 0.3098832666873932, 0.22544467449188232, 0.18413612246513367, 0.16737613081932068, 0.1765950620174408, 0.1947338879108429, 0.21672680974006653, 0.2552112638950348, 0.2876613438129425, 0.3167895972728729]}