{"accuracy": [0.49888938665390015, 0.5135495066642761, 0.7232341170310974, 0.6121723651885986, 0.650377631187439, 0.7347845435142517, 0.7174589037895203, 0.6597067713737488, 0.6361616849899292, 0.6459351181983948, 0.7143491506576538, 0.7934251427650452, 0.7529986500740051, 0.6450466513633728, 0.6086183786392212, 0.6312749981880188, 0.7094624638557434, 0.8005331158638], "val_accuracy": [0.4979829788208008, 0.7014791369438171, 0.6257283687591553, 0.6571044325828552, 0.7229941487312317, 0.6961004137992859, 0.6427611112594604, 0.6127297282218933, 0.6306589245796204, 0.6934110522270203, 0.7785746455192566, 0.7427162528038025, 0.6414164304733276, 0.6077991724014282, 0.6293141841888428, 0.7099955081939697, 0.7852980494499207, 0.7924697399139404], "p_rule": [0.22998046875, 0.99169921875, 0.3759765625, 0.48486328125, 0.87451171875, 0.67529296875, 0.405029296875, 0.34326171875, 0.35302734375, 0.455810546875, 0.712890625, 0.8134765625, 0.4501953125, 0.364990234375, 0.419677734375, 0.65380859375, 0.9189453125, 0.64208984375], "adversary_prediction": [0.09825332462787628, 0.5325105786323547, 0.3933960497379303, 0.4294601380825043, 0.5616313815116882, 0.5445261597633362, 0.4341786205768585, 0.3732777535915375, 0.3822067677974701, 0.42207208275794983, 0.4879578649997711, 0.5017959475517273, 0.4926842749118805, 0.49414709210395813, 0.4864528477191925, 0.4902591407299042, 0.497782438993454, 0.4792157709598541]}