{"accuracy": [0.48364174365997314, 0.47061437368392944, 0.47061437368392944, 0.4750555157661438, 0.5486306548118591, 0.6870466470718384, 0.5449296832084656, 0.5314581990242004, 0.5348630547523499, 0.6051813364028931, 0.7114729881286621, 0.7074759602546692, 0.6482605338096619, 0.6108068227767944, 0.5888971090316772, 0.5917098522186279, 0.614507794380188, 0.6501850485801697], "val_accuracy": [0.46766242384910583, 0.46766242384910583, 0.47079911828041077, 0.5423450469970703, 0.6814040541648865, 0.5423450469970703, 0.5336818695068359, 0.5362210869789124, 0.5980582237243652, 0.7070948481559753, 0.6905153393745422, 0.6437640190124512, 0.601045548915863, 0.5844660401344299, 0.5864077806472778, 0.6055265069007874, 0.6464526057243347, 0.6852875351905823], "p_rule": [0.25, 0.25, 0.253173828125, 0.32861328125, 0.93408203125, 0.28125, 0.256103515625, 0.26025390625, 0.384033203125, 0.80712890625, 0.7041015625, 0.47509765625, 0.378173828125, 0.353515625, 0.352294921875, 0.381103515625, 0.4736328125, 0.61376953125], "adversary_prediction": [0.0038433349691331387, 0.003848788095638156, 0.010291695594787598, 0.11512285470962524, 0.4675399959087372, 0.4342283308506012, 0.4102100431919098, 0.4221262037754059, 0.42663368582725525, 0.4102684557437897, 0.36016765236854553, 0.31313011050224304, 0.28405138850212097, 0.2604694664478302, 0.2677266299724579, 0.2853986322879791, 0.3068016469478607, 0.3349525034427643]}