{"accuracy": [0.44071057438850403, 0.5293856263160706, 0.5296817421913147, 0.7091043591499329, 0.631828248500824, 0.5923020243644714, 0.6029607653617859, 0.6620281338691711, 0.7360473871231079, 0.670022189617157, 0.5542560815811157, 0.5397483110427856, 0.5530717968940735, 0.6300517916679382, 0.7501110434532166, 0.7703922986984253, 0.7114729881286621, 0.6612879633903503], "val_accuracy": [0.5323375463485718, 0.5333831310272217, 0.6948469281196594, 0.6249439716339111, 0.5873039364814758, 0.5986557006835938, 0.6528753042221069, 0.7293502688407898, 0.6681105494499207, 0.5556385517120361, 0.5414488315582275, 0.5551904439926147, 0.6282300353050232, 0.749215841293335, 0.7625093460083008, 0.6991785168647766, 0.6522778272628784, 0.6325616240501404], "p_rule": [0.25, 0.250732421875, 0.91650390625, 0.49609375, 0.380615234375, 0.394775390625, 0.515625, 0.86767578125, 0.52734375, 0.292724609375, 0.267578125, 0.28955078125, 0.439208984375, 0.86474609375, 0.6806640625, 0.4873046875, 0.413818359375, 0.388671875], "adversary_prediction": [0.34505322575569153, 0.34632036089897156, 0.5123229622840881, 0.414676696062088, 0.3120003640651703, 0.3247090280056, 0.38102683424949646, 0.44261613488197327, 0.44208964705467224, 0.41964492201805115, 0.40454623103141785, 0.41872844099998474, 0.40177884697914124, 0.394893079996109, 0.3707343637943268, 0.33648982644081116, 0.31727954745292664, 0.3091020882129669]}