{"accuracy": [0.518504798412323, 0.7239082455635071, 0.7342709302902222, 0.5273871421813965, 0.7446336150169373, 0.6395262479782104, 0.5980755090713501, 0.7731310129165649, 0.8079200387001038, 0.7146558165550232, 0.6883789896965027, 0.7424130439758301, 0.8064396977424622, 0.8264248967170715, 0.7775721549987793, 0.7498149275779724, 0.7612879276275635, 0.803108811378479], "val_accuracy": [0.7076176404953003, 0.7150858640670776, 0.539955198764801, 0.7408514022827148, 0.6213592290878296, 0.5810306072235107, 0.7643764019012451, 0.7987303733825684, 0.7128453850746155, 0.6833457946777344, 0.7359970211982727, 0.7949962615966797, 0.8084391355514526, 0.7651232481002808, 0.7389843463897705, 0.7498133182525635, 0.7927557826042175, 0.8192681074142456], "p_rule": [0.93408203125, 0.51123046875, 0.2359619140625, 0.76416015625, 0.3544921875, 0.3095703125, 0.533203125, 0.9892578125, 0.546875, 0.4853515625, 0.62060546875, 0.916015625, 0.73876953125, 0.57666015625, 0.50048828125, 0.5205078125, 0.623046875, 0.77294921875], "adversary_prediction": [0.5714351534843445, 0.5591570734977722, 0.44984951615333557, 0.7214319109916687, 0.4488185942173004, 0.4121405780315399, 0.6267828345298767, 0.6668959259986877, 0.5919385552406311, 0.5631052851676941, 0.6064531207084656, 0.6475825905799866, 0.6498948931694031, 0.6087670922279358, 0.5908764004707336, 0.5823957324028015, 0.6148956418037415, 0.635994017124176]}