{"accuracy": [0.4917098581790924, 0.5222797989845276, 0.5222797989845276, 0.5222797989845276, 0.5279792547225952, 0.6932642459869385, 0.6580311059951782, 0.598963737487793, 0.5746114253997803, 0.5777202248573303, 0.5927461385726929, 0.6440414786338806, 0.7243523597717285, 0.689637303352356, 0.5756476521492004, 0.5362694263458252, 0.5295336842536926, 0.5398963689804077], "val_accuracy": [0.5439330339431763, 0.5439330339431763, 0.5439330339431763, 0.5496861934661865, 0.6835774183273315, 0.6412134170532227, 0.5836820006370544, 0.5496861934661865, 0.5413179993629456, 0.5674686431884766, 0.6213389039039612, 0.7029288411140442, 0.6882845163345337, 0.5852510333061218, 0.5543932914733887, 0.5512552261352539, 0.5554393529891968, 0.5883890986442566], "p_rule": [0.21923828125, 0.21923828125, 0.21923828125, 0.2293701171875, 0.75146484375, 0.615234375, 0.391357421875, 0.3193359375, 0.3076171875, 0.33935546875, 0.466796875, 0.822265625, 0.60595703125, 0.31201171875, 0.23876953125, 0.231689453125, 0.2452392578125, 0.31640625], "adversary_prediction": [0.34505316615104675, 0.34505316615104675, 0.34514209628105164, 0.35600438714027405, 0.4585539996623993, 0.4720952808856964, 0.39084509015083313, 0.32932260632514954, 0.327277272939682, 0.33924904465675354, 0.3657495677471161, 0.3878348171710968, 0.390093058347702, 0.38853904604911804, 0.3845498859882355, 0.38798293471336365, 0.391263872385025, 0.391128271818161]}