{"accuracy": [0.5232455134391785, 0.5185075402259827, 0.5185075402259827, 0.5188036561012268, 0.6230381727218628, 0.6582765579223633, 0.5940183401107788, 0.56322181224823, 0.5641101598739624, 0.6097127795219421, 0.6757476925849915, 0.7331951260566711, 0.6461356282234192, 0.5564110279083252, 0.5365709066390991, 0.5445661544799805, 0.5975717902183533, 0.6985490322113037], "val_accuracy": [0.5333133935928345, 0.5333133935928345, 0.5345085263252258, 0.6399760842323303, 0.6447564959526062, 0.5966536998748779, 0.5557215213775635, 0.5599043965339661, 0.5948610901832581, 0.6656707525253296, 0.7116820812225342, 0.6534209847450256, 0.5700627565383911, 0.5512399077415466, 0.5593068599700928, 0.6038243174552917, 0.6904690861701965, 0.740962028503418], "p_rule": [0.207763671875, 0.207763671875, 0.20947265625, 0.4453125, 0.79052734375, 0.43212890625, 0.34033203125, 0.340087890625, 0.412109375, 0.64111328125, 0.84912109375, 0.431396484375, 0.26416015625, 0.2320556640625, 0.2435302734375, 0.3369140625, 0.57373046875, 0.91845703125], "adversary_prediction": [0.34505316615104675, 0.3450533449649811, 0.34538695216178894, 0.444850355386734, 0.5361412167549133, 0.3912483751773834, 0.3268981873989105, 0.3061998188495636, 0.3669135272502899, 0.4097757041454315, 0.43472376465797424, 0.41997030377388, 0.41603055596351624, 0.39303627610206604, 0.40578898787498474, 0.4023412764072418, 0.40465739369392395, 0.40296670794487]}