{"accuracy": [0.4827535152435303, 0.5293856263160706, 0.5293856263160706, 0.5293856263160706, 0.5293856263160706, 0.5293856263160706, 0.5293856263160706, 0.5293856263160706, 0.5293856263160706, 0.5625462532043457, 0.6118430495262146, 0.49430051445961, 0.47475942969322205, 0.47209474444389343, 0.47120651602745056, 0.47120651602745056, 0.4715026021003723, 0.4729829728603363], "val_accuracy": [0.5323375463485718, 0.5323375463485718, 0.5323375463485718, 0.5323375463485718, 0.5323375463485718, 0.5323375463485718, 0.5323375463485718, 0.5323375463485718, 0.5610156655311584, 0.6128454208374023, 0.4879761040210724, 0.46975353360176086, 0.46825990080833435, 0.46825990080833435, 0.4679611623287201, 0.46825990080833435, 0.4688573479652405, 0.4757281541824341], "p_rule": [0.25, 0.25, 0.25, 0.25, 0.25, 0.25, 0.25, 0.25, 0.30078125, 0.54345703125, 0.270751953125, 0.25146484375, 0.250732421875, 0.2509765625, 0.2509765625, 0.2509765625, 0.250732421875, 0.255615234375], "adversary_prediction": [0.34505316615104675, 0.34505316615104675, 0.3450533449649811, 0.34505775570869446, 0.3451540768146515, 0.34630975127220154, 0.3492913544178009, 0.3543793857097626, 0.34096065163612366, 0.29495862126350403, 0.21559035778045654, 0.1620846390724182, 0.13422974944114685, 0.1260881870985031, 0.13072729110717773, 0.14571428298950195, 0.16905397176742554, 0.1993403136730194]}