{"accuracy": [0.5079200863838196, 0.5348630547523499, 0.673130989074707, 0.639082133769989, 0.7148778438568115, 0.726720929145813, 0.6922279596328735, 0.658771276473999, 0.6638045907020569, 0.7268689870834351, 0.7856402397155762, 0.7475943565368652, 0.6578830480575562, 0.6251665353775024, 0.6497409343719482, 0.7250925302505493, 0.7952627539634705, 0.8109548687934875], "val_accuracy": [0.5303958058357239, 0.667363703250885, 0.6398804783821106, 0.7091859579086304, 0.7136669158935547, 0.6760268807411194, 0.6431665420532227, 0.6542195677757263, 0.7115758061408997, 0.7787901163101196, 0.7407020330429077, 0.6560119390487671, 0.6221060752868652, 0.6488423943519592, 0.7268110513687134, 0.7958177924156189, 0.8070201873779297, 0.782374918460846], "p_rule": [0.3046875, 0.56005859375, 0.46240234375, 0.71826171875, 0.8603515625, 0.57177734375, 0.443603515625, 0.443603515625, 0.53662109375, 0.755859375, 0.81005859375, 0.52294921875, 0.4462890625, 0.50830078125, 0.74560546875, 0.89013671875, 0.6767578125, 0.59521484375], "adversary_prediction": [0.11316382884979248, 0.4811883270740509, 0.4543308913707733, 0.5624310374259949, 0.5516762137413025, 0.44940415024757385, 0.3592182695865631, 0.3499811589717865, 0.38367846608161926, 0.44298043847084045, 0.46761903166770935, 0.4657692015171051, 0.45457401871681213, 0.45056983828544617, 0.44686320424079895, 0.42844119668006897, 0.40272125601768494, 0.38550183176994324]}