{"accuracy": [0.506885826587677, 0.7072412371635437, 0.7698800563812256, 0.7405597567558289, 0.588627278804779, 0.8058640360832214, 0.6219457983970642, 0.71968013048172, 0.814304769039154, 0.7352287769317627, 0.7254553437232971, 0.7929809093475342, 0.8311861157417297, 0.7974233627319336, 0.786761462688446, 0.8111950159072876, 0.8382940888404846, 0.842736542224884], "val_accuracy": [0.682653546333313, 0.7664724588394165, 0.7359928488731384, 0.5759748816490173, 0.7906768321990967, 0.6239354610443115, 0.7099955081939697, 0.783056914806366, 0.720753014087677, 0.7126848697662354, 0.7597489953041077, 0.7929179668426514, 0.783056914806366, 0.7669206857681274, 0.795159101486206, 0.813984751701355, 0.8018825650215149, 0.7924697399139404], "p_rule": [0.88818359375, 0.76416015625, 0.81640625, 0.31396484375, 0.83154296875, 0.37646484375, 0.630859375, 0.7978515625, 0.49951171875, 0.47802734375, 0.63916015625, 0.89501953125, 0.8662109375, 0.8037109375, 0.95361328125, 0.8330078125, 0.70166015625, 0.62744140625], "adversary_prediction": [0.5876410603523254, 0.610174834728241, 0.6426240801811218, 0.31759968400001526, 0.5568793416023254, 0.5312314629554749, 0.5374683737754822, 0.5684629082679749, 0.4883098304271698, 0.5009865164756775, 0.5534600615501404, 0.5852349400520325, 0.6045675873756409, 0.5876945853233337, 0.6257618069648743, 0.6215477585792542, 0.6139917969703674, 0.5997193455696106]}