{"accuracy": [0.4545454680919647, 0.5185075402259827, 0.5185075402259827, 0.5185075402259827, 0.5185075402259827, 0.5185075402259827, 0.5185075402259827, 0.5241338610649109, 0.6736748814582825, 0.5336096882820129, 0.49452176690101624, 0.4850459098815918, 0.484157532453537, 0.48445364832878113, 0.48711875081062317, 0.4948178827762604, 0.5253183245658875, 0.6026058793067932], "val_accuracy": [0.5333133935928345, 0.5333133935928345, 0.5333133935928345, 0.5333133935928345, 0.5333133935928345, 0.5333133935928345, 0.5383926033973694, 0.6486405730247498, 0.5168808102607727, 0.48013144731521606, 0.4711682200431824, 0.4684792459011078, 0.46877801418304443, 0.471466988325119, 0.4810277819633484, 0.5097101926803589, 0.5891843438148499, 0.6785180568695068], "p_rule": [0.207763671875, 0.207763671875, 0.207763671875, 0.207763671875, 0.207763671875, 0.207763671875, 0.2149658203125, 0.74462890625, 0.25439453125, 0.2113037109375, 0.2081298828125, 0.2081298828125, 0.2078857421875, 0.208740234375, 0.212646484375, 0.2412109375, 0.373291015625, 0.84375], "adversary_prediction": [0.34505316615104675, 0.34505316615104675, 0.3450547158718109, 0.3452241122722626, 0.3472733199596405, 0.35311171412467957, 0.36334553360939026, 0.3291744291782379, 0.22522127628326416, 0.15437808632850647, 0.12686234712600708, 0.11698541045188904, 0.12646625936031342, 0.15150853991508484, 0.18088141083717346, 0.2247500717639923, 0.26611748337745667, 0.29524412751197815]}