{"accuracy": [0.4913371801376343, 0.47800976037979126, 0.5530875325202942, 0.7130164504051208, 0.5775210857391357, 0.5988449454307556, 0.6956908106803894, 0.7401155233383179, 0.6810306310653687, 0.6188360452651978, 0.589515745639801, 0.5979564785957336, 0.6472678780555725, 0.7258995771408081, 0.772989809513092, 0.7365615367889404, 0.664149284362793, 0.6312749981880188], "val_accuracy": [0.4639175236225128, 0.5365307331085205, 0.7014791369438171, 0.5939040780067444, 0.6140744090080261, 0.695652186870575, 0.7212012410163879, 0.6602420210838318, 0.5983863472938538, 0.5701479315757751, 0.5750784277915955, 0.6176602244377136, 0.6961004137992859, 0.7588525414466858, 0.7310622930526733, 0.6660690307617188, 0.6320036053657532, 0.6382787823677063], "p_rule": [0.21484375, 0.2724609375, 0.80517578125, 0.310302734375, 0.349609375, 0.634765625, 0.82275390625, 0.48974609375, 0.34326171875, 0.308837890625, 0.31494140625, 0.37255859375, 0.53759765625, 0.8603515625, 0.701171875, 0.475830078125, 0.397216796875, 0.41650390625], "adversary_prediction": [0.0038316743448376656, 0.11280849575996399, 0.4740281403064728, 0.37305721640586853, 0.4049006998538971, 0.4622305929660797, 0.47286030650138855, 0.37309858202934265, 0.27335432171821594, 0.2361679971218109, 0.24360477924346924, 0.29198578000068665, 0.3419548571109772, 0.4095759093761444, 0.4340747892856598, 0.44015493988990784, 0.4362659752368927, 0.4427296221256256]}