{"accuracy": [0.507774293422699, 0.47800976037979126, 0.47800976037979126, 0.47800976037979126, 0.48778319358825684, 0.5504220128059387, 0.6321634650230408, 0.6721457242965698, 0.6157263517379761, 0.5539759993553162, 0.5370946526527405, 0.5455353260040283, 0.5677476525306702, 0.6348289847373962, 0.692136824131012, 0.7001332640647888, 0.6637049913406372, 0.6206130385398865], "val_accuracy": [0.4639175236225128, 0.4639175236225128, 0.4639175236225128, 0.47064095735549927, 0.5226355791091919, 0.6225907802581787, 0.6611384749412537, 0.6225907802581787, 0.5661138296127319, 0.5490811467170715, 0.5522187352180481, 0.5849394798278809, 0.6387270092964172, 0.682653546333313, 0.676826536655426, 0.6597937941551208, 0.5997310876846313, 0.5674585103988647], "p_rule": [0.21484375, 0.21484375, 0.21484375, 0.22265625, 0.299560546875, 0.56201171875, 0.8662109375, 0.42041015625, 0.28466796875, 0.249755859375, 0.260498046875, 0.311279296875, 0.45703125, 0.7392578125, 0.86767578125, 0.55908203125, 0.383544921875, 0.30712890625], "adversary_prediction": [0.00384332868270576, 0.003843592945486307, 0.0039015805814415216, 0.007852530106902122, 0.0972992330789566, 0.26853641867637634, 0.40004631876945496, 0.3934330642223358, 0.38367947936058044, 0.37660184502601624, 0.3777919113636017, 0.3685075342655182, 0.3531404435634613, 0.32451900839805603, 0.28939464688301086, 0.24475431442260742, 0.21738800406455994, 0.19777458906173706]}