{"accuracy": [0.5033308863639832, 0.4826054871082306, 0.48593634366989136, 0.6154700517654419, 0.6391561627388, 0.5484825968742371, 0.5688378810882568, 0.6839378476142883, 0.7424130439758301, 0.6720947623252869, 0.6099185943603516, 0.5810510516166687, 0.5954848527908325, 0.647298276424408, 0.7190969586372375, 0.7627683281898499, 0.7575869560241699, 0.7050333023071289], "val_accuracy": [0.4675130546092987, 0.4701269567012787, 0.5911127924919128, 0.641523540019989, 0.561613142490387, 0.5855115652084351, 0.6837192177772522, 0.7199402451515198, 0.6628080606460571, 0.604182243347168, 0.5806571841239929, 0.5929798483848572, 0.6299477219581604, 0.705750584602356, 0.7528005838394165, 0.7438386678695679, 0.7076176404953003, 0.6762509346008301], "p_rule": [0.2083740234375, 0.211669921875, 0.405517578125, 0.54052734375, 0.259033203125, 0.298583984375, 0.578125, 0.83544921875, 0.462158203125, 0.3291015625, 0.296142578125, 0.30908203125, 0.37353515625, 0.51611328125, 0.79541015625, 0.8193359375, 0.5830078125, 0.4951171875], "adversary_prediction": [0.003843334037810564, 0.00939267035573721, 0.2506592571735382, 0.4577336609363556, 0.40892884135246277, 0.4538377821445465, 0.49900445342063904, 0.4609597623348236, 0.3852703273296356, 0.31844624876976013, 0.29245612025260925, 0.2975904643535614, 0.33668503165245056, 0.37431320548057556, 0.4166819751262665, 0.4422726333141327, 0.44621697068214417, 0.45245906710624695]}