{"accuracy": [0.48001185059547424, 0.6416938304901123, 0.5513769388198853, 0.694107174873352, 0.6864080429077148, 0.6055670976638794, 0.611489474773407, 0.6985490322113037, 0.7728753089904785, 0.6967722773551941, 0.6108972430229187, 0.6097127795219421, 0.6784127950668335, 0.7651761770248413, 0.7903464436531067, 0.7485934495925903, 0.6952916979789734, 0.6834468245506287], "val_accuracy": [0.6322079300880432, 0.5599043965339661, 0.7000298500061035, 0.6692560315132141, 0.5987451672554016, 0.6020316481590271, 0.6797131896018982, 0.7618762850761414, 0.696743369102478, 0.6223483681678772, 0.6223483681678772, 0.676725447177887, 0.7585898041725159, 0.7774125933647156, 0.7224379777908325, 0.6806095242500305, 0.6680609583854675, 0.6886764168739319], "p_rule": [0.48828125, 0.25244140625, 0.64599609375, 0.52587890625, 0.319091796875, 0.3271484375, 0.460205078125, 0.83251953125, 0.58642578125, 0.368408203125, 0.364013671875, 0.5244140625, 0.9111328125, 0.671875, 0.515625, 0.42578125, 0.4169921875, 0.440673828125], "adversary_prediction": [0.40725764632225037, 0.35254159569740295, 0.4701043665409088, 0.4486974775791168, 0.23810651898384094, 0.2360248565673828, 0.33583226799964905, 0.45961281657218933, 0.48557260632514954, 0.47304293513298035, 0.47623834013938904, 0.4740816652774811, 0.4452950656414032, 0.4029912054538727, 0.3367568552494049, 0.3029031455516815, 0.3010823428630829, 0.314165323972702]}