{"accuracy": [0.5384899973869324, 0.5173945426940918, 0.5173945426940918, 0.5173945426940918, 0.5173945426940918, 0.5173945426940918, 0.5173945426940918, 0.5173945426940918, 0.5173945426940918, 0.6898593902587891, 0.5085121989250183, 0.4837157726287842, 0.4826054871082306, 0.4826054871082306, 0.4826054871082306, 0.4826054871082306, 0.4826054871082306, 0.48630642890930176], "val_accuracy": [0.5324869155883789, 0.5324869155883789, 0.5324869155883789, 0.5324869155883789, 0.5324869155883789, 0.5324869155883789, 0.5324869155883789, 0.5324869155883789, 0.6837192177772522, 0.48655712604522705, 0.4686332941055298, 0.46788647770881653, 0.46788647770881653, 0.46788647770881653, 0.46788647770881653, 0.46825990080833435, 0.46975353360176086, 0.4929051399230957], "p_rule": [0.20849609375, 0.20849609375, 0.20849609375, 0.20849609375, 0.20849609375, 0.20849609375, 0.20849609375, 0.20849609375, 0.98388671875, 0.2344970703125, 0.2105712890625, 0.2083740234375, 0.2083740234375, 0.2083740234375, 0.2083740234375, 0.2088623046875, 0.213134765625, 0.2337646484375], "adversary_prediction": [0.34505316615104675, 0.34505316615104675, 0.3450535237789154, 0.34507498145103455, 0.34528765082359314, 0.34570690989494324, 0.34481748938560486, 0.3345339596271515, 0.2766866385936737, 0.17676448822021484, 0.11703580617904663, 0.0897362232208252, 0.07936841249465942, 0.08345520496368408, 0.09617374837398529, 0.11794203519821167, 0.15134099125862122, 0.18848884105682373]}