{"accuracy": [0.5421909689903259, 0.5173945426940918, 0.6606217622756958, 0.5991857647895813, 0.5699481964111328, 0.6336047649383545, 0.7461140155792236, 0.6543301343917847, 0.5629163384437561, 0.5514433979988098, 0.5910436511039734, 0.700962245464325, 0.7779422402381897, 0.735011100769043, 0.6543301343917847, 0.6213915348052979, 0.6354551911354065, 0.6880089044570923], "val_accuracy": [0.5324869155883789, 0.6740104556083679, 0.5851381421089172, 0.5679611563682556, 0.6258401870727539, 0.7262882590293884, 0.6650485396385193, 0.5728155374526978, 0.5634801983833313, 0.5978342294692993, 0.6986557245254517, 0.7737117409706116, 0.7303957939147949, 0.6527259349822998, 0.6176251173019409, 0.6333084106445312, 0.6811053156852722, 0.7393577098846436], "p_rule": [0.20849609375, 0.56396484375, 0.351806640625, 0.29541015625, 0.3935546875, 0.82421875, 0.49267578125, 0.282958984375, 0.2578125, 0.3330078125, 0.58837890625, 0.8857421875, 0.5126953125, 0.388427734375, 0.336181640625, 0.351806640625, 0.43017578125, 0.55810546875], "adversary_prediction": [0.34505417943000793, 0.48547670245170593, 0.3275350034236908, 0.23779508471488953, 0.3374081552028656, 0.5041342377662659, 0.5789919495582581, 0.5213902592658997, 0.5233415961265564, 0.5258066058158875, 0.5082337260246277, 0.46714094281196594, 0.3823413550853729, 0.3313676416873932, 0.31124135851860046, 0.32317766547203064, 0.3592176139354706, 0.4165419638156891]}