{"accuracy": [0.4956328570842743, 0.6975573897361755, 0.7524796724319458, 0.780310869216919, 0.7592894434928894, 0.7598815560340881, 0.7943745255470276, 0.8044411540031433, 0.8201332092285156, 0.8195410966873169, 0.824722409248352, 0.8220577239990234, 0.8284233808517456, 0.8358253240585327, 0.840118408203125, 0.8450037240982056, 0.84737229347229, 0.8500370383262634], "val_accuracy": [0.6861836910247803, 0.7356235980987549, 0.7814787030220032, 0.7571321725845337, 0.7617624998092651, 0.7896937727928162, 0.8019417524337769, 0.8109036684036255, 0.811501145362854, 0.8106049299240112, 0.813592255115509, 0.8212098479270935, 0.8255414366722107, 0.8285287618637085, 0.8310679793357849, 0.8386855721473694, 0.8430171608924866, 0.845556378364563], "p_rule": [0.90185546875, 0.77978515625, 0.71044921875, 0.7685546875, 0.86474609375, 0.7763671875, 0.95458984375, 0.837890625, 0.81298828125, 0.91015625, 0.89404296875, 0.82666015625, 0.82177734375, 0.87255859375, 0.8505859375, 0.79931640625, 0.783203125, 0.80419921875], "adversary_prediction": [0.5544950366020203, 0.6386104226112366, 0.5491794943809509, 0.4834508001804352, 0.44889798760414124, 0.4761340916156769, 0.4891566336154938, 0.5128609538078308, 0.5224890112876892, 0.5199077725410461, 0.5471407771110535, 0.5675849318504333, 0.5737194418907166, 0.5981805920600891, 0.5901708006858826, 0.6351016163825989, 0.6232019066810608, 0.6207979321479797]}