{"accuracy": [0.5, 0.5222797989845276, 0.5222797989845276, 0.5222797989845276, 0.5222797989845276, 0.5222797989845276, 0.617616593837738, 0.701036274433136, 0.6181347370147705, 0.5730569958686829, 0.5528497695922852, 0.5430051684379578, 0.5575129389762878, 0.5854922533035278, 0.6227979063987732, 0.6932642459869385, 0.7212435007095337, 0.6839378476142883], "val_accuracy": [0.5439330339431763, 0.5439330339431763, 0.5439330339431763, 0.5439330339431763, 0.5439330339431763, 0.6401673555374146, 0.6668410301208496, 0.5894351601600647, 0.5397489666938782, 0.5146443247795105, 0.5125523209571838, 0.5245816111564636, 0.551778256893158, 0.6030334830284119, 0.668410062789917, 0.7055439352989197, 0.7050209045410156, 0.6312761306762695], "p_rule": [0.21923828125, 0.21923828125, 0.21923828125, 0.21923828125, 0.21923828125, 0.40283203125, 0.85400390625, 0.445556640625, 0.332763671875, 0.2890625, 0.283203125, 0.299560546875, 0.333984375, 0.428466796875, 0.66650390625, 0.998046875, 0.609375, 0.400634765625], "adversary_prediction": [0.34505316615104675, 0.34505316615104675, 0.34505555033683777, 0.34549060463905334, 0.3534426987171173, 0.4030609428882599, 0.46994277834892273, 0.4215675890445709, 0.33605435490608215, 0.28862830996513367, 0.28072813153266907, 0.3034307062625885, 0.33079978823661804, 0.36350396275520325, 0.3861745297908783, 0.4009421765804291, 0.39777031540870667, 0.3997097909450531]}