{"accuracy": [0.4434821307659149, 0.5036641955375671, 0.7081945538520813, 0.5789473652839661, 0.6424605846405029, 0.7388407588005066, 0.7124139666557312, 0.649789035320282, 0.6251388192176819, 0.6457917094230652, 0.7068620920181274, 0.7714856863021851, 0.75527423620224, 0.6773262023925781, 0.6286919713020325, 0.6291361451148987, 0.6826559901237488, 0.7543859481811523], "val_accuracy": [0.4974232614040375, 0.6930316090583801, 0.580775260925293, 0.636343240737915, 0.7181268334388733, 0.6836208701133728, 0.6332063674926758, 0.6099036335945129, 0.6269325613975525, 0.6916872262954712, 0.7515124082565308, 0.7394129633903503, 0.6757786273956299, 0.6273806691169739, 0.6300694346427917, 0.6753305196762085, 0.7378445267677307, 0.7837777137756348], "p_rule": [0.2398681640625, 0.9755859375, 0.31396484375, 0.44873046875, 0.94189453125, 0.564453125, 0.394775390625, 0.353271484375, 0.381591796875, 0.476806640625, 0.7373046875, 0.8076171875, 0.52099609375, 0.403564453125, 0.4072265625, 0.52734375, 0.76318359375, 0.90771484375], "adversary_prediction": [0.015761129558086395, 0.5492570996284485, 0.3880334198474884, 0.447993665933609, 0.5473471283912659, 0.42378881573677063, 0.2855454385280609, 0.2455768585205078, 0.2825782001018524, 0.348611444234848, 0.41953572630882263, 0.44733312726020813, 0.4458368718624115, 0.4273318946361542, 0.44212397933006287, 0.43327805399894714, 0.4294034540653229, 0.41764459013938904]}