{"accuracy": [0.46706143021583557, 0.47061437368392944, 0.47742414474487305, 0.6124352216720581, 0.6880828738212585, 0.5791265964508057, 0.5647668242454529, 0.6225018501281738, 0.7092524170875549, 0.7191709876060486, 0.6603996753692627, 0.5974833369255066, 0.5730569958686829, 0.5847520232200623, 0.627831220626831, 0.6971132755279541, 0.7430051565170288, 0.7438933849334717], "val_accuracy": [0.46766242384910583, 0.4734876751899719, 0.6120985746383667, 0.6790142059326172, 0.58342045545578, 0.5671396851539612, 0.6241971850395203, 0.7020164132118225, 0.7045556306838989, 0.6513816118240356, 0.590739369392395, 0.5665422081947327, 0.5762509107589722, 0.6207617521286011, 0.6854369044303894, 0.7271097898483276, 0.7351754903793335, 0.6990291476249695], "p_rule": [0.25, 0.251953125, 0.46728515625, 0.74853515625, 0.350830078125, 0.318115234375, 0.44140625, 0.7890625, 0.70068359375, 0.464599609375, 0.366943359375, 0.336669921875, 0.346923828125, 0.400390625, 0.5107421875, 0.72705078125, 0.92578125, 0.65087890625], "adversary_prediction": [0.003843467216938734, 0.003520280821248889, 0.2235707938671112, 0.4333774745464325, 0.41159698367118835, 0.43853113055229187, 0.4381212890148163, 0.4137440621852875, 0.3359859883785248, 0.26284316182136536, 0.21138763427734375, 0.19753497838974, 0.2087310254573822, 0.23760345578193665, 0.28078970313072205, 0.3296319544315338, 0.34947332739830017, 0.3733448088169098]}