{"accuracy": [0.47867298126220703, 0.4733412265777588, 0.4863744080066681, 0.6107819676399231, 0.7014217972755432, 0.579383909702301, 0.571090042591095, 0.6398104429244995, 0.7168246507644653, 0.7097156643867493, 0.6510663628578186, 0.6090047359466553, 0.5876777172088623, 0.6078199148178101, 0.6409952640533447, 0.7138625383377075, 0.7654028534889221, 0.7422986030578613], "val_accuracy": [0.45666468143463135, 0.46264195442199707, 0.5821877121925354, 0.6897788643836975, 0.5977286100387573, 0.5821877121925354, 0.6557083129882812, 0.7160788774490356, 0.6772265434265137, 0.622833251953125, 0.5780035853385925, 0.560669481754303, 0.5738194584846497, 0.6138672828674316, 0.6826061010360718, 0.7369993925094604, 0.7429766654968262, 0.6987447738647461], "p_rule": [0.23583984375, 0.243896484375, 0.392822265625, 0.77001953125, 0.330078125, 0.301513671875, 0.451416015625, 0.8447265625, 0.734375, 0.455322265625, 0.358154296875, 0.3271484375, 0.34375, 0.412353515625, 0.56884765625, 0.81494140625, 0.8271484375, 0.5732421875], "adversary_prediction": [0.003843138227239251, 0.0013964257668703794, 0.2326916754245758, 0.5017138123512268, 0.3999033272266388, 0.4015296995639801, 0.4435131251811981, 0.48723432421684265, 0.42517682909965515, 0.3455810248851776, 0.2873789966106415, 0.2665780484676361, 0.2777181565761566, 0.30426767468452454, 0.34345439076423645, 0.38933274149894714, 0.4084486663341522, 0.4248413145542145]}