{"accuracy": [0.5055530667304993, 0.5219902396202087, 0.5224344730377197, 0.677920937538147, 0.6632607579231262, 0.6072856783866882, 0.6023989319801331, 0.616614818572998, 0.6832519173622131, 0.7410039901733398, 0.6601510643959045, 0.5650821924209595, 0.5504220128059387, 0.5930697321891785, 0.7130164504051208, 0.7845401763916016, 0.7543314099311829, 0.6845846176147461], "val_accuracy": [0.5360824465751648, 0.5360824465751648, 0.6831017732620239, 0.6467951536178589, 0.5907664895057678, 0.5818018913269043, 0.6010757684707642, 0.6696548461914062, 0.738682210445404, 0.6669654846191406, 0.5679067969322205, 0.5575975179672241, 0.5983863472938538, 0.7113401889801025, 0.7749887704849243, 0.7346481680870056, 0.6709995269775391, 0.6445540189743042], "p_rule": [0.2147216796875, 0.2154541015625, 0.611328125, 0.65380859375, 0.41845703125, 0.374267578125, 0.4228515625, 0.591796875, 0.93115234375, 0.464599609375, 0.281982421875, 0.256103515625, 0.338134765625, 0.58447265625, 0.92919921875, 0.56005859375, 0.406005859375, 0.375], "adversary_prediction": [0.34505316615104675, 0.3452962338924408, 0.47787192463874817, 0.5510134100914001, 0.41029444336891174, 0.3617461025714874, 0.3858785927295685, 0.4550561010837555, 0.4817989766597748, 0.4655987322330475, 0.44813916087150574, 0.44073256850242615, 0.43432798981666565, 0.4272630512714386, 0.40745261311531067, 0.3702470362186432, 0.33625468611717224, 0.33484694361686707]}