{"accuracy": [0.49348342418670654, 0.4733412265777588, 0.4733412265777588, 0.4733412265777588, 0.4745260775089264, 0.49644550681114197, 0.6196682453155518, 0.6800947785377502, 0.5663506984710693, 0.5296208262443542, 0.5278435945510864, 0.5272511839866638, 0.5290284156799316, 0.5574644804000854, 0.6522511839866638, 0.7322275042533875, 0.7008293867111206, 0.6409952640533447], "val_accuracy": [0.45666468143463135, 0.45666468143463135, 0.45666468143463135, 0.45666468143463135, 0.4734010696411133, 0.6007172465324402, 0.675433337688446, 0.573221743106842, 0.5457262396812439, 0.5439330339431763, 0.5439330339431763, 0.5451285243034363, 0.5648535490036011, 0.6658697128295898, 0.7035266160964966, 0.6802151799201965, 0.5977286100387573, 0.5672444701194763], "p_rule": [0.23583984375, 0.23583984375, 0.23583984375, 0.2366943359375, 0.2493896484375, 0.41015625, 0.73974609375, 0.302490234375, 0.2374267578125, 0.2357177734375, 0.2357177734375, 0.2374267578125, 0.28564453125, 0.501953125, 0.98095703125, 0.6201171875, 0.39599609375, 0.337646484375], "adversary_prediction": [0.003843330778181553, 0.0038451096042990685, 0.004427536856383085, 0.012966773472726345, 0.09841415286064148, 0.291174978017807, 0.407624214887619, 0.3711436092853546, 0.3700675666332245, 0.37285515666007996, 0.37415191531181335, 0.3776502311229706, 0.3728760778903961, 0.3583727180957794, 0.3386801779270172, 0.302560955286026, 0.2782084047794342, 0.25689390301704407]}