{"accuracy": [0.47968021035194397, 0.47723740339279175, 0.5085498690605164, 0.6788807511329651, 0.6477903723716736, 0.5902731418609619, 0.6260271072387695, 0.7141905426979065, 0.7288474440574646, 0.6744392514228821, 0.6113702058792114, 0.5958250164985657, 0.6140350699424744, 0.6635576486587524, 0.7259604930877686, 0.7725960612297058, 0.7466133832931519, 0.6973128914833069], "val_accuracy": [0.4732242822647095, 0.5007842183113098, 0.6580775380134583, 0.6441855430603027, 0.5901859998703003, 0.6206587553024292, 0.6984091401100159, 0.7049070000648499, 0.6520277857780457, 0.6029576659202576, 0.5836880803108215, 0.603405773639679, 0.6486667990684509, 0.7093883156776428, 0.7421017289161682, 0.7371723055839539, 0.691239058971405, 0.6641272902488708], "p_rule": [0.2193603515625, 0.2410888671875, 0.59423828125, 0.50927734375, 0.340087890625, 0.4228515625, 0.75732421875, 0.69580078125, 0.422119140625, 0.329345703125, 0.312744140625, 0.327392578125, 0.386474609375, 0.53466796875, 0.78955078125, 0.84619140625, 0.6083984375, 0.509765625], "adversary_prediction": [0.0038438208866864443, 0.014818803407251835, 0.3675892651081085, 0.4820866286754608, 0.4742632806301117, 0.47737184166908264, 0.46238550543785095, 0.40999242663383484, 0.30827996134757996, 0.24945032596588135, 0.23084551095962524, 0.24605581164360046, 0.2934287488460541, 0.3425948917865753, 0.386611670255661, 0.4157041609287262, 0.4241156280040741, 0.4371239244937897]}