{"accuracy": [0.481495201587677, 0.5173945426940918, 0.6458179354667664, 0.6658031344413757, 0.6154700517654419, 0.6139896512031555, 0.6624722480773926, 0.7187268733978271, 0.6935603022575378, 0.5999259948730469, 0.5569947957992554, 0.5777202248573303, 0.6702442765235901, 0.7712805271148682, 0.7387120723724365, 0.6535899043083191, 0.6132494211196899, 0.6202812790870667], "val_accuracy": [0.5324869155883789, 0.6564600467681885, 0.6504854559898376, 0.6060492992401123, 0.6004480719566345, 0.6392830610275269, 0.7027632594108582, 0.6982823014259338, 0.6086632013320923, 0.5735623836517334, 0.5914861559867859, 0.6792382597923279, 0.7651232481002808, 0.7292755842208862, 0.6474981307983398, 0.6056758761405945, 0.6153846383094788, 0.6613144278526306], "p_rule": [0.20849609375, 0.490478515625, 0.65771484375, 0.404296875, 0.387939453125, 0.495361328125, 0.8603515625, 0.63818359375, 0.344970703125, 0.267822265625, 0.311279296875, 0.52587890625, 0.939453125, 0.533203125, 0.384033203125, 0.323974609375, 0.3349609375, 0.399169921875], "adversary_prediction": [0.3450527489185333, 0.36498162150382996, 0.5268126130104065, 0.3863619267940521, 0.35680022835731506, 0.406973272562027, 0.45711615681648254, 0.4598953425884247, 0.4204377233982086, 0.41113486886024475, 0.4088394343852997, 0.39361152052879333, 0.36929741501808167, 0.3185577690601349, 0.2886926233768463, 0.26522520184516907, 0.2771899402141571, 0.3044048249721527]}