{"accuracy": [0.44115468859672546, 0.5318282842636108, 0.674315333366394, 0.6680237054824829, 0.7224278450012207, 0.7098445892333984, 0.6791265606880188, 0.6831976175308228, 0.7549962997436523, 0.7971872687339783, 0.7198371291160583, 0.6506291627883911, 0.681347131729126, 0.7668393850326538, 0.8064396977424622, 0.7927461266517639, 0.763878583908081, 0.7579570412635803], "val_accuracy": [0.5253920555114746, 0.6822255253791809, 0.6803584694862366, 0.7162061333656311, 0.6855862736701965, 0.657953679561615, 0.6650485396385193, 0.7401045560836792, 0.7875279784202576, 0.7233009934425354, 0.6489917635917664, 0.6728902459144592, 0.7654966115951538, 0.8121732473373413, 0.7834204435348511, 0.7520537972450256, 0.75392085313797, 0.7837938666343689], "p_rule": [0.253662109375, 0.58642578125, 0.52294921875, 0.9267578125, 0.66259765625, 0.46142578125, 0.42578125, 0.5625, 0.849609375, 0.65185546875, 0.47314453125, 0.537109375, 0.87744140625, 0.73095703125, 0.5791015625, 0.51611328125, 0.513671875, 0.5537109375], "adversary_prediction": [0.08715613186359406, 0.4080040156841278, 0.39364132285118103, 0.5227997899055481, 0.5260180830955505, 0.4292530119419098, 0.3974814713001251, 0.4372933804988861, 0.4801528751850128, 0.482645720243454, 0.48341313004493713, 0.47753390669822693, 0.45516839623451233, 0.43073996901512146, 0.40823426842689514, 0.3912147581577301, 0.38899245858192444, 0.4282902777194977]}