{"accuracy": [0.5002221465110779, 0.47800976037979126, 0.47800976037979126, 0.47800976037979126, 0.47800976037979126, 0.47800976037979126, 0.4913371801376343, 0.6419368982315063, 0.5219902396202087, 0.5219902396202087, 0.5219902396202087, 0.5219902396202087, 0.5219902396202087, 0.5219902396202087, 0.5219902396202087, 0.5930697321891785, 0.7116836905479431, 0.6734784245491028], "val_accuracy": [0.4639175236225128, 0.4639175236225128, 0.4639175236225128, 0.4639175236225128, 0.4639175236225128, 0.4746750295162201, 0.6476916074752808, 0.5360824465751648, 0.5360824465751648, 0.5360824465751648, 0.5360824465751648, 0.5360824465751648, 0.5360824465751648, 0.5360824465751648, 0.6069027185440063, 0.7176154255867004, 0.6553115248680115, 0.589421808719635], "p_rule": [0.21484375, 0.21484375, 0.21484375, 0.21484375, 0.21484375, 0.223388671875, 0.64794921875, 0.216796875, 0.2147216796875, 0.2147216796875, 0.2147216796875, 0.2147216796875, 0.2147216796875, 0.2147216796875, 0.32861328125, 0.88525390625, 0.55029296875, 0.345458984375], "adversary_prediction": [0.0038433284498751163, 0.003843358950689435, 0.0038844554219394922, 0.007879107259213924, 0.027964338660240173, 0.11012102663516998, 0.23394262790679932, 0.3006953299045563, 0.32180657982826233, 0.32694581151008606, 0.3296414315700531, 0.3308320939540863, 0.32640495896339417, 0.32169243693351746, 0.3024838864803314, 0.28560665249824524, 0.2544291317462921, 0.23173940181732178]}