{"accuracy": [0.5431933999061584, 0.47723740339279175, 0.47723740339279175, 0.47723740339279175, 0.48989561200141907, 0.6082611680030823, 0.6953142285346985, 0.5611814260482788, 0.5258716344833374, 0.5240950584411621, 0.5243171453475952, 0.5425271987915039, 0.6533421874046326, 0.7339551448822021, 0.6970908045768738, 0.6262491941452026, 0.5847212672233582, 0.5682877898216248], "val_accuracy": [0.4732242822647095, 0.4732242822647095, 0.4732242822647095, 0.48622003197669983, 0.5993726253509521, 0.6755545735359192, 0.5668832659721375, 0.5301367044448853, 0.5274478793144226, 0.5285682082176208, 0.5476137399673462, 0.6549406051635742, 0.7091642618179321, 0.668608546257019, 0.6132646203041077, 0.5738292336463928, 0.558144748210907, 0.5637463331222534], "p_rule": [0.2193603515625, 0.2193603515625, 0.2193603515625, 0.2261962890625, 0.39404296875, 0.80419921875, 0.293701171875, 0.2239990234375, 0.2203369140625, 0.2230224609375, 0.24853515625, 0.4970703125, 1.0, 0.5556640625, 0.382568359375, 0.315185546875, 0.30029296875, 0.30322265625], "adversary_prediction": [0.00384332868270576, 0.0038453247398138046, 0.005441365297883749, 0.03426774591207504, 0.24494919180870056, 0.3903026282787323, 0.40121904015541077, 0.3791874349117279, 0.379035621881485, 0.38062188029289246, 0.3807865083217621, 0.3662480413913727, 0.3259851038455963, 0.2868210971355438, 0.2467513084411621, 0.22772744297981262, 0.2180684208869934, 0.22054728865623474]}