{"accuracy": [0.5303523540496826, 0.48149245977401733, 0.48149245977401733, 0.4835653007030487, 0.5481196045875549, 0.6724903583526611, 0.6402131915092468, 0.5564110279083252, 0.5430855751037598, 0.5771394968032837, 0.6656795740127563, 0.7186852097511292, 0.6970683932304382, 0.641101598739624, 0.5993485450744629, 0.5860230922698975, 0.5792123079299927, 0.6029019951820374], "val_accuracy": [0.46668657660484314, 0.46668657660484314, 0.47027188539505005, 0.5410815477371216, 0.6674634218215942, 0.6378846764564514, 0.5715566277503967, 0.5590080618858337, 0.5909770131111145, 0.6620854735374451, 0.7018225193023682, 0.6704511642456055, 0.6226471662521362, 0.5838063955307007, 0.562294602394104, 0.561995804309845, 0.5855990648269653, 0.6190618276596069], "p_rule": [0.2078857421875, 0.2078857421875, 0.2113037109375, 0.28076171875, 0.7099609375, 0.4853515625, 0.273681640625, 0.247314453125, 0.302490234375, 0.51318359375, 0.89892578125, 0.65625, 0.409912109375, 0.3232421875, 0.297119140625, 0.295166015625, 0.317626953125, 0.397705078125], "adversary_prediction": [0.003843331476673484, 0.0038637984544038773, 0.015757443383336067, 0.1615433692932129, 0.4568574130535126, 0.44584569334983826, 0.4068104326725006, 0.39860472083091736, 0.41995200514793396, 0.43111780285835266, 0.41415318846702576, 0.3715415894985199, 0.31896302103996277, 0.28881534934043884, 0.2611542046070099, 0.26546844840049744, 0.27183273434638977, 0.3004554808139801]}