{"accuracy": [0.47557002305984497, 0.5185075402259827, 0.5934261083602905, 0.6665679812431335, 0.6153390407562256, 0.6103050112724304, 0.6511696577072144, 0.7240154147148132, 0.723127007484436, 0.601717472076416, 0.5513769388198853, 0.5623334050178528, 0.6476162075996399, 0.7696179747581482, 0.7654722929000854, 0.7109860777854919, 0.6493929624557495, 0.6470239758491516], "val_accuracy": [0.5333133935928345, 0.6047206521034241, 0.6531221866607666, 0.5954586267471313, 0.5867941379547119, 0.6298177242279053, 0.7057065963745117, 0.7209441065788269, 0.6220495700836182, 0.5676725506782532, 0.5772333145141602, 0.6570062637329102, 0.763668954372406, 0.7654616236686707, 0.6928592920303345, 0.639079749584198, 0.6328055262565613, 0.664475679397583], "p_rule": [0.207763671875, 0.33203125, 0.6943359375, 0.4189453125, 0.377685546875, 0.456298828125, 0.740234375, 0.7158203125, 0.353271484375, 0.261962890625, 0.28076171875, 0.445556640625, 0.9716796875, 0.625, 0.4453125, 0.3623046875, 0.354736328125, 0.4033203125], "adversary_prediction": [0.34505316615104675, 0.3617866337299347, 0.5279387831687927, 0.37898847460746765, 0.34542354941368103, 0.4174375832080841, 0.4952796399593353, 0.5128651261329651, 0.4895729124546051, 0.46540459990501404, 0.4617947041988373, 0.46206972002983093, 0.43908295035362244, 0.39681991934776306, 0.34466663002967834, 0.32009586691856384, 0.31965914368629456, 0.34106841683387756]}