{"accuracy": [0.525684654712677, 0.47061437368392944, 0.47061437368392944, 0.47061437368392944, 0.471650630235672, 0.5022946000099182, 0.6336047649383545, 0.631828248500824, 0.5449296832084656, 0.5316061973571777, 0.5327905416488647, 0.5502590537071228, 0.621613621711731, 0.6910436749458313, 0.6907476186752319, 0.6555144190788269, 0.6112509369850159, 0.5890451669692993], "val_accuracy": [0.46766242384910583, 0.46766242384910583, 0.46766242384910583, 0.4681105315685272, 0.5012695789337158, 0.6191187500953674, 0.6198655962944031, 0.5429425239562988, 0.535772979259491, 0.5359223484992981, 0.549365222454071, 0.6140403151512146, 0.6818521022796631, 0.6715459227561951, 0.6416729092597961, 0.6029872894287109, 0.5823749303817749, 0.5796863436698914], "p_rule": [0.25, 0.25, 0.25, 0.250732421875, 0.27685546875, 0.5927734375, 0.53369140625, 0.282958984375, 0.258544921875, 0.25830078125, 0.287109375, 0.431396484375, 0.7685546875, 0.8017578125, 0.5576171875, 0.423828125, 0.38232421875, 0.3779296875], "adversary_prediction": [0.00384332868270576, 0.0038434506859630346, 0.004092562012374401, 0.01064133271574974, 0.07397177815437317, 0.28217968344688416, 0.37139537930488586, 0.4059775173664093, 0.3855704367160797, 0.3945881426334381, 0.40198639035224915, 0.3903830349445343, 0.3670942485332489, 0.33590808510780334, 0.3049760162830353, 0.27070656418800354, 0.2641576826572418, 0.2567184269428253]}