{"accuracy": [0.5241338610649109, 0.5185075402259827, 0.5185075402259827, 0.5185075402259827, 0.5185075402259827, 0.5185075402259827, 0.6766360402107239, 0.6103050112724304, 0.5380515456199646, 0.5134735107421875, 0.5060704946517944, 0.5152502059936523, 0.5356825590133667, 0.5833579897880554, 0.6630145311355591, 0.7121705412864685, 0.6585726737976074, 0.5567071437835693], "val_accuracy": [0.5333133935928345, 0.5333133935928345, 0.5333133935928345, 0.5333133935928345, 0.5339109897613525, 0.6671646237373352, 0.5879892706871033, 0.5264415740966797, 0.4965640902519226, 0.49268001317977905, 0.4971616268157959, 0.5246489644050598, 0.5715566277503967, 0.6465491652488708, 0.6925604939460754, 0.661487877368927, 0.5637884736061096, 0.5410815477371216], "p_rule": [0.207763671875, 0.207763671875, 0.207763671875, 0.207763671875, 0.207763671875, 0.73974609375, 0.44677734375, 0.26904296875, 0.234619140625, 0.2244873046875, 0.23583984375, 0.25634765625, 0.328369140625, 0.560546875, 0.931640625, 0.47314453125, 0.263427734375, 0.221435546875], "adversary_prediction": [0.34505316615104675, 0.3450533449649811, 0.345088392496109, 0.34727194905281067, 0.3752289116382599, 0.43922266364097595, 0.38737091422080994, 0.29292765259742737, 0.23901358246803284, 0.2254464030265808, 0.24215516448020935, 0.27985629439353943, 0.32207974791526794, 0.3621610701084137, 0.3856528699398041, 0.4060240685939789, 0.40089812874794006, 0.39875528216362]}