{"accuracy": [0.4929681718349457, 0.5173945426940918, 0.5173945426940918, 0.5173945426940918, 0.5173945426940918, 0.518504798412323, 0.6380459070205688, 0.6539600491523743, 0.5717986822128296, 0.5310880541801453, 0.5188748836517334, 0.5173945426940918, 0.522575855255127, 0.5407105684280396, 0.5903034806251526, 0.6720947623252869, 0.7109548449516296, 0.5977054238319397], "val_accuracy": [0.5324869155883789, 0.5324869155883789, 0.5324869155883789, 0.5324869155883789, 0.5336071848869324, 0.6583271026611328, 0.6463779211044312, 0.5683345794677734, 0.5212845206260681, 0.5022404789924622, 0.49813294410705566, 0.50261390209198, 0.5321134924888611, 0.5758028626441956, 0.6639283299446106, 0.6997759342193604, 0.6064227223396301, 0.5388349294662476], "p_rule": [0.20849609375, 0.20849609375, 0.20849609375, 0.20849609375, 0.2105712890625, 0.51318359375, 0.7109375, 0.3544921875, 0.26318359375, 0.2366943359375, 0.23095703125, 0.239990234375, 0.276611328125, 0.365234375, 0.6416015625, 0.7568359375, 0.343505859375, 0.21923828125], "adversary_prediction": [0.34505316615104675, 0.3450533449649811, 0.3451021611690521, 0.3473820388317108, 0.36533114314079285, 0.43581077456474304, 0.4513797461986542, 0.34292176365852356, 0.2852528989315033, 0.24195972084999084, 0.24124571681022644, 0.25921115279197693, 0.29296717047691345, 0.328606516122818, 0.3569668233394623, 0.3792790472507477, 0.38987764716148376, 0.38845202326774597]}