{"accuracy": [0.5643967390060425, 0.5173945426940918, 0.5173945426940918, 0.5173945426940918, 0.5173945426940918, 0.662842333316803, 0.6569207906723022, 0.586602509021759, 0.5643967390060425, 0.5725388526916504, 0.6184307932853699, 0.6806069612503052, 0.7283493876457214, 0.6720947623252869, 0.576239824295044, 0.5384899973869324, 0.5425610542297363, 0.5640266537666321], "val_accuracy": [0.5324869155883789, 0.5324869155883789, 0.5324869155883789, 0.5321134924888611, 0.6620612144470215, 0.6385362148284912, 0.5754294395446777, 0.5548917055130005, 0.5675877332687378, 0.6049290299415588, 0.6792382597923279, 0.7221807241439819, 0.6792382597923279, 0.5795369744300842, 0.550784170627594, 0.5496639013290405, 0.5716952681541443, 0.6321882009506226], "p_rule": [0.20849609375, 0.20849609375, 0.20849609375, 0.2088623046875, 0.6044921875, 0.578125, 0.32568359375, 0.27880859375, 0.2919921875, 0.353515625, 0.5576171875, 0.97802734375, 0.5263671875, 0.30859375, 0.2435302734375, 0.2398681640625, 0.28076171875, 0.40966796875], "adversary_prediction": [0.34505316615104675, 0.3450532853603363, 0.3451276123523712, 0.35689595341682434, 0.48818930983543396, 0.49604204297065735, 0.3708847463130951, 0.32191023230552673, 0.3333967626094818, 0.3854924738407135, 0.4459401071071625, 0.4755389392375946, 0.4738040864467621, 0.4566861093044281, 0.4521883428096771, 0.4465896189212799, 0.4600621163845062, 0.45918163657188416]}