{"accuracy": [0.5145077705383301, 0.5305699706077576, 0.6860103607177734, 0.6119170784950256, 0.6347150206565857, 0.7191709876060486, 0.7450777292251587, 0.6673575043678284, 0.6155440211296082, 0.6430051922798157, 0.7419689297676086, 0.8067357540130615, 0.7533679008483887, 0.6766839623451233, 0.6606217622756958, 0.696891188621521, 0.7683937549591064, 0.8238341808319092], "val_accuracy": [0.5528242588043213, 0.6532427072525024, 0.5784518718719482, 0.6051255464553833, 0.6898535490036011, 0.732740581035614, 0.6867154836654663, 0.6291841268539429, 0.6485355496406555, 0.7311715483665466, 0.793410062789917, 0.7374476790428162, 0.6621338725090027, 0.6385983228683472, 0.6825313568115234, 0.7531380653381348, 0.8012552261352539, 0.7981171607971191], "p_rule": [0.2322998046875, 0.6259765625, 0.371826171875, 0.416015625, 0.6611328125, 0.86474609375, 0.491943359375, 0.37451171875, 0.40869140625, 0.68017578125, 0.765625, 0.5185546875, 0.410888671875, 0.392578125, 0.438232421875, 0.5390625, 0.68408203125, 0.9208984375], "adversary_prediction": [0.34505555033683777, 0.5676828026771545, 0.36303797364234924, 0.44062474370002747, 0.5433277487754822, 0.5450734496116638, 0.4952055513858795, 0.47645995020866394, 0.5088203549385071, 0.5325519442558289, 0.5085763335227966, 0.4547102749347687, 0.38935813307762146, 0.37427666783332825, 0.405724436044693, 0.46222028136253357, 0.512512743473053, 0.5461977124214172]}