{"accuracy": [0.4740932583808899, 0.5122131705284119, 0.6661732196807861, 0.6746854186058044, 0.625832736492157, 0.655810534954071, 0.7190969586372375, 0.7116950154304504, 0.6539600491523743, 0.5914137959480286, 0.5921539664268494, 0.6624722480773926, 0.7749814987182617, 0.7797927260398865, 0.6720947623252869, 0.5958549380302429, 0.5899333953857422, 0.6302738785743713], "val_accuracy": [0.4958924651145935, 0.6474981307983398, 0.6639283299446106, 0.6329350471496582, 0.6598207354545593, 0.6956683993339539, 0.6941747665405273, 0.6396564841270447, 0.5802838206291199, 0.579910397529602, 0.6448842287063599, 0.7576549649238586, 0.7647498250007629, 0.6628080606460571, 0.6109036803245544, 0.6053024530410767, 0.6366691589355469, 0.7162061333656311], "p_rule": [0.23486328125, 0.6826171875, 0.68017578125, 0.434326171875, 0.5078125, 0.8505859375, 0.666015625, 0.39501953125, 0.3037109375, 0.30419921875, 0.387939453125, 0.58740234375, 0.91015625, 0.488037109375, 0.337646484375, 0.326416015625, 0.415283203125, 0.61962890625], "adversary_prediction": [0.006377340294420719, 0.3498001992702484, 0.46517565846443176, 0.42275533080101013, 0.45277634263038635, 0.45802178978919983, 0.36874523758888245, 0.23532289266586304, 0.1855602264404297, 0.1945686638355255, 0.25270992517471313, 0.3175825774669647, 0.38153693079948425, 0.40213367342948914, 0.40563496947288513, 0.4135826528072357, 0.4190573990345001, 0.4241091310977936]}