{"accuracy": [0.4196891188621521, 0.48497408628463745, 0.696891188621521, 0.5870466232299805, 0.583419680595398, 0.6911917328834534, 0.7393782138824463, 0.6911917328834534, 0.6373056769371033, 0.6088082790374756, 0.6181347370147705, 0.6797927618026733, 0.7564767003059387, 0.7740932703018188, 0.7269430160522461, 0.6569948196411133, 0.6357513070106506, 0.6378238201141357], "val_accuracy": [0.45868200063705444, 0.6663179993629456, 0.5998954176902771, 0.5925732254981995, 0.6945606470108032, 0.7254183888435364, 0.6610878705978394, 0.6066945791244507, 0.5810669660568237, 0.5983263850212097, 0.6385983228683472, 0.7264644503593445, 0.7662134170532227, 0.7180962562561035, 0.6532427072525024, 0.6270920634269714, 0.6359832882881165, 0.6752092242240906], "p_rule": [0.223876953125, 0.57421875, 0.33544921875, 0.330078125, 0.60009765625, 0.84521484375, 0.482177734375, 0.3544921875, 0.328369140625, 0.342041015625, 0.4140625, 0.60400390625, 0.91259765625, 0.69921875, 0.48583984375, 0.40283203125, 0.423095703125, 0.54150390625], "adversary_prediction": [0.003520280821248889, 0.455046147108078, 0.3676597774028778, 0.3747614920139313, 0.4813062250614166, 0.5275706648826599, 0.4054693877696991, 0.30760493874549866, 0.2597409188747406, 0.28558167815208435, 0.33615222573280334, 0.3923872411251068, 0.45071807503700256, 0.45782753825187683, 0.45798179507255554, 0.46190163493156433, 0.4737113416194916, 0.4788784682750702]}