{"accuracy": [0.4478673040866852, 0.5112559199333191, 0.6996445655822754, 0.6255924105644226, 0.6575829386711121, 0.7328199148178101, 0.7162322402000427, 0.6528435945510864, 0.6078199148178101, 0.6261848211288452, 0.6889810562133789, 0.7748815417289734, 0.7594786882400513, 0.6445497870445251, 0.5989336371421814, 0.6066350936889648, 0.6712085604667664, 0.7731042504310608], "val_accuracy": [0.48894202709198, 0.6855947375297546, 0.6401673555374146, 0.6664674282073975, 0.7089061737060547, 0.6891810894012451, 0.622833251953125, 0.5893604159355164, 0.5989241003990173, 0.6551105976104736, 0.7441721558570862, 0.7435744404792786, 0.6509264707565308, 0.5971308946609497, 0.6066945791244507, 0.6670651435852051, 0.7543335556983948, 0.7854154109954834], "p_rule": [0.2403564453125, 0.94287109375, 0.440185546875, 0.51806640625, 0.8671875, 0.6484375, 0.4365234375, 0.34619140625, 0.362548828125, 0.48193359375, 0.72802734375, 0.7841796875, 0.465576171875, 0.362548828125, 0.386962890625, 0.513671875, 0.8076171875, 0.8369140625], "adversary_prediction": [0.06527857482433319, 0.46449610590934753, 0.3643908202648163, 0.3912992775440216, 0.5077255368232727, 0.5159032940864563, 0.3950881063938141, 0.3292032778263092, 0.3340214788913727, 0.38527318835258484, 0.41774120926856995, 0.4393579065799713, 0.43740352988243103, 0.42860934138298035, 0.4273201525211334, 0.43824371695518494, 0.441396027803421, 0.4285282790660858]}