{"accuracy": [0.5578916072845459, 0.48149245977401733, 0.541012704372406, 0.6191886067390442, 0.5546342730522156, 0.647912323474884, 0.7370446920394897, 0.6946994662284851, 0.6221498250961304, 0.5952028632164001, 0.6020136475563049, 0.647912323474884, 0.7130589485168457, 0.7613266110420227, 0.7524430155754089, 0.6973645091056824, 0.6535386443138123, 0.6499851942062378], "val_accuracy": [0.46668657660484314, 0.5264415740966797, 0.6235435009002686, 0.5700627565383911, 0.6537197232246399, 0.7224379777908325, 0.6764266490936279, 0.619360625743866, 0.5900806784629822, 0.596952497959137, 0.6372871398925781, 0.7009261846542358, 0.7520167231559753, 0.741260826587677, 0.6889752149581909, 0.6564087271690369, 0.6593964695930481, 0.6880788803100586], "p_rule": [0.2078857421875, 0.260498046875, 0.3681640625, 0.259033203125, 0.440185546875, 0.94921875, 0.5302734375, 0.36572265625, 0.31396484375, 0.32568359375, 0.384521484375, 0.53662109375, 0.8134765625, 0.75244140625, 0.515625, 0.428466796875, 0.428466796875, 0.50634765625], "adversary_prediction": [0.003844168735668063, 0.09725043177604675, 0.4062928259372711, 0.38396814465522766, 0.45010969042778015, 0.5130369067192078, 0.4284171164035797, 0.31007120013237, 0.26335689425468445, 0.2588867247104645, 0.30518099665641785, 0.3631317913532257, 0.4173935353755951, 0.44148126244544983, 0.4522438943386078, 0.4497045576572418, 0.45373377203941345, 0.45354852080345154]}