{"accuracy": [0.389637291431427, 0.6932642459869385, 0.5259067416191101, 0.7160621881484985, 0.6642487049102783, 0.5984455943107605, 0.6523315906524658, 0.7787564992904663, 0.7575129270553589, 0.6678756475448608, 0.6269429922103882, 0.6626942753791809, 0.7523316144943237, 0.8165802955627441, 0.806217610836029, 0.7471502423286438, 0.716580331325531, 0.720725417137146], "val_accuracy": [0.6715481281280518, 0.5465481281280518, 0.7296025156974792, 0.6480125784873962, 0.5763598084449768, 0.6281380653381348, 0.750523030757904, 0.7552301287651062, 0.6657949686050415, 0.6344142556190491, 0.6616109013557434, 0.741631805896759, 0.7939330339431763, 0.7907949686050415, 0.7259414196014404, 0.694037675857544, 0.7039749026298523, 0.7442468404769897], "p_rule": [0.5849609375, 0.227783203125, 0.69091796875, 0.40185546875, 0.32470703125, 0.37451171875, 0.6201171875, 0.84814453125, 0.476806640625, 0.40478515625, 0.476806640625, 0.7314453125, 0.8701171875, 0.6015625, 0.478759765625, 0.44677734375, 0.45361328125, 0.493896484375], "adversary_prediction": [0.5015364289283752, 0.34700408577919006, 0.5738340020179749, 0.39925965666770935, 0.2039795219898224, 0.3460407555103302, 0.5909762978553772, 0.6259706616401672, 0.5569704174995422, 0.5324665904045105, 0.5556918978691101, 0.5892589688301086, 0.5894750952720642, 0.5423330664634705, 0.4780207574367523, 0.4493478238582611, 0.46580222249031067, 0.5056524872779846]}