{"accuracy": [0.480384886264801, 0.4840858578681946, 0.5825314521789551, 0.6994818449020386, 0.6487786769866943, 0.6121391654014587, 0.655810534954071, 0.7187268733978271, 0.7150259017944336, 0.640266478061676, 0.5832716226577759, 0.57216876745224, 0.606217622756958, 0.7002220749855042, 0.7920058965682983, 0.7316802144050598, 0.6458179354667664, 0.6065877079963684], "val_accuracy": [0.4686332941055298, 0.5709484815597534, 0.6769977807998657, 0.655339777469635, 0.6232262849807739, 0.6643016934394836, 0.703136682510376, 0.7050037384033203, 0.6280806660652161, 0.5698282122612, 0.5604929327964783, 0.604182243347168, 0.6885735392570496, 0.7617624998092651, 0.7240477800369263, 0.649738609790802, 0.617998480796814, 0.6265870332717896], "p_rule": [0.2100830078125, 0.3330078125, 0.966796875, 0.47802734375, 0.386962890625, 0.49853515625, 0.8291015625, 0.640625, 0.37353515625, 0.2734375, 0.26611328125, 0.30712890625, 0.466064453125, 0.7744140625, 0.76123046875, 0.458251953125, 0.360595703125, 0.380615234375], "adversary_prediction": [0.003520280821248889, 0.18107816576957703, 0.5008322596549988, 0.376580148935318, 0.37773963809013367, 0.4064997732639313, 0.4082129895687103, 0.33703258633613586, 0.24904796481132507, 0.20808401703834534, 0.205449640750885, 0.23352694511413574, 0.2849022448062897, 0.33750006556510925, 0.36754754185676575, 0.388445109128952, 0.4035983383655548, 0.4063604772090912]}