{"accuracy": [0.4903774857521057, 0.7216876149177551, 0.7157660722732544, 0.5244263410568237, 0.7479644417762756, 0.5825314521789551, 0.583641767501831, 0.7709104418754578, 0.7779422402381897, 0.6524796485900879, 0.6461880207061768, 0.7287194728851318, 0.8090303540229797, 0.807179868221283, 0.7598075270652771, 0.7313101291656494, 0.7475943565368652, 0.7934862971305847], "val_accuracy": [0.7050037384033203, 0.695294976234436, 0.5347273945808411, 0.743091881275177, 0.5683345794677734, 0.5683345794677734, 0.7587752342224121, 0.7554144859313965, 0.6512322425842285, 0.647124707698822, 0.7180731892585754, 0.7864077687263489, 0.7770724296569824, 0.7412247657775879, 0.7188200354576111, 0.7348767518997192, 0.7699775695800781, 0.7931292057037354], "p_rule": [0.994140625, 0.51123046875, 0.21923828125, 0.8076171875, 0.30517578125, 0.301513671875, 0.56201171875, 0.80126953125, 0.431640625, 0.417724609375, 0.623046875, 0.966796875, 0.68310546875, 0.5419921875, 0.478759765625, 0.51123046875, 0.58837890625, 0.73291015625], "adversary_prediction": [0.4848179519176483, 0.41202399134635925, 0.39683201909065247, 0.5587725043296814, 0.14552626013755798, 0.1604306697845459, 0.4087466895580292, 0.6025000214576721, 0.5864905714988708, 0.5790745615959167, 0.593217670917511, 0.5957778096199036, 0.5373665690422058, 0.48370662331581116, 0.4483928382396698, 0.468476265668869, 0.5314715504646301, 0.5961578488349915]}