{"accuracy": [0.5445595979690552, 0.4777202010154724, 0.4803108870983124, 0.6580311059951782, 0.6305699348449707, 0.586528480052948, 0.5984455943107605, 0.7145077586174011, 0.7455958724021912, 0.701036274433136, 0.6424870491027832, 0.6253886222839355, 0.6450777053833008, 0.696891188621521, 0.7601036429405212, 0.7782383561134338, 0.7575129270553589, 0.713471531867981], "val_accuracy": [0.45606693625450134, 0.4628660976886749, 0.6354602575302124, 0.6438284516334534, 0.5883890986442566, 0.6129707098007202, 0.7076359987258911, 0.7452929019927979, 0.6642259359359741, 0.6082636117935181, 0.5883890986442566, 0.607740581035614, 0.660041868686676, 0.724372386932373, 0.7709205150604248, 0.7395397424697876, 0.7039749026298523, 0.6872385144233704], "p_rule": [0.21923828125, 0.2247314453125, 0.5380859375, 0.490478515625, 0.33544921875, 0.38232421875, 0.66796875, 0.740234375, 0.448974609375, 0.37353515625, 0.34765625, 0.368896484375, 0.437255859375, 0.62890625, 0.876953125, 0.810546875, 0.626953125, 0.5537109375], "adversary_prediction": [0.0038433638401329517, 0.005241448991000652, 0.2573440968990326, 0.558952271938324, 0.5024922490119934, 0.5109506249427795, 0.5362963080406189, 0.43933358788490295, 0.3434469997882843, 0.2809648811817169, 0.2693779766559601, 0.2922203242778778, 0.3420170843601227, 0.3950766623020172, 0.44263920187950134, 0.45934948325157166, 0.47663137316703796, 0.4905514419078827]}