{"accuracy": [0.48556196689605713, 0.5219902396202087, 0.5219902396202087, 0.6081741452217102, 0.692581057548523, 0.6175033450126648, 0.5979564785957336, 0.6015104651451111, 0.6472678780555725, 0.718347430229187, 0.6934695839881897, 0.5704131722450256, 0.5433140993118286, 0.5584184527397156, 0.6463794112205505, 0.7703242897987366, 0.7587738633155823, 0.7112394571304321], "val_accuracy": [0.5360824465751648, 0.5360824465751648, 0.6158673167228699, 0.6683101654052734, 0.6037651300430298, 0.583594799041748, 0.5880770683288574, 0.627521276473999, 0.7046167850494385, 0.7046167850494385, 0.5844912528991699, 0.5593904256820679, 0.5831465721130371, 0.6602420210838318, 0.757507860660553, 0.757059633731842, 0.695652186870575, 0.6575526595115662], "p_rule": [0.2147216796875, 0.2147216796875, 0.387939453125, 0.83740234375, 0.483642578125, 0.388671875, 0.37939453125, 0.476806640625, 0.7724609375, 0.609375, 0.29150390625, 0.2435302734375, 0.2783203125, 0.47412109375, 0.9091796875, 0.64892578125, 0.48486328125, 0.398193359375], "adversary_prediction": [0.34505316615104675, 0.3450702130794525, 0.3532699644565582, 0.47141358256340027, 0.39442768692970276, 0.3329133093357086, 0.3297050893306732, 0.39683762192726135, 0.42638441920280457, 0.42844244837760925, 0.4247952997684479, 0.4146946370601654, 0.4221315085887909, 0.42470112442970276, 0.4239977300167084, 0.41415998339653015, 0.38888421654701233, 0.37976256012916565]}