{"accuracy": [0.41403821110725403, 0.5224344730377197, 0.6796979308128357, 0.6525988578796387, 0.6152821183204651, 0.6410484313964844, 0.6996890306472778, 0.7281208634376526, 0.6401599049568176, 0.5721901655197144, 0.5899600386619568, 0.706352710723877, 0.7836517095565796, 0.7232341170310974, 0.65082186460495, 0.6299422383308411, 0.6628165245056152, 0.7250111103057861], "val_accuracy": [0.5360824465751648, 0.677274763584137, 0.6199014186859131, 0.5979381203651428, 0.6136261820793152, 0.6705513000488281, 0.7279247045516968, 0.6432093381881714, 0.5692514777183533, 0.5956969857215881, 0.7104437351226807, 0.7749887704849243, 0.7050650119781494, 0.6427611112594604, 0.6261765956878662, 0.6530703902244568, 0.7086508274078369, 0.7669206857681274], "p_rule": [0.2147216796875, 0.82470703125, 0.54833984375, 0.400146484375, 0.419677734375, 0.63720703125, 0.88671875, 0.423828125, 0.286376953125, 0.32958984375, 0.6103515625, 0.77978515625, 0.483642578125, 0.37939453125, 0.361083984375, 0.392822265625, 0.48193359375, 0.66162109375], "adversary_prediction": [0.3450804054737091, 0.49620428681373596, 0.48237308859825134, 0.3755163848400116, 0.41732272505760193, 0.5039979815483093, 0.5332329869270325, 0.48962023854255676, 0.4743812382221222, 0.47342273592948914, 0.4714520275592804, 0.453689843416214, 0.4072096645832062, 0.3576958477497101, 0.35454902052879333, 0.3745872676372528, 0.41924360394477844, 0.4597000181674957]}