{"accuracy": [0.5518134832382202, 0.5222797989845276, 0.5222797989845276, 0.6694300770759583, 0.6849740743637085, 0.6181347370147705, 0.6056994795799255, 0.6590673327445984, 0.7502590417861938, 0.719689130783081, 0.5984455943107605, 0.5492228269577026, 0.5647668242454529, 0.6502590775489807, 0.7839378118515015, 0.7808290123939514, 0.7015544176101685, 0.6518134474754333], "val_accuracy": [0.5439330339431763, 0.5439330339431763, 0.6814853549003601, 0.6521966457366943, 0.5862970948219299, 0.5821129679679871, 0.6270920634269714, 0.7112970948219299, 0.732740581035614, 0.5957112908363342, 0.5622385144233704, 0.5747907757759094, 0.6532427072525024, 0.775627613067627, 0.7651673555374146, 0.6888075470924377, 0.6359832882881165, 0.6281380653381348], "p_rule": [0.21923828125, 0.21923828125, 0.5654296875, 0.55029296875, 0.35888671875, 0.35546875, 0.439208984375, 0.73388671875, 0.6826171875, 0.34375, 0.25830078125, 0.28076171875, 0.451171875, 0.94140625, 0.6201171875, 0.458740234375, 0.383544921875, 0.382568359375], "adversary_prediction": [0.34505316615104675, 0.34505000710487366, 0.49731871485710144, 0.5412201285362244, 0.40805599093437195, 0.39202311635017395, 0.47860434651374817, 0.5340955853462219, 0.5445498824119568, 0.5004333853721619, 0.46961918473243713, 0.47131600975990295, 0.4894714653491974, 0.4690108001232147, 0.46312782168388367, 0.41400256752967834, 0.39076951146125793, 0.39312246441841125]}