{"accuracy": [0.5171800851821899, 0.4733412265777588, 0.48163506388664246, 0.5829383730888367, 0.6907582879066467, 0.6682464480400085, 0.5971564054489136, 0.5835307836532593, 0.6392180323600769, 0.7174170613288879, 0.7268957495689392, 0.6931279897689819, 0.6380331516265869, 0.6095971465110779, 0.6013033390045166, 0.6202606558799744, 0.6552132964134216, 0.7274881601333618], "val_accuracy": [0.45666468143463135, 0.46144649386405945, 0.5540944337844849, 0.6724447011947632, 0.6724447011947632, 0.5977286100387573, 0.5935445427894592, 0.6479378342628479, 0.7112970948219299, 0.7077106833457947, 0.6694560647010803, 0.6114763617515564, 0.5738194584846497, 0.5630603432655334, 0.582785427570343, 0.6389719247817993, 0.7023311257362366, 0.7417812347412109], "p_rule": [0.23583984375, 0.2393798828125, 0.333251953125, 0.77685546875, 0.60302734375, 0.348388671875, 0.329345703125, 0.465576171875, 0.7529296875, 0.8330078125, 0.529296875, 0.38134765625, 0.33984375, 0.3271484375, 0.353515625, 0.398681640625, 0.5517578125, 0.7822265625], "adversary_prediction": [0.003842636477202177, 0.009861522354185581, 0.20040354132652283, 0.50355464220047, 0.4512951076030731, 0.41021689772605896, 0.4084374010562897, 0.4594425857067108, 0.473676472902298, 0.45721980929374695, 0.40060296654701233, 0.337437242269516, 0.30003324151039124, 0.29783007502555847, 0.3089902698993683, 0.33878186345100403, 0.37700554728507996, 0.40384307503700256]}