{"accuracy": [0.5150259137153625, 0.5222797989845276, 0.5222797989845276, 0.5222797989845276, 0.5222797989845276, 0.5222797989845276, 0.5222797989845276, 0.5222797989845276, 0.5222797989845276, 0.6740932464599609, 0.5507771968841553, 0.49740931391716003, 0.48445597290992737, 0.4818652868270874, 0.48082903027534485, 0.48290154337882996, 0.4854922294616699, 0.49689120054244995], "val_accuracy": [0.5439330339431763, 0.5439330339431763, 0.5439330339431763, 0.5439330339431763, 0.5439330339431763, 0.5439330339431763, 0.5439330339431763, 0.5439330339431763, 0.6663179993629456, 0.5115062594413757, 0.47332635521888733, 0.46129706501960754, 0.45972803235054016, 0.45972803235054016, 0.4602510333061218, 0.4628660976886749, 0.4738493859767914, 0.500523030757904], "p_rule": [0.21923828125, 0.21923828125, 0.21923828125, 0.21923828125, 0.21923828125, 0.21923828125, 0.21923828125, 0.21923828125, 0.98095703125, 0.29541015625, 0.228515625, 0.2247314453125, 0.22314453125, 0.2222900390625, 0.2222900390625, 0.22314453125, 0.228515625, 0.258056640625], "adversary_prediction": [0.34505316615104675, 0.34505316615104675, 0.3450535237789154, 0.3450706899166107, 0.3454979956150055, 0.34815534949302673, 0.3553788959980011, 0.35575923323631287, 0.3241802155971527, 0.23298093676567078, 0.16044706106185913, 0.12488718330860138, 0.11151638627052307, 0.11395765841007233, 0.12630072236061096, 0.14741504192352295, 0.18156340718269348, 0.2175672948360443]}