{"accuracy": [0.5192450284957886, 0.4826054871082306, 0.5207253694534302, 0.6761658191680908, 0.6106587648391724, 0.587712824344635, 0.6547002196311951, 0.7290895581245422, 0.6946706175804138, 0.6361954212188721, 0.6006661653518677, 0.6039970517158508, 0.6336047649383545, 0.7002220749855042, 0.7646188139915466, 0.7475943565368652, 0.6887490749359131, 0.6461880207061768], "val_accuracy": [0.4675130546092987, 0.510828971862793, 0.6545929908752441, 0.6202389597892761, 0.5985810160636902, 0.668782651424408, 0.7128453850746155, 0.6848394274711609, 0.6314413547515869, 0.5997012853622437, 0.6026885509490967, 0.6299477219581604, 0.695294976234436, 0.7453323602676392, 0.7479462027549744, 0.6934279203414917, 0.6493651866912842, 0.6411501169204712], "p_rule": [0.2083740234375, 0.246826171875, 0.85546875, 0.392333984375, 0.322021484375, 0.49267578125, 0.9208984375, 0.59228515625, 0.387939453125, 0.330322265625, 0.330322265625, 0.37841796875, 0.51220703125, 0.78564453125, 0.810546875, 0.53662109375, 0.4228515625, 0.40966796875], "adversary_prediction": [0.003863656660541892, 0.03855243697762489, 0.4627412259578705, 0.39739713072776794, 0.37612447142601013, 0.46360084414482117, 0.49438974261283875, 0.3930406868457794, 0.3066155016422272, 0.256151407957077, 0.2490081787109375, 0.2809601128101349, 0.32657739520072937, 0.3648054301738739, 0.4020240008831024, 0.4216395914554596, 0.42081668972969055, 0.4229516088962555]}