{"accuracy": [0.5063291192054749, 0.5227625966072083, 0.5487452745437622, 0.7332889437675476, 0.6424605846405029, 0.6147013306617737, 0.6433488726615906, 0.7157450318336487, 0.7483899593353271, 0.6611148118972778, 0.5878303647041321, 0.5740617513656616, 0.6166999936103821, 0.7044192552566528, 0.7721518874168396, 0.7734843492507935, 0.720852792263031, 0.6788807511329651], "val_accuracy": [0.5267757177352905, 0.5482859015464783, 0.7078198790550232, 0.634326696395874, 0.6036298274993896, 0.63118976354599, 0.7033385634422302, 0.7338113188743591, 0.6544924974441528, 0.5843603014945984, 0.5753977298736572, 0.6110239624977112, 0.6995294690132141, 0.7589065432548523, 0.7510643005371094, 0.7033385634422302, 0.6681604385375977, 0.6603181958198547], "p_rule": [0.2193603515625, 0.26220703125, 0.83203125, 0.4033203125, 0.342529296875, 0.385986328125, 0.5654296875, 0.958984375, 0.51904296875, 0.335205078125, 0.31494140625, 0.396484375, 0.63671875, 0.92822265625, 0.61962890625, 0.47265625, 0.39501953125, 0.37890625], "adversary_prediction": [0.3450533449649811, 0.37699219584465027, 0.5953286290168762, 0.35361096262931824, 0.2819419205188751, 0.31697604060173035, 0.4183199107646942, 0.4924921691417694, 0.5129945874214172, 0.49355819821357727, 0.4866696298122406, 0.4891735017299652, 0.47925034165382385, 0.44601020216941833, 0.42025527358055115, 0.38353320956230164, 0.35800716280937195, 0.3637734353542328]}