{"accuracy": [0.4837157726287842, 0.5173945426940918, 0.5173945426940918, 0.5173945426940918, 0.5173945426940918, 0.5173945426940918, 0.5173945426940918, 0.5236861705780029, 0.6898593902587891, 0.6106587648391724, 0.5344189405441284, 0.5055514574050903, 0.49740931391716003, 0.49703922867774963, 0.498519629240036, 0.5088822841644287, 0.5458919405937195, 0.6291635632514954], "val_accuracy": [0.5324869155883789, 0.5324869155883789, 0.5324869155883789, 0.5324869155883789, 0.5324869155883789, 0.5324869155883789, 0.5403286218643188, 0.6773711442947388, 0.6004480719566345, 0.5238984227180481, 0.4917849004268646, 0.4798356890678406, 0.47946229577064514, 0.4790888726711273, 0.4902912676334381, 0.5384615659713745, 0.6221060752868652, 0.6889469623565674], "p_rule": [0.20849609375, 0.20849609375, 0.20849609375, 0.20849609375, 0.20849609375, 0.20849609375, 0.2169189453125, 0.853515625, 0.4462890625, 0.26611328125, 0.2210693359375, 0.21484375, 0.2105712890625, 0.21435546875, 0.2198486328125, 0.27392578125, 0.462890625, 0.931640625], "adversary_prediction": [0.34505316615104675, 0.3450533449649811, 0.34505507349967957, 0.3452000319957733, 0.3465671241283417, 0.3558776080608368, 0.37452659010887146, 0.38424941897392273, 0.3261702358722687, 0.2456953525543213, 0.19232177734375, 0.17290538549423218, 0.17325305938720703, 0.18773314356803894, 0.21254250407218933, 0.23830044269561768, 0.2663012444972992, 0.2879457175731659]}