{"accuracy": [0.542749285697937, 0.7068620920181274, 0.495003342628479, 0.5916056036949158, 0.7617143988609314, 0.5889406800270081, 0.5558516383171082, 0.6315789222717285, 0.7592716217041016, 0.7659338116645813, 0.6926493644714355, 0.6437930464744568, 0.6313568949699402, 0.6588940620422363, 0.7175216674804688, 0.7801465392112732, 0.801909863948822, 0.7721518874168396], "val_accuracy": [0.7031145095825195, 0.4868922233581543, 0.5762939453125, 0.7427738904953003, 0.590410053730011, 0.5597131848335266, 0.6338785290718079, 0.7432220578193665, 0.7427738904953003, 0.6771230101585388, 0.6280528903007507, 0.6146090030670166, 0.6435133218765259, 0.7035626173019409, 0.755769670009613, 0.7801926732063293, 0.7564418315887451, 0.7127492427825928], "p_rule": [0.68212890625, 0.2381591796875, 0.32275390625, 0.95458984375, 0.32666015625, 0.27099609375, 0.4052734375, 0.8251953125, 0.6552734375, 0.43310546875, 0.358154296875, 0.3408203125, 0.382568359375, 0.466796875, 0.61474609375, 0.873046875, 0.81591796875, 0.65185546875], "adversary_prediction": [0.5338669419288635, 0.004812485538423061, 0.18235057592391968, 0.5895580649375916, 0.4261065423488617, 0.4278627932071686, 0.5002724528312683, 0.5886746048927307, 0.5526629090309143, 0.46942612528800964, 0.392421692609787, 0.3826428949832916, 0.41583874821662903, 0.45244070887565613, 0.5138038992881775, 0.5281862616539001, 0.5279081463813782, 0.5326802134513855]}