{"accuracy": [0.5234640836715698, 0.5293856263160706, 0.5293856263160706, 0.5995559096336365, 0.6811251044273376, 0.6069577932357788, 0.5777942538261414, 0.5859363675117493, 0.6438193917274475, 0.7283493876457214, 0.6697261333465576, 0.5712805390357971, 0.5461139678955078, 0.5529237389564514, 0.606217622756958, 0.7031828165054321, 0.760769784450531, 0.7292376160621643], "val_accuracy": [0.5323375463485718, 0.5323375463485718, 0.6028379201889038, 0.6696041822433472, 0.6011949181556702, 0.5713219046592712, 0.582524299621582, 0.6401792168617249, 0.7111276984214783, 0.6719940304756165, 0.5741598010063171, 0.5474234223365784, 0.554294228553772, 0.6032860279083252, 0.7045556306838989, 0.7511575818061829, 0.7253174185752869, 0.6703510284423828], "p_rule": [0.25, 0.25, 0.39599609375, 0.7802734375, 0.415771484375, 0.349609375, 0.356201171875, 0.456298828125, 0.80078125, 0.60302734375, 0.33203125, 0.28076171875, 0.29248046875, 0.396484375, 0.7041015625, 0.82373046875, 0.55224609375, 0.43994140625], "adversary_prediction": [0.34505316615104675, 0.34508761763572693, 0.39391228556632996, 0.5073460936546326, 0.39088818430900574, 0.3085666000843048, 0.299425333738327, 0.3461526930332184, 0.38298293948173523, 0.3696589767932892, 0.3633553683757782, 0.3575586974620819, 0.3532050549983978, 0.3665566146373749, 0.3415509760379791, 0.3439164459705353, 0.317780464887619, 0.3038316071033478]}