{"accuracy": [0.498556524515152, 0.5227625966072083, 0.5227625966072083, 0.5227625966072083, 0.5236508846282959, 0.6842105388641357, 0.652675986289978, 0.5807239413261414, 0.5534088611602783, 0.5518543124198914, 0.5691760778427124, 0.6089273691177368, 0.6782145500183105, 0.729291558265686, 0.6568953990936279, 0.5711748003959656, 0.5391960740089417, 0.5371974110603333], "val_accuracy": [0.5267757177352905, 0.5267757177352905, 0.5267757177352905, 0.5278960466384888, 0.6710732579231262, 0.6376876831054688, 0.5715886354446411, 0.5460452437400818, 0.5424602031707764, 0.5628501176834106, 0.597580075263977, 0.6670401096343994, 0.7044588923454285, 0.6596459746360779, 0.5691239237785339, 0.5404436588287354, 0.5379789471626282, 0.5514228343963623], "p_rule": [0.2193603515625, 0.2193603515625, 0.2193603515625, 0.2213134765625, 0.658203125, 0.58984375, 0.35498046875, 0.298583984375, 0.292724609375, 0.314453125, 0.3779296875, 0.580078125, 0.97998046875, 0.5146484375, 0.300048828125, 0.248291015625, 0.2421875, 0.263427734375], "adversary_prediction": [0.34505316615104675, 0.3450532853603363, 0.3451506197452545, 0.35989728569984436, 0.48200443387031555, 0.46522995829582214, 0.3326478898525238, 0.2693469226360321, 0.2601720988750458, 0.29383811354637146, 0.3405361473560333, 0.40556713938713074, 0.43557170033454895, 0.437237411737442, 0.4352497160434723, 0.4272061884403229, 0.4235004484653473, 0.43325790762901306]}