{"accuracy": [0.49726128578186035, 0.47061437368392944, 0.477276086807251, 0.5874167084693909, 0.6836417317390442, 0.6248704791069031, 0.5917098522186279, 0.6275351643562317, 0.6834937334060669, 0.7074759602546692, 0.674167275428772, 0.6171724796295166, 0.584604024887085, 0.5764618515968323, 0.6000000238418579, 0.655810534954071, 0.7205033302307129, 0.7480384707450867], "val_accuracy": [0.46766242384910583, 0.47303956747055054, 0.5837191939353943, 0.6712471842765808, 0.6207617521286011, 0.5905900001525879, 0.6185212731361389, 0.6770724654197693, 0.6921583414077759, 0.6628827452659607, 0.6156833171844482, 0.576101541519165, 0.5660941004753113, 0.5950709581375122, 0.6449589133262634, 0.7000746726989746, 0.7396564483642578, 0.7096340656280518], "p_rule": [0.25, 0.253173828125, 0.409423828125, 0.9892578125, 0.46875, 0.364501953125, 0.443603515625, 0.6611328125, 0.90185546875, 0.58447265625, 0.4287109375, 0.36865234375, 0.35302734375, 0.386962890625, 0.468017578125, 0.64208984375, 0.9462890625, 0.72509765625], "adversary_prediction": [0.0038433275185525417, 0.003520280821248889, 0.10982559621334076, 0.38190630078315735, 0.4176003634929657, 0.40284463763237, 0.41450199484825134, 0.403210312128067, 0.3500201404094696, 0.27460429072380066, 0.2052977979183197, 0.17799097299575806, 0.17879018187522888, 0.19834595918655396, 0.23866096138954163, 0.2793302834033966, 0.3080735504627228, 0.3442601263523102]}