{"accuracy": [0.47742414474487305, 0.4826054871082306, 0.5088822841644287, 0.6891191601753235, 0.6269429922103882, 0.5769799947738647, 0.6299037933349609, 0.7116950154304504, 0.7235381007194519, 0.6606217622756958, 0.5999259948730469, 0.5788304805755615, 0.5869725942611694, 0.6273130774497986, 0.7028127312660217, 0.7601776719093323, 0.7453737854957581, 0.6757957339286804], "val_accuracy": [0.4675130546092987, 0.49215832352638245, 0.6713965535163879, 0.6430171728134155, 0.5903659462928772, 0.6392830610275269, 0.7143390774726868, 0.6982823014259338, 0.6430171728134155, 0.5851381421089172, 0.5664675235748291, 0.5724421143531799, 0.6157580018043518, 0.6811053156852722, 0.7419716119766235, 0.7457057237625122, 0.6904406547546387, 0.6411501169204712], "p_rule": [0.2083740234375, 0.2198486328125, 0.6435546875, 0.41943359375, 0.29931640625, 0.401611328125, 0.787109375, 0.6982421875, 0.420654296875, 0.301025390625, 0.275146484375, 0.28076171875, 0.330810546875, 0.4765625, 0.76611328125, 0.82373046875, 0.5263671875, 0.407958984375], "adversary_prediction": [0.0038494528271257877, 0.036660343408584595, 0.4617972671985626, 0.36849090456962585, 0.36975738406181335, 0.39389440417289734, 0.41446390748023987, 0.377623051404953, 0.2786979377269745, 0.22895297408103943, 0.20094171166419983, 0.21079543232917786, 0.2393021583557129, 0.27856507897377014, 0.31749382615089417, 0.3445209562778473, 0.3492303192615509, 0.3679110109806061]}