{"accuracy": [0.564914882183075, 0.7224278450012207, 0.529829740524292, 0.5696520805358887, 0.7693560123443604, 0.5533678531646729, 0.5486306548118591, 0.677276074886322, 0.7945225834846497, 0.6954848170280457, 0.5930421948432922, 0.5788304805755615, 0.6155440211296082, 0.7104367017745972, 0.7841598987579346, 0.7844559550285339, 0.7490747570991516, 0.7061436176300049], "val_accuracy": [0.7127707004547119, 0.532636284828186, 0.5708737969398499, 0.7611650228500366, 0.5421956777572632, 0.5421956777572632, 0.6743838787078857, 0.784466028213501, 0.6973860859870911, 0.5955190658569336, 0.5793876051902771, 0.6183719038963318, 0.7117251753807068, 0.7725167870521545, 0.7765496373176575, 0.7326362729072571, 0.6979835629463196, 0.687079906463623], "p_rule": [0.5986328125, 0.251220703125, 0.3173828125, 0.61767578125, 0.315185546875, 0.311767578125, 0.448486328125, 0.828125, 0.57861328125, 0.349365234375, 0.3251953125, 0.392578125, 0.60888671875, 0.91650390625, 0.75048828125, 0.578125, 0.481201171875, 0.46533203125], "adversary_prediction": [0.4856167137622833, 0.34681132435798645, 0.42836716771125793, 0.47585514187812805, 0.1572970151901245, 0.18280690908432007, 0.33999165892601013, 0.5090014338493347, 0.5061660408973694, 0.48210784792900085, 0.46274957060813904, 0.47040608525276184, 0.4845419228076935, 0.4956282675266266, 0.46698322892189026, 0.4408731162548065, 0.4088417589664459, 0.39936020970344543]}