{"accuracy": [0.48911595344543457, 0.5219902396202087, 0.5219902396202087, 0.6423811912536621, 0.6841403841972351, 0.6081741452217102, 0.589515745639801, 0.6268325448036194, 0.7236783504486084, 0.7134606838226318, 0.5819635987281799, 0.5406485795974731, 0.5566415190696716, 0.6388272047042847, 0.7587738633155823, 0.7792092561721802, 0.7099066972732544, 0.6628165245056152], "val_accuracy": [0.5360824465751648, 0.5360824465751648, 0.6575526595115662, 0.6615867614746094, 0.5844912528991699, 0.5705961585044861, 0.6131779551506042, 0.6996862292289734, 0.7306140661239624, 0.5930076241493225, 0.5575975179672241, 0.5728372931480408, 0.646346926689148, 0.7489914894104004, 0.7615419030189514, 0.689376950263977, 0.6499327421188354, 0.6409682035446167], "p_rule": [0.2147216796875, 0.2147216796875, 0.474853515625, 0.6357421875, 0.380859375, 0.335205078125, 0.4130859375, 0.67724609375, 0.66748046875, 0.300537109375, 0.2435302734375, 0.26318359375, 0.4228515625, 0.81982421875, 0.70556640625, 0.496826171875, 0.400634765625, 0.390380859375], "adversary_prediction": [0.34505316615104675, 0.34516671299934387, 0.4168088734149933, 0.5200678706169128, 0.3497699797153473, 0.30219659209251404, 0.34479227662086487, 0.42258384823799133, 0.4469335973262787, 0.4281305968761444, 0.4276512563228607, 0.4258509576320648, 0.4273959696292877, 0.4439721405506134, 0.40737661719322205, 0.38201984763145447, 0.36983123421669006, 0.3749438226222992]}