{"accuracy": [0.5305352210998535, 0.47723740339279175, 0.6111481189727783, 0.6782145500183105, 0.6080390810966492, 0.6506773233413696, 0.7257384061813354, 0.721963107585907, 0.661558985710144, 0.6142571568489075, 0.60493004322052, 0.6413502097129822, 0.7077503800392151, 0.7708194255828857, 0.735287606716156, 0.664223849773407, 0.6175882816314697, 0.6275815963745117], "val_accuracy": [0.47344836592674255, 0.6040779948234558, 0.6654716730117798, 0.6125923991203308, 0.6495630741119385, 0.7002016305923462, 0.6883262395858765, 0.6486667990684509, 0.6007170081138611, 0.5910822153091431, 0.6208828091621399, 0.6865337491035461, 0.7418776750564575, 0.7270894050598145, 0.6612144112586975, 0.6242437958717346, 0.629845380783081, 0.6746582984924316], "p_rule": [0.2193603515625, 0.39111328125, 0.61962890625, 0.373291015625, 0.47900390625, 0.818359375, 0.71337890625, 0.463623046875, 0.353759765625, 0.33251953125, 0.36376953125, 0.48681640625, 0.7373046875, 0.80126953125, 0.505859375, 0.395751953125, 0.41259765625, 0.5439453125], "adversary_prediction": [0.003842296777293086, 0.21474385261535645, 0.43313005566596985, 0.3629622161388397, 0.3945508897304535, 0.4508002698421478, 0.39954236149787903, 0.3085770905017853, 0.22958111763000488, 0.21878302097320557, 0.2411169409751892, 0.2920117676258087, 0.3311413824558258, 0.35588565468788147, 0.3739927113056183, 0.3738899528980255, 0.36935409903526306, 0.37626245617866516]}