{"accuracy": [0.5348630547523499, 0.47061437368392944, 0.4929681718349457, 0.6803848743438721, 0.6251665353775024, 0.5971872806549072, 0.6575869917869568, 0.71650630235672, 0.7036269307136536, 0.6630644202232361, 0.6236861348152161, 0.6093264222145081, 0.6287194490432739, 0.6763878464698792, 0.7292376160621643, 0.7465581297874451, 0.6981495022773743, 0.6421909928321838], "val_accuracy": [0.46766242384910583, 0.4864824414253235, 0.6705003976821899, 0.6231516003608704, 0.5952203273773193, 0.6536220908164978, 0.704704999923706, 0.6906646490097046, 0.6525765657424927, 0.6203136444091797, 0.6035847663879395, 0.617774486541748, 0.6696041822433472, 0.7194921374320984, 0.7354742288589478, 0.6993278861045837, 0.6439133882522583, 0.6183719038963318], "p_rule": [0.25, 0.259033203125, 0.7255859375, 0.459716796875, 0.369384765625, 0.53759765625, 0.8935546875, 0.716796875, 0.492431640625, 0.4013671875, 0.375732421875, 0.397216796875, 0.473388671875, 0.62353515625, 0.958984375, 0.685546875, 0.487060546875, 0.423828125], "adversary_prediction": [0.0038441382348537445, 0.0195199865847826, 0.38167479634284973, 0.3905358612537384, 0.38708552718162537, 0.4361516535282135, 0.45539847016334534, 0.39699068665504456, 0.306128591299057, 0.24609491229057312, 0.23503819108009338, 0.24507233500480652, 0.2859918177127838, 0.3390243351459503, 0.38245388865470886, 0.39657512307167053, 0.39619454741477966, 0.4039061963558197]}