{"accuracy": [0.42950236797332764, 0.6392180323600769, 0.5450236797332764, 0.6783175468444824, 0.7203791737556458, 0.6380331516265869, 0.6202606558799744, 0.700236976146698, 0.7908768057823181, 0.7126777172088623, 0.6084123253822327, 0.5977488160133362, 0.6629146933555603, 0.7719194293022156, 0.8187204003334045, 0.7790284156799316, 0.7251184582710266, 0.7150474190711975], "val_accuracy": [0.6186491250991821, 0.5582785606384277, 0.6867901682853699, 0.6897788643836975, 0.6025104522705078, 0.5971308946609497, 0.6784219741821289, 0.7746562957763672, 0.7053197622299194, 0.6156604886054993, 0.6072922945022583, 0.6676628589630127, 0.7573221921920776, 0.7931858897209167, 0.7483562231063843, 0.6987447738647461, 0.6915720105171204, 0.7214584350585938], "p_rule": [0.4912109375, 0.265380859375, 0.54443359375, 0.62939453125, 0.3779296875, 0.368896484375, 0.4716796875, 0.7939453125, 0.615234375, 0.36572265625, 0.350341796875, 0.49755859375, 0.892578125, 0.7529296875, 0.5576171875, 0.48486328125, 0.4716796875, 0.5029296875], "adversary_prediction": [0.5223624110221863, 0.3483586013317108, 0.4775198996067047, 0.6463168263435364, 0.41820672154426575, 0.3750884234905243, 0.49560436606407166, 0.6090702414512634, 0.6276597380638123, 0.5827582478523254, 0.5749115347862244, 0.5806172490119934, 0.5914717316627502, 0.5405279994010925, 0.47797760367393494, 0.44109466671943665, 0.43713095784187317, 0.46999046206474304]}