{"accuracy": [0.5133234858512878, 0.4826054871082306, 0.4826054871082306, 0.48667654395103455, 0.5843819379806519, 0.7024426460266113, 0.5618060827255249, 0.534048855304718, 0.5732790231704712, 0.6683937907218933, 0.71132493019104, 0.6998519897460938, 0.6521095633506775, 0.6302738785743713, 0.6117690801620483, 0.6121391654014587, 0.6391561627388, 0.6695040464401245], "val_accuracy": [0.4675130546092987, 0.4675130546092987, 0.47087377309799194, 0.5836445093154907, 0.6885735392570496, 0.5743091702461243, 0.5459297895431519, 0.5832710862159729, 0.663181483745575, 0.6930544972419739, 0.6773711442947388, 0.644510805606842, 0.6157580018043518, 0.5982075929641724, 0.6023151874542236, 0.6247199177742004, 0.6635549068450928, 0.6975354552268982], "p_rule": [0.2083740234375, 0.2083740234375, 0.2100830078125, 0.330810546875, 0.8203125, 0.270263671875, 0.2373046875, 0.294677734375, 0.53271484375, 0.955078125, 0.6923828125, 0.4912109375, 0.373046875, 0.33935546875, 0.3408203125, 0.384765625, 0.473388671875, 0.6416015625], "adversary_prediction": [0.00384334335103631, 0.003914704546332359, 0.017614107578992844, 0.22604283690452576, 0.4748840034008026, 0.41962870955467224, 0.406759113073349, 0.405038982629776, 0.43310317397117615, 0.4089677631855011, 0.3796645700931549, 0.31402072310447693, 0.2815375030040741, 0.2712741196155548, 0.2640211880207062, 0.2828470766544342, 0.3008823096752167, 0.3261573016643524]}