{"accuracy": [0.47926539182662964, 0.5266587734222412, 0.5355450510978699, 0.6830568909645081, 0.6273696422576904, 0.5876777172088623, 0.5847156643867493, 0.6327013969421387, 0.7304502129554749, 0.6984597444534302, 0.5704976320266724, 0.5414692163467407, 0.5408768057823181, 0.5728672742843628, 0.670616090297699, 0.7695497870445251, 0.7695497870445251, 0.6972748637199402], "val_accuracy": [0.5433353185653687, 0.5558876395225525, 0.6826061010360718, 0.622833251953125, 0.5666467547416687, 0.5630603432655334, 0.6096832156181335, 0.7053197622299194, 0.7041243314743042, 0.5851763486862183, 0.5582785606384277, 0.559473991394043, 0.582785427570343, 0.6586969494819641, 0.7525403499603271, 0.7292289137840271, 0.6724447011947632, 0.6341900825500488], "p_rule": [0.2357177734375, 0.2568359375, 0.87744140625, 0.4833984375, 0.360107421875, 0.3515625, 0.411376953125, 0.69140625, 0.615234375, 0.3076171875, 0.251220703125, 0.255126953125, 0.303466796875, 0.50439453125, 0.9208984375, 0.642578125, 0.496337890625, 0.411376953125], "adversary_prediction": [0.3450533449649811, 0.3502810299396515, 0.5826899409294128, 0.5137227177619934, 0.3941251337528229, 0.3860262334346771, 0.423937052488327, 0.4497397243976593, 0.4293690621852875, 0.4070323407649994, 0.401642769575119, 0.39363834261894226, 0.409131795167923, 0.4030364453792572, 0.3988674581050873, 0.3805406987667084, 0.35696426033973694, 0.3462856709957123]}