{"accuracy": [0.5268769264221191, 0.5219902396202087, 0.5219902396202087, 0.5219902396202087, 0.5219902396202087, 0.5219902396202087, 0.5219902396202087, 0.5797423124313354, 0.6588183045387268, 0.5504220128059387, 0.49888938665390015, 0.4860062301158905, 0.4815637469291687, 0.4820080101490021, 0.48689472675323486, 0.5033318400382996, 0.5424255728721619, 0.6486006379127502], "val_accuracy": [0.5360824465751648, 0.5360824465751648, 0.5360824465751648, 0.5360824465751648, 0.5360824465751648, 0.5360824465751648, 0.5916629433631897, 0.6360376477241516, 0.5266696810722351, 0.48050200939178467, 0.4688480496406555, 0.46571043133735657, 0.46705514192581177, 0.4688480496406555, 0.48274317383766174, 0.5257731676101685, 0.6373823285102844, 0.6929628252983093], "p_rule": [0.2147216796875, 0.2147216796875, 0.2147216796875, 0.2147216796875, 0.2147216796875, 0.2147216796875, 0.31640625, 0.6640625, 0.276123046875, 0.2220458984375, 0.2154541015625, 0.2154541015625, 0.2154541015625, 0.21728515625, 0.2274169921875, 0.2724609375, 0.49267578125, 0.8154296875], "adversary_prediction": [0.34505316615104675, 0.3450532853603363, 0.34506091475486755, 0.3453129231929779, 0.346661776304245, 0.35551807284355164, 0.3543885052204132, 0.34031233191490173, 0.25321242213249207, 0.18210256099700928, 0.15052026510238647, 0.14392602443695068, 0.1531551480293274, 0.17446255683898926, 0.20346859097480774, 0.24223127961158752, 0.27441754937171936, 0.2965410053730011]}