{"accuracy": [0.5199851989746094, 0.4826054871082306, 0.4826054871082306, 0.5162842273712158, 0.6809770464897156, 0.583641767501831, 0.5303478837013245, 0.5447816252708435, 0.64433753490448, 0.736121416091919, 0.6991117596626282, 0.6162102222442627, 0.5747594237327576, 0.5732790231704712, 0.6058475375175476, 0.6617320775985718, 0.7242783308029175, 0.7623982429504395], "val_accuracy": [0.4675130546092987, 0.46788647770881653, 0.5018670558929443, 0.6702763438224792, 0.5922330021858215, 0.5410754084587097, 0.556385338306427, 0.6508588790893555, 0.7203136682510376, 0.6807318925857544, 0.6034353971481323, 0.5631067752838135, 0.5638536214828491, 0.590739369392395, 0.6527259349822998, 0.703136682510376, 0.743091881275177, 0.7415981888771057], "p_rule": [0.2083740234375, 0.2083740234375, 0.23046875, 0.70068359375, 0.327880859375, 0.2308349609375, 0.24853515625, 0.465576171875, 0.9951171875, 0.48876953125, 0.3291015625, 0.28369140625, 0.28369140625, 0.30419921875, 0.386962890625, 0.55126953125, 0.8193359375, 0.83203125], "adversary_prediction": [0.003843334037810564, 0.003933277912437916, 0.034384820610284805, 0.31355997920036316, 0.36169347167015076, 0.3807937800884247, 0.39034971594810486, 0.4028610289096832, 0.37326207756996155, 0.30922731757164, 0.25796374678611755, 0.22826316952705383, 0.2294672131538391, 0.2523508071899414, 0.29064247012138367, 0.3356294333934784, 0.3706624209880829, 0.39215317368507385]}