{"accuracy": [0.47768154740333557, 0.5227625966072083, 0.5414168238639832, 0.7021985054016113, 0.6189207434654236, 0.5856096148490906, 0.6235842704772949, 0.7228514552116394, 0.7617143988609314, 0.6424605846405029, 0.5634021759033203, 0.5654008388519287, 0.614923357963562, 0.7166333794593811, 0.7779258489608765, 0.7632689476013184, 0.7146347165107727, 0.6817677021026611], "val_accuracy": [0.5267757177352905, 0.5440286993980408, 0.6919112801551819, 0.6016132831573486, 0.5722607970237732, 0.6112480163574219, 0.7100604772567749, 0.749271810054779, 0.6365673542022705, 0.5657629370689392, 0.5630741715431213, 0.6179699897766113, 0.71185302734375, 0.7618194222450256, 0.7378445267677307, 0.6916872262954712, 0.6609903573989868, 0.6585256457328796], "p_rule": [0.2193603515625, 0.25341796875, 0.85498046875, 0.354736328125, 0.306396484375, 0.353271484375, 0.5439453125, 0.91845703125, 0.43310546875, 0.28662109375, 0.2861328125, 0.37255859375, 0.626953125, 0.9189453125, 0.61279296875, 0.4736328125, 0.411376953125, 0.407470703125], "adversary_prediction": [0.3450532853603363, 0.35362568497657776, 0.545549213886261, 0.32084211707115173, 0.24023091793060303, 0.2998438775539398, 0.4077307879924774, 0.45128169655799866, 0.43245282769203186, 0.41759440302848816, 0.4154644310474396, 0.41135331988334656, 0.41648611426353455, 0.3868964612483978, 0.3628462255001068, 0.33226534724235535, 0.3134050667285919, 0.32075974345207214]}