{"accuracy": [0.46919432282447815, 0.5266587734222412, 0.6978672742843628, 0.6309241652488708, 0.6048578023910522, 0.6356635093688965, 0.7310426831245422, 0.7186018824577332, 0.6143364906311035, 0.5704976320266724, 0.6137440800666809, 0.7055687308311462, 0.7885071039199829, 0.741706132888794, 0.6806871891021729, 0.6552132964134216, 0.6818720102310181, 0.7263033390045166], "val_accuracy": [0.5433353185653687, 0.6963538527488708, 0.6270173192024231, 0.5833831429481506, 0.6162582039833069, 0.7005379796028137, 0.7364016771316528, 0.6192468404769897, 0.5863717794418335, 0.613269567489624, 0.7184697985649109, 0.7704722285270691, 0.7274357676506042, 0.661685585975647, 0.6341900825500488, 0.6557083129882812, 0.7142857313156128, 0.7662881016731262], "p_rule": [0.2357177734375, 0.72119140625, 0.50439453125, 0.404296875, 0.450439453125, 0.740234375, 0.7255859375, 0.37451171875, 0.314697265625, 0.372314453125, 0.66455078125, 0.87548828125, 0.54296875, 0.425537109375, 0.411376953125, 0.42919921875, 0.49267578125, 0.60009765625], "adversary_prediction": [0.3450457751750946, 0.5560078024864197, 0.5150957703590393, 0.3859122693538666, 0.461801141500473, 0.5679760575294495, 0.5630338788032532, 0.5209609866142273, 0.49568644165992737, 0.5029140114784241, 0.4985252916812897, 0.47147199511528015, 0.4095994532108307, 0.365945965051651, 0.35272106528282166, 0.37448355555534363, 0.4020706117153168, 0.4599744975566864]}