{"accuracy": [0.5188748836517334, 0.5203552842140198, 0.6998519897460938, 0.6336047649383545, 0.6128793358802795, 0.6539600491523743, 0.7501850724220276, 0.6720947623252869, 0.5725388526916504, 0.5792005658149719, 0.6820873618125916, 0.7994078397750854, 0.7546262145042419, 0.6617320775985718, 0.64433753490448, 0.6713545322418213, 0.7413027286529541, 0.8045892119407654], "val_accuracy": [0.5336071848869324, 0.6781179904937744, 0.6288275122642517, 0.6112770438194275, 0.652352511882782, 0.7333831191062927, 0.6792382597923279, 0.5840179324150085, 0.5866318345069885, 0.6852128505706787, 0.7890216708183289, 0.756908118724823, 0.6628080606460571, 0.638909637928009, 0.6691560745239258, 0.7393577098846436, 0.791262149810791, 0.7957431077957153], "p_rule": [0.2117919921875, 0.994140625, 0.47802734375, 0.39990234375, 0.467041015625, 0.86328125, 0.51171875, 0.29638671875, 0.30615234375, 0.56591796875, 0.87158203125, 0.51904296875, 0.392333984375, 0.3603515625, 0.39404296875, 0.485595703125, 0.6455078125, 0.8818359375], "adversary_prediction": [0.3498591482639313, 0.5356854796409607, 0.4095477759838104, 0.33160701394081116, 0.410123735666275, 0.4848664700984955, 0.4914507567882538, 0.46540483832359314, 0.4628746807575226, 0.4348791539669037, 0.4007367193698883, 0.3491397202014923, 0.30457356572151184, 0.3029029071331024, 0.32584497332572937, 0.36656591296195984, 0.4168907105922699, 0.45211514830589294]}