{"accuracy": [0.5299777984619141, 0.5173945426940918, 0.5173945426940918, 0.5173945426940918, 0.5173945426940918, 0.5281273126602173, 0.7087342739105225, 0.5662472248077393, 0.5244263410568237, 0.5125832557678223, 0.5166543126106262, 0.5273871421813965, 0.5573649406433105, 0.6276832222938538, 0.7283493876457214, 0.6757957339286804, 0.5569947957992554, 0.5281273126602173], "val_accuracy": [0.5324869155883789, 0.5324869155883789, 0.5324869155883789, 0.5324869155883789, 0.539955198764801, 0.6971620321273804, 0.5623599886894226, 0.50522780418396, 0.4958924651145935, 0.4970127046108246, 0.5089619159698486, 0.5474234223365784, 0.6258401870727539, 0.7210605144500732, 0.6926811337471008, 0.5679611563682556, 0.5392083525657654, 0.5380881428718567], "p_rule": [0.20849609375, 0.20849609375, 0.20849609375, 0.20849609375, 0.2255859375, 0.8232421875, 0.30517578125, 0.251953125, 0.232666015625, 0.2344970703125, 0.249755859375, 0.282958984375, 0.413330078125, 0.8203125, 0.5673828125, 0.27392578125, 0.22314453125, 0.216552734375], "adversary_prediction": [0.34505316615104675, 0.3450535237789154, 0.3453075587749481, 0.35270318388938904, 0.4210783541202545, 0.46315696835517883, 0.3440273702144623, 0.2485959529876709, 0.21842485666275024, 0.22522839903831482, 0.2582933008670807, 0.30541446805000305, 0.34684059023857117, 0.38778868317604065, 0.40624740719795227, 0.41171500086784363, 0.40909263491630554, 0.4143851101398468]}