{"accuracy": [0.4733530580997467, 0.5173945426940918, 0.5173945426940918, 0.5173945426940918, 0.5177646279335022, 0.6106587648391724, 0.6846780180931091, 0.5984455943107605, 0.5573649406433105, 0.5407105684280396, 0.5429311394691467, 0.5658771395683289, 0.6284233927726746, 0.7098445892333984, 0.6757957339286804, 0.57216876745224, 0.532938539981842, 0.5273871421813965], "val_accuracy": [0.5324869155883789, 0.5324869155883789, 0.5324869155883789, 0.5324869155883789, 0.6209858059883118, 0.6721433997154236, 0.588125467300415, 0.5470500588417053, 0.5272591710090637, 0.5291262269020081, 0.5575056076049805, 0.6161314249038696, 0.7050037384033203, 0.6803584694862366, 0.5858849883079529, 0.5530246496200562, 0.5451829433441162, 0.5519043803215027], "p_rule": [0.20849609375, 0.20849609375, 0.20849609375, 0.20849609375, 0.396240234375, 0.814453125, 0.3935546875, 0.302001953125, 0.271484375, 0.27392578125, 0.301513671875, 0.407958984375, 0.841796875, 0.61376953125, 0.31689453125, 0.2373046875, 0.22265625, 0.233154296875], "adversary_prediction": [0.34505316615104675, 0.3450532853603363, 0.34509655833244324, 0.35311076045036316, 0.4479023516178131, 0.5147039294242859, 0.3826198875904083, 0.278668075799942, 0.2511211335659027, 0.25741270184516907, 0.29307594895362854, 0.33541616797447205, 0.3637607991695404, 0.38671424984931946, 0.38671424984931946, 0.383867472410202, 0.38283786177635193, 0.3791123330593109]}