{"accuracy": [0.5435233116149902, 0.4777202010154724, 0.4803108870983124, 0.5715025663375854, 0.7119171023368835, 0.6336787343025208, 0.5720207095146179, 0.6186528205871582, 0.7062175869941711, 0.7300518155097961, 0.6647668480873108, 0.6150258779525757, 0.5932642221450806, 0.598963737487793, 0.6341968774795532, 0.695854902267456, 0.7497409582138062, 0.7533679008483887], "val_accuracy": [0.45606693625450134, 0.4576359689235687, 0.5465481281280518, 0.6799163222312927, 0.6396443247795105, 0.598849356174469, 0.6401673555374146, 0.7055439352989197, 0.6987447738647461, 0.6406903862953186, 0.5758368372917175, 0.5617154836654663, 0.5674686431884766, 0.6019874215126038, 0.6589958071708679, 0.723849356174469, 0.7489539980888367, 0.7086820006370544], "p_rule": [0.21923828125, 0.22314453125, 0.310302734375, 0.8203125, 0.42041015625, 0.31396484375, 0.412841796875, 0.74365234375, 0.7431640625, 0.4521484375, 0.344970703125, 0.31201171875, 0.328369140625, 0.370849609375, 0.482177734375, 0.72021484375, 0.98095703125, 0.70654296875], "adversary_prediction": [0.0038439335767179728, 0.003265936626121402, 0.18795520067214966, 0.5548462271690369, 0.410373717546463, 0.40200117230415344, 0.44594326615333557, 0.4936999976634979, 0.46364298462867737, 0.3888626992702484, 0.3201110064983368, 0.292384535074234, 0.2930528223514557, 0.3267095983028412, 0.3677956163883209, 0.4020226299762726, 0.4176425635814667, 0.4372638761997223]}