{"accuracy": [0.5061070322990417, 0.47723740339279175, 0.47723740339279175, 0.5127692818641663, 0.6884299516677856, 0.6508994102478027, 0.5682877898216248, 0.5651787519454956, 0.6115922927856445, 0.6950921416282654, 0.735287606716156, 0.687541663646698, 0.6218076944351196, 0.5822784900665283, 0.5762825012207031, 0.5984898805618286, 0.6551188230514526, 0.7137463688850403], "val_accuracy": [0.4732242822647095, 0.4732242822647095, 0.506385862827301, 0.6630069613456726, 0.6462020874023438, 0.5724848508834839, 0.567779541015625, 0.6125923991203308, 0.6831727623939514, 0.7013219594955444, 0.6650235056877136, 0.613040566444397, 0.5724848508834839, 0.5639704465866089, 0.5863769054412842, 0.6372395157814026, 0.6813802123069763, 0.722832202911377], "p_rule": [0.2193603515625, 0.2193603515625, 0.242919921875, 0.63134765625, 0.52587890625, 0.31201171875, 0.302978515625, 0.383056640625, 0.66259765625, 0.85595703125, 0.5029296875, 0.35546875, 0.307373046875, 0.3056640625, 0.31591796875, 0.37451171875, 0.52978515625, 0.767578125], "adversary_prediction": [0.0038433331064879894, 0.003889711108058691, 0.03585522621870041, 0.30404117703437805, 0.4383412301540375, 0.4068810045719147, 0.40664955973625183, 0.41518017649650574, 0.4143655002117157, 0.3760828673839569, 0.3130130469799042, 0.2647384703159332, 0.23699069023132324, 0.23541957139968872, 0.2539007365703583, 0.2933124601840973, 0.33616921305656433, 0.3702819049358368]}