{"accuracy": [0.5334221720695496, 0.5909394025802612, 0.6369087100028992, 0.6129246950149536, 0.6577836871147156, 0.7306240200996399, 0.7261825203895569, 0.6517876982688904, 0.6233621835708618, 0.6739951372146606, 0.7765933871269226, 0.7694870233535767, 0.659782350063324, 0.614923357963562, 0.6431267857551575, 0.7217410802841187, 0.7916944026947021, 0.8050189018249512], "val_accuracy": [0.5998207330703735, 0.619538426399231, 0.5951153635978699, 0.6412726640701294, 0.7013219594955444, 0.7185749411582947, 0.6544924974441528, 0.6271566152572632, 0.6757786273956299, 0.7698857188224792, 0.7512883543968201, 0.6562849879264832, 0.6090074181556702, 0.635671079158783, 0.7125251889228821, 0.7759354710578918, 0.7891553044319153, 0.7566659450531006], "p_rule": [0.34521484375, 0.49169921875, 0.3759765625, 0.494873046875, 0.7939453125, 0.75341796875, 0.4638671875, 0.3935546875, 0.51904296875, 0.9716796875, 0.52099609375, 0.3720703125, 0.3291015625, 0.356689453125, 0.445068359375, 0.59228515625, 0.85498046875, 0.8701171875], "adversary_prediction": [0.3951197564601898, 0.3732270896434784, 0.30779287219047546, 0.41002121567726135, 0.5560771822929382, 0.5890204310417175, 0.5308375954627991, 0.520901620388031, 0.5331422686576843, 0.5142911076545715, 0.4280288517475128, 0.3557107746601105, 0.3377547562122345, 0.35213324427604675, 0.39136967062950134, 0.44591715931892395, 0.4825077950954437, 0.4946160614490509]}