{"accuracy": [0.5512953400611877, 0.5222797989845276, 0.716580331325531, 0.6227979063987732, 0.6440414786338806, 0.7316062450408936, 0.7502590417861938, 0.6316062211990356, 0.6056994795799255, 0.6880828738212585, 0.7911916971206665, 0.7715026140213013, 0.6860103607177734, 0.6367875933647156, 0.6606217622756958, 0.7310881018638611, 0.795854926109314, 0.811398983001709], "val_accuracy": [0.5439330339431763, 0.6835774183273315, 0.5930962562561035, 0.6093096137046814, 0.7024058699607849, 0.741631805896759, 0.6417363882064819, 0.6182008385658264, 0.6814853549003601, 0.7871338725090027, 0.7463389039039612, 0.6521966457366943, 0.6061715483665466, 0.6307531595230103, 0.7003138065338135, 0.7667363882064819, 0.7996861934661865, 0.7777196764945984], "p_rule": [0.21923828125, 0.7138671875, 0.376708984375, 0.396728515625, 0.63427734375, 0.8291015625, 0.422119140625, 0.356201171875, 0.5390625, 0.890625, 0.552734375, 0.40380859375, 0.3505859375, 0.37939453125, 0.45654296875, 0.5986328125, 0.7900390625, 0.97314453125], "adversary_prediction": [0.3450745642185211, 0.5960224270820618, 0.3533279597759247, 0.36106130480766296, 0.5409944653511047, 0.6380344033241272, 0.5744292140007019, 0.5750822424888611, 0.5561957955360413, 0.5387603640556335, 0.4537855088710785, 0.38959774374961853, 0.3605106770992279, 0.37976834177970886, 0.4299986660480499, 0.4925924837589264, 0.5192013382911682, 0.536832869052887]}