{"accuracy": [0.46794965863227844, 0.47061437368392944, 0.5718727111816406, 0.6943005323410034, 0.5946705937385559, 0.6130273938179016, 0.695780873298645, 0.7233160734176636, 0.6874907612800598, 0.640266478061676, 0.6102146506309509, 0.6193930506706238, 0.6691339612007141, 0.7428571581840515, 0.7689118981361389, 0.6940044164657593, 0.6281273365020752, 0.6165803074836731], "val_accuracy": [0.46781179308891296, 0.5693801641464233, 0.6814040541648865, 0.5941747426986694, 0.6107543110847473, 0.6867811679840088, 0.708737850189209, 0.6778192520141602, 0.6346527338027954, 0.6025391817092896, 0.6126960515975952, 0.662135899066925, 0.7347273826599121, 0.7542942762374878, 0.6914114952087402, 0.6280806660652161, 0.6161314249038696, 0.6451082825660706], "p_rule": [0.25, 0.35009765625, 0.7724609375, 0.3662109375, 0.395751953125, 0.642578125, 0.91943359375, 0.57470703125, 0.43359375, 0.37353515625, 0.38427734375, 0.452880859375, 0.63427734375, 0.986328125, 0.59375, 0.430908203125, 0.397705078125, 0.458740234375], "adversary_prediction": [0.0038440783973783255, 0.05276992917060852, 0.4921569526195526, 0.3969632089138031, 0.40639206767082214, 0.43651083111763, 0.4148097336292267, 0.316363126039505, 0.22147399187088013, 0.18025806546211243, 0.1926637887954712, 0.24442395567893982, 0.3034108579158783, 0.35029152035713196, 0.37764886021614075, 0.36607787013053894, 0.3720894753932953, 0.3961907923221588]}