{"accuracy": [0.5234640836715698, 0.47061437368392944, 0.47061437368392944, 0.47135454416275024, 0.5065876841545105, 0.6538860201835632, 0.6131754517555237, 0.5308660268783569, 0.5296817421913147, 0.5304219126701355, 0.5677276253700256, 0.6729829907417297, 0.7042191028594971, 0.668097734451294, 0.6275351643562317, 0.6011843085289001, 0.589637279510498, 0.599111795425415], "val_accuracy": [0.46766242384910583, 0.46766242384910583, 0.4679611623287201, 0.5060492753982544, 0.6427184343338013, 0.6122479438781738, 0.5335325002670288, 0.5324869155883789, 0.5342792868614197, 0.567886471748352, 0.6678118109703064, 0.6888722777366638, 0.6573562622070312, 0.6173263788223267, 0.5913368463516235, 0.5835698246955872, 0.5953696966171265, 0.6183719038963318], "p_rule": [0.25, 0.25, 0.249755859375, 0.283447265625, 0.63232421875, 0.4169921875, 0.25244140625, 0.250244140625, 0.25244140625, 0.314208984375, 0.5927734375, 0.93212890625, 0.599609375, 0.443603515625, 0.390380859375, 0.371826171875, 0.387451171875, 0.427490234375], "adversary_prediction": [0.0038433349691331387, 0.0038675391115248203, 0.009966817684471607, 0.11355556547641754, 0.4041026532649994, 0.44526663422584534, 0.3972274363040924, 0.39443740248680115, 0.3951930105686188, 0.4096902906894684, 0.40187975764274597, 0.3767007291316986, 0.3463344871997833, 0.29621586203575134, 0.27892228960990906, 0.27512505650520325, 0.26838865876197815, 0.29583725333213806]}