{"accuracy": [0.46062177419662476, 0.4937823712825775, 0.688601016998291, 0.6160621643066406, 0.6082901358604431, 0.7015544176101685, 0.7300518155097961, 0.6564766764640808, 0.6046631932258606, 0.5911917090415955, 0.6331606507301331, 0.7150259017944336, 0.7704663276672363, 0.7269430160522461, 0.6409326195716858, 0.6015543937683105, 0.6082901358604431, 0.6652849912643433], "val_accuracy": [0.46652719378471375, 0.6668410301208496, 0.6218619346618652, 0.6213389039039612, 0.7102510333061218, 0.7097280621528625, 0.6354602575302124, 0.5842050313949585, 0.5695606470108032, 0.607740581035614, 0.6851464509963989, 0.7646443247795105, 0.7296025156974792, 0.6401673555374146, 0.5998954176902771, 0.6035565137863159, 0.6501045823097229, 0.7348326444625854], "p_rule": [0.2347412109375, 0.69580078125, 0.3994140625, 0.385498046875, 0.70166015625, 0.7109375, 0.423095703125, 0.326416015625, 0.31201171875, 0.348876953125, 0.463134765625, 0.7294921875, 0.7421875, 0.447998046875, 0.34765625, 0.369873046875, 0.49267578125, 0.73974609375], "adversary_prediction": [0.02207508310675621, 0.5372578501701355, 0.39123764634132385, 0.41857728362083435, 0.5227553248405457, 0.5342653393745422, 0.397165447473526, 0.29237380623817444, 0.27766677737236023, 0.3152131736278534, 0.39976510405540466, 0.47654446959495544, 0.4936116635799408, 0.49573269486427307, 0.48027315735816956, 0.49087294936180115, 0.492130845785141, 0.49636515974998474]}