{"accuracy": [0.4710584878921509, 0.5293856263160706, 0.7024426460266113, 0.617468535900116, 0.6059215664863586, 0.6762398481369019, 0.7515913844108582, 0.6150999069213867, 0.5496669411659241, 0.5706883668899536, 0.6777201890945435, 0.8014804124832153, 0.7388601303100586, 0.6532938480377197, 0.6404145359992981, 0.6935603022575378, 0.7695040702819824, 0.8084381818771362], "val_accuracy": [0.5323375463485718, 0.6948469281196594, 0.6117998361587524, 0.5949215888977051, 0.6713965535163879, 0.7490664720535278, 0.6174757480621338, 0.5557879209518433, 0.5720686912536621, 0.6779686212539673, 0.7931292057037354, 0.7321882247924805, 0.6427184343338013, 0.6307692527770996, 0.6773711442947388, 0.762808084487915, 0.8005974888801575, 0.7971620559692383], "p_rule": [0.25, 0.890625, 0.47265625, 0.401123046875, 0.541015625, 0.947265625, 0.40478515625, 0.294921875, 0.32861328125, 0.61376953125, 0.755859375, 0.492431640625, 0.387451171875, 0.375732421875, 0.421875, 0.53271484375, 0.68896484375, 0.92333984375], "adversary_prediction": [0.34567829966545105, 0.5965626835823059, 0.4291450083255768, 0.34786203503608704, 0.47613802552223206, 0.5824417471885681, 0.5328261256217957, 0.48943349719047546, 0.5043198466300964, 0.5027667880058289, 0.4646441638469696, 0.41212520003318787, 0.3643692433834076, 0.3608870208263397, 0.40498027205467224, 0.4505091607570648, 0.48877522349357605, 0.5354284644126892]}