{"accuracy": [0.45158424973487854, 0.667456328868866, 0.5990524291992188, 0.6274800300598145, 0.7326028943061829, 0.7095054984092712, 0.6209653615951538, 0.6588687896728516, 0.7761326432228088, 0.7776132822036743, 0.6781166791915894, 0.6354752779006958, 0.669529139995575, 0.7506662607192993, 0.813147783279419, 0.808113694190979, 0.7388214468955994, 0.7118744254112244], "val_accuracy": [0.6683596968650818, 0.5864953398704529, 0.6271287798881531, 0.7113833427429199, 0.708993136882782, 0.6337018013000488, 0.6692560315132141, 0.7651628255844116, 0.763668954372406, 0.6653719544410706, 0.6178667545318604, 0.6534209847450256, 0.7394681572914124, 0.8037047982215881, 0.7890648245811462, 0.7397669553756714, 0.7113833427429199, 0.7257245182991028], "p_rule": [0.50439453125, 0.353271484375, 0.3935546875, 0.72900390625, 0.6171875, 0.39013671875, 0.470947265625, 0.91845703125, 0.57763671875, 0.3857421875, 0.332763671875, 0.373046875, 0.49169921875, 0.7001953125, 0.9560546875, 0.6748046875, 0.5986328125, 0.64111328125], "adversary_prediction": [0.41293105483055115, 0.21844467520713806, 0.32752665877342224, 0.5692633986473083, 0.5659299492835999, 0.5082504153251648, 0.5425294041633606, 0.5399995446205139, 0.45416727662086487, 0.35137930512428284, 0.3153176009654999, 0.3497026860713959, 0.407319039106369, 0.4724127948284149, 0.5116572976112366, 0.5015788674354553, 0.5087729096412659, 0.5119034647941589]}