{"accuracy": [0.5677276253700256, 0.5173945426940918, 0.5173945426940918, 0.5244263410568237, 0.6809770464897156, 0.6458179354667664, 0.5962250232696533, 0.5754996538162231, 0.5928941369056702, 0.6547002196311951, 0.7227979302406311, 0.6554403901100159, 0.5610658526420593, 0.5377498269081116, 0.5551443099975586, 0.6213915348052979, 0.7424130439758301, 0.7575869560241699], "val_accuracy": [0.5324869155883789, 0.5324869155883789, 0.5403286218643188, 0.6725168228149414, 0.6433905959129333, 0.5952203273773193, 0.5772964954376221, 0.5929798483848572, 0.6501120328903198, 0.7132188081741333, 0.6680358648300171, 0.5720686912536621, 0.5489171147346497, 0.5668409466743469, 0.6385362148284912, 0.743091881275177, 0.7524271607398987, 0.6934279203414917], "p_rule": [0.20849609375, 0.20849609375, 0.2255859375, 0.75634765625, 0.61376953125, 0.40283203125, 0.35498046875, 0.377197265625, 0.51025390625, 0.935546875, 0.487060546875, 0.27685546875, 0.239501953125, 0.265380859375, 0.392822265625, 0.8271484375, 0.6748046875, 0.47802734375], "adversary_prediction": [0.34505316615104675, 0.34505394101142883, 0.35228708386421204, 0.5167003273963928, 0.4537735879421234, 0.32899710536003113, 0.2894715964794159, 0.30443957448005676, 0.36156269907951355, 0.4134685695171356, 0.4264858663082123, 0.41298559308052063, 0.4027046263217926, 0.39667627215385437, 0.40073153376579285, 0.3794497549533844, 0.3521058261394501, 0.33043572306632996]}