{"accuracy": [0.5199851989746094, 0.6336047649383545, 0.5573649406433105, 0.6935603022575378, 0.7139156460762024, 0.620651364326477, 0.6350851058959961, 0.7405625581741333, 0.7816432118415833, 0.698001503944397, 0.6250925064086914, 0.6328645348548889, 0.7028127312660217, 0.7857142686843872, 0.8123612403869629, 0.7653589844703674, 0.729829728603363, 0.7157660722732544], "val_accuracy": [0.6232262849807739, 0.5761762261390686, 0.6885735392570496, 0.706123948097229, 0.6101568341255188, 0.630694568157196, 0.7285287380218506, 0.7692307829856873, 0.6926811337471008, 0.6314413547515869, 0.6392830610275269, 0.7035101056098938, 0.7729648947715759, 0.7755787968635559, 0.7550410628318787, 0.7150858640670776, 0.7076176404953003, 0.7303957939147949], "p_rule": [0.49462890625, 0.28369140625, 0.6015625, 0.53515625, 0.344970703125, 0.356201171875, 0.5341796875, 0.97705078125, 0.54541015625, 0.390869140625, 0.411865234375, 0.580078125, 0.9267578125, 0.72412109375, 0.52490234375, 0.470947265625, 0.451171875, 0.4873046875], "adversary_prediction": [0.21865901350975037, 0.4172573387622833, 0.5543141961097717, 0.4597029983997345, 0.2831716239452362, 0.295405775308609, 0.4290807545185089, 0.5443312525749207, 0.5571748614311218, 0.5460389256477356, 0.5457478165626526, 0.5359470248222351, 0.5216800570487976, 0.47967925667762756, 0.41970905661582947, 0.37949666380882263, 0.3817436993122101, 0.40853652358055115]}