{"accuracy": [0.46232420206069946, 0.5293856263160706, 0.7012583017349243, 0.5998519659042358, 0.6159881353378296, 0.7030348181724548, 0.7418208718299866, 0.6370096206665039, 0.6022205948829651, 0.6590673327445984, 0.7687638998031616, 0.7869726419448853, 0.7042191028594971, 0.6535899043083191, 0.6535899043083191, 0.7102887034416199, 0.7786824703216553, 0.8076980113983154], "val_accuracy": [0.5323375463485718, 0.6920089721679688, 0.5929798483848572, 0.6023898720741272, 0.6960418224334717, 0.7321882247924805, 0.6389843225479126, 0.6065720915794373, 0.6569081544876099, 0.7651979327201843, 0.7802838087081909, 0.6955937147140503, 0.6383868455886841, 0.6451082825660706, 0.7039581537246704, 0.7781926989555359, 0.8044809699058533, 0.7822255492210388], "p_rule": [0.25, 0.96240234375, 0.415771484375, 0.41845703125, 0.64501953125, 0.7822265625, 0.44140625, 0.375732421875, 0.4951171875, 0.91015625, 0.654296875, 0.47021484375, 0.4091796875, 0.4169921875, 0.4736328125, 0.60009765625, 0.77783203125, 0.99560546875], "adversary_prediction": [0.3450682461261749, 0.5896970629692078, 0.31390514969825745, 0.3201514780521393, 0.4644564092159271, 0.5417191386222839, 0.4918449819087982, 0.46390625834465027, 0.48395970463752747, 0.4370326101779938, 0.3782289922237396, 0.3136540353298187, 0.27325811982154846, 0.2790463864803314, 0.3179888427257538, 0.37481722235679626, 0.436654657125473, 0.46299758553504944]}