{"accuracy": [0.514433741569519, 0.6343449354171753, 0.590673565864563, 0.6917098164558411, 0.7357512712478638, 0.6461880207061768, 0.6239822506904602, 0.719467043876648, 0.8049592971801758, 0.6998519897460938, 0.6065877079963684, 0.6095485091209412, 0.6935603022575378, 0.7997779250144958, 0.822723925113678, 0.7686898708343506, 0.7268689870834351, 0.7287194728851318], "val_accuracy": [0.6325616240501404, 0.6094099879264832, 0.6911874413490295, 0.7240477800369263, 0.6404032707214355, 0.6142643690109253, 0.7020164132118225, 0.7778192758560181, 0.6960418224334717, 0.6120238900184631, 0.6127707362174988, 0.6893203854560852, 0.7837938666343689, 0.7991037964820862, 0.7546676397323608, 0.7128453850746155, 0.7147125005722046, 0.7471994161605835], "p_rule": [0.441162109375, 0.3193359375, 0.5751953125, 0.740234375, 0.379150390625, 0.332275390625, 0.477294921875, 0.853515625, 0.57470703125, 0.358642578125, 0.36962890625, 0.5693359375, 0.9951171875, 0.662109375, 0.51025390625, 0.45654296875, 0.45556640625, 0.4970703125], "adversary_prediction": [0.4569641053676605, 0.3593057692050934, 0.4434311091899872, 0.6391599774360657, 0.44639018177986145, 0.3806817829608917, 0.46686020493507385, 0.5633669495582581, 0.5501099228858948, 0.5294275879859924, 0.5234507918357849, 0.5453607439994812, 0.5412331223487854, 0.49550387263298035, 0.45180752873420715, 0.43848106265068054, 0.43374618887901306, 0.4737785756587982]}