{"accuracy": [0.4705751836299896, 0.5705085396766663, 0.6582278609275818, 0.6147013306617737, 0.6775482892990112, 0.7359538078308105, 0.7210748195648193, 0.6460137963294983, 0.6386853456497192, 0.7137463688850403, 0.783033549785614, 0.7690428495407104, 0.6899844408035278, 0.6588940620422363, 0.671552300453186, 0.7397290468215942, 0.7992449402809143, 0.8123473525047302], "val_accuracy": [0.5722607970237732, 0.6444095969200134, 0.6043020486831665, 0.6542684435844421, 0.7165583968162537, 0.7102845907211304, 0.6466502547264099, 0.6372395157814026, 0.7031145095825195, 0.7674210071563721, 0.746134877204895, 0.673089861869812, 0.6347748041152954, 0.6565091013908386, 0.7261931300163269, 0.7851220965385437, 0.788034975528717, 0.7680932283401489], "p_rule": [0.2958984375, 0.5009765625, 0.3720703125, 0.484130859375, 0.80712890625, 0.68798828125, 0.449951171875, 0.421142578125, 0.6025390625, 0.91552734375, 0.5654296875, 0.4189453125, 0.37744140625, 0.398681640625, 0.495361328125, 0.640625, 0.86376953125, 0.85595703125], "adversary_prediction": [0.3554023206233978, 0.4539412558078766, 0.32182738184928894, 0.4485487639904022, 0.5582720637321472, 0.5544070601463318, 0.4864245355129242, 0.5026293396949768, 0.5219518542289734, 0.49757400155067444, 0.40960291028022766, 0.3345405161380768, 0.2931734621524811, 0.3163110911846161, 0.3620161712169647, 0.438710480928421, 0.4734583795070648, 0.4857504665851593]}