{"accuracy": [0.521327018737793, 0.4733412265777588, 0.4774881601333618, 0.5776066184043884, 0.7085307836532593, 0.6427724957466125, 0.575236976146698, 0.5912322402000427, 0.670616090297699, 0.7227488160133362, 0.7150474190711975, 0.6658768057823181, 0.6161137223243713, 0.5971564054489136, 0.599526047706604, 0.6374407410621643, 0.7014217972755432, 0.7357819676399231], "val_accuracy": [0.45666468143463135, 0.4584578573703766, 0.551105797290802, 0.692169725894928, 0.6395696401596069, 0.5821877121925354, 0.5905559062957764, 0.6676628589630127, 0.7142857313156128, 0.693365216255188, 0.6443514823913574, 0.5905559062957764, 0.5618649125099182, 0.5696353912353516, 0.6043036580085754, 0.6676628589630127, 0.716676652431488, 0.7381948828697205], "p_rule": [0.23583984375, 0.2374267578125, 0.326171875, 0.87353515625, 0.47021484375, 0.32275390625, 0.344970703125, 0.5361328125, 0.939453125, 0.6748046875, 0.4267578125, 0.340576171875, 0.294677734375, 0.304443359375, 0.36572265625, 0.48095703125, 0.6748046875, 0.94677734375], "adversary_prediction": [0.003843414830043912, 0.004359536338597536, 0.11674320697784424, 0.4994867146015167, 0.42544040083885193, 0.403978556394577, 0.42006418108940125, 0.43784216046333313, 0.4510326683521271, 0.39280077815055847, 0.32367822527885437, 0.28023645281791687, 0.25989148020744324, 0.2678920328617096, 0.28504475951194763, 0.32615432143211365, 0.3680451810359955, 0.39012131094932556]}