{"accuracy": [0.4757108986377716, 0.7073459625244141, 0.5924170613288879, 0.6806871891021729, 0.754146933555603, 0.6244075894355774, 0.6765402555465698, 0.795616090297699, 0.7731042504310608, 0.6688388586044312, 0.6451421976089478, 0.6978672742843628, 0.7885071039199829, 0.8246445655822754, 0.7926540374755859, 0.7369668483734131, 0.7197867035865784, 0.7476303577423096], "val_accuracy": [0.7101016044616699, 0.5750149488449097, 0.6676628589630127, 0.7477585077285767, 0.6198446154594421, 0.6694560647010803, 0.7907949686050415, 0.7381948828697205, 0.6455469131469727, 0.6198446154594421, 0.6879856586456299, 0.7740585803985596, 0.8105200529098511, 0.7615062594413757, 0.7130902409553528, 0.7071129679679871, 0.7280334830284119, 0.77764493227005], "p_rule": [0.71484375, 0.3515625, 0.48974609375, 0.8076171875, 0.3984375, 0.5068359375, 0.9716796875, 0.53466796875, 0.3779296875, 0.37451171875, 0.424560546875, 0.5703125, 0.81884765625, 0.86474609375, 0.67333984375, 0.61083984375, 0.71044921875, 0.86474609375], "adversary_prediction": [0.4547174870967865, 0.2669147551059723, 0.5544613003730774, 0.6390582919120789, 0.49983182549476624, 0.5644863247871399, 0.6893314719200134, 0.6044015288352966, 0.4471278488636017, 0.4277254641056061, 0.4993446171283722, 0.5914233326911926, 0.6487953066825867, 0.6231639981269836, 0.6137523055076599, 0.6061912178993225, 0.6180611252784729, 0.6440487504005432]}