{"accuracy": [0.42339009046554565, 0.5173945426940918, 0.6909696459770203, 0.6391561627388, 0.609178364276886, 0.6502590775489807, 0.735011100769043, 0.7239082455635071, 0.6110288500785828, 0.5840118527412415, 0.6450777053833008, 0.7549962997436523, 0.7820132970809937, 0.7146558165550232, 0.6495188474655151, 0.6354551911354065, 0.6798667907714844, 0.7468541860580444], "val_accuracy": [0.5324869155883789, 0.6863330602645874, 0.6336818337440491, 0.6090365648269653, 0.6474981307983398, 0.7225541472434998, 0.732262909412384, 0.6209858059883118, 0.5899925231933594, 0.6478715538978577, 0.7546676397323608, 0.7763256430625916, 0.6982823014259338, 0.6400298476219177, 0.6310679316520691, 0.6717699766159058, 0.737864077091217, 0.7905153036117554], "p_rule": [0.20849609375, 0.80615234375, 0.48193359375, 0.370849609375, 0.449462890625, 0.7353515625, 0.67578125, 0.360595703125, 0.3115234375, 0.427978515625, 0.79638671875, 0.6494140625, 0.43359375, 0.35302734375, 0.336181640625, 0.395751953125, 0.49609375, 0.65234375], "adversary_prediction": [0.3450593054294586, 0.62864750623703, 0.47490134835243225, 0.3930085599422455, 0.4644325077533722, 0.5993241667747498, 0.602000892162323, 0.5194419026374817, 0.5008791089057922, 0.5140051245689392, 0.5112066864967346, 0.4461419880390167, 0.38875702023506165, 0.33186712861061096, 0.3256588280200958, 0.36450085043907166, 0.4151711165904999, 0.4603196084499359]}