{"accuracy": [0.5279834270477295, 0.6988451480865479, 0.5214687585830688, 0.7530352473258972, 0.5700325965881348, 0.5478234887123108, 0.6822623610496521, 0.7980455756187439, 0.6742671132087708, 0.6040864586830139, 0.6316257119178772, 0.7219425439834595, 0.793603777885437, 0.790938675403595, 0.7438554763793945, 0.7121705412864685, 0.7035830616950989, 0.7376369833946228], "val_accuracy": [0.6982372403144836, 0.5357035994529724, 0.7469375729560852, 0.5503435730934143, 0.5309231877326965, 0.6671646237373352, 0.7804003357887268, 0.6809082627296448, 0.6163728833198547, 0.641768753528595, 0.7260233163833618, 0.7896623611450195, 0.7801015973091125, 0.7248281836509705, 0.686286211013794, 0.6844936013221741, 0.7137735486030579, 0.7567971348762512], "p_rule": [0.6552734375, 0.2120361328125, 0.74951171875, 0.27685546875, 0.259033203125, 0.410888671875, 0.896484375, 0.51416015625, 0.34375, 0.396484375, 0.62109375, 0.990234375, 0.65478515625, 0.4833984375, 0.437744140625, 0.433837890625, 0.46435546875, 0.5576171875], "adversary_prediction": [0.560666024684906, 0.3465162217617035, 0.6245580315589905, 0.17676228284835815, 0.14658385515213013, 0.39413484930992126, 0.6281401515007019, 0.5882717967033386, 0.5177684426307678, 0.535746157169342, 0.5966938138008118, 0.605259358882904, 0.5714138150215149, 0.5124594569206238, 0.46975210309028625, 0.47268757224082947, 0.5034378170967102, 0.5487855076789856]}