{"accuracy": [0.5628609657287598, 0.7281208634376526, 0.5575299859046936, 0.6668147444725037, 0.6055086851119995, 0.7752110362052917, 0.774322509765625, 0.6761439442634583, 0.678365170955658, 0.7689915299415588, 0.8258551955223083, 0.7912039160728455, 0.733007550239563, 0.7276765704154968, 0.7654376029968262, 0.815637469291687, 0.8454020619392395, 0.8236339688301086], "val_accuracy": [0.7014791369438171, 0.5638726949691772, 0.658449113368988, 0.5956969857215881, 0.764679491519928, 0.7615419030189514, 0.6804123520851135, 0.6848946809768677, 0.7655759453773499, 0.7996414303779602, 0.7731958627700806, 0.7238906025886536, 0.7144778370857239, 0.7530255317687988, 0.7911250591278076, 0.8099507093429565, 0.7969520688056946, 0.7803675532341003], "p_rule": [0.76318359375, 0.2724609375, 0.40234375, 0.33740234375, 0.595703125, 0.78515625, 0.486572265625, 0.49658203125, 0.76318359375, 0.84521484375, 0.572265625, 0.475830078125, 0.461669921875, 0.52099609375, 0.65234375, 0.8271484375, 0.9326171875, 0.80810546875], "adversary_prediction": [0.6596105694770813, 0.406764417886734, 0.44915100932121277, 0.36077067255973816, 0.6089984774589539, 0.6578875184059143, 0.5899341702461243, 0.5752472281455994, 0.6338453888893127, 0.6469230055809021, 0.6217904686927795, 0.57010418176651, 0.5672072768211365, 0.5979024767875671, 0.6199623942375183, 0.6289593577384949, 0.6317618489265442, 0.6205548644065857]}