{"accuracy": [0.5075510740280151, 0.5185075402259827, 0.5185075402259827, 0.5185075402259827, 0.5185075402259827, 0.5185075402259827, 0.5821735262870789, 0.6760438084602356, 0.6076399087905884, 0.553449809551239, 0.529167890548706, 0.5270950794219971, 0.5339058041572571, 0.5564110279083252, 0.5978679060935974, 0.6612377762794495, 0.6970683932304382, 0.6929227113723755], "val_accuracy": [0.5333133935928345, 0.5333133935928345, 0.5333133935928345, 0.5333133935928345, 0.5333133935928345, 0.5960561633110046, 0.6692560315132141, 0.5966536998748779, 0.5383926033973694, 0.5195697546005249, 0.5106065273284912, 0.5207648873329163, 0.5422766804695129, 0.5838063955307007, 0.649238109588623, 0.6847923398017883, 0.6898715496063232, 0.6522258520126343], "p_rule": [0.207763671875, 0.207763671875, 0.207763671875, 0.207763671875, 0.207763671875, 0.321044921875, 0.92333984375, 0.413818359375, 0.291015625, 0.2489013671875, 0.244384765625, 0.250244140625, 0.281005859375, 0.349853515625, 0.55322265625, 0.8974609375, 0.697265625, 0.440673828125], "adversary_prediction": [0.34505316615104675, 0.34505316615104675, 0.3450620472431183, 0.34565749764442444, 0.35525384545326233, 0.40647920966148376, 0.43493202328681946, 0.3424089848995209, 0.2538693845272064, 0.21143043041229248, 0.20252084732055664, 0.22344404458999634, 0.253905326128006, 0.30049172043800354, 0.347393661737442, 0.36979010701179504, 0.38654229044914246, 0.38806822896003723]}