{"accuracy": [0.5013325214385986, 0.6926265954971313, 0.5356825590133667, 0.7622149586677551, 0.5886881947517395, 0.5780278444290161, 0.7083209753036499, 0.7876814007759094, 0.6677524447441101, 0.5993485450744629, 0.6366597414016724, 0.7391175627708435, 0.8101865649223328, 0.7903464436531067, 0.721054196357727, 0.6872963905334473, 0.6881847977638245, 0.7293455600738525], "val_accuracy": [0.6722437739372253, 0.5506423711776733, 0.743949830532074, 0.5772333145141602, 0.5578129887580872, 0.699133574962616, 0.7848820090293884, 0.6683596968650818, 0.6160740852355957, 0.6474454998970032, 0.7358828783035278, 0.7974305152893066, 0.7765162587165833, 0.7182551622390747, 0.6791156530380249, 0.6821033954620361, 0.7200478315353394, 0.763370156288147], "p_rule": [0.6396484375, 0.2249755859375, 0.95263671875, 0.306396484375, 0.295166015625, 0.466064453125, 0.97900390625, 0.467529296875, 0.332763671875, 0.398193359375, 0.64111328125, 0.93994140625, 0.609375, 0.486572265625, 0.43115234375, 0.43505859375, 0.48828125, 0.57666015625], "adversary_prediction": [0.5212053656578064, 0.36768588423728943, 0.6608491539955139, 0.19874057173728943, 0.19453686475753784, 0.3978497087955475, 0.6113739609718323, 0.608212411403656, 0.5757288336753845, 0.577822744846344, 0.5983285307884216, 0.5749505162239075, 0.5191362500190735, 0.4646724760532379, 0.43687406182289124, 0.44041475653648376, 0.47771260142326355, 0.5181130766868591]}