{"accuracy": [0.45757439732551575, 0.6148378252983093, 0.6414926648139954, 0.6263882517814636, 0.6854731440544128, 0.7490004301071167, 0.7027987837791443, 0.6388272047042847, 0.6659262776374817, 0.7694358229637146, 0.7956463694572449, 0.692136824131012, 0.6232785582542419, 0.650377631187439, 0.7272323369979858, 0.8098622560501099, 0.8067525625228882, 0.7641048431396484], "val_accuracy": [0.620349645614624, 0.6266248226165771, 0.6118332743644714, 0.6692066192626953, 0.7341998815536499, 0.7090990543365479, 0.6526221632957458, 0.6669654846191406, 0.770058274269104, 0.7835051417350769, 0.6692066192626953, 0.6073509454727173, 0.6297624111175537, 0.7113401889801025, 0.795159101486206, 0.8054683804512024, 0.7584043145179749, 0.7212012410163879], "p_rule": [0.39208984375, 0.463623046875, 0.404296875, 0.5439453125, 0.94384765625, 0.603515625, 0.421630859375, 0.49755859375, 0.8427734375, 0.591796875, 0.407958984375, 0.340576171875, 0.362548828125, 0.4521484375, 0.60400390625, 0.9169921875, 0.7724609375, 0.6337890625], "adversary_prediction": [0.3632066547870636, 0.43676915764808655, 0.40118518471717834, 0.5189571976661682, 0.6467568278312683, 0.57489413022995, 0.521859347820282, 0.5226233601570129, 0.5715215802192688, 0.4796361029148102, 0.3880195915699005, 0.3413805067539215, 0.35950782895088196, 0.4183385670185089, 0.4773356020450592, 0.5285294651985168, 0.5489848256111145, 0.5530709624290466]}