{"accuracy": [0.493114173412323, 0.47800976037979126, 0.47800976037979126, 0.5126610398292542, 0.6481564044952393, 0.6765881776809692, 0.5659706592559814, 0.5388715863227844, 0.5606397390365601, 0.6254997849464417, 0.7081297039985657, 0.7045757174491882, 0.6632607579231262, 0.6121723651885986, 0.5841848254203796, 0.5766326189041138, 0.5859618186950684, 0.6250555515289307], "val_accuracy": [0.4639175236225128, 0.4639175236225128, 0.48901838064193726, 0.632900059223175, 0.6727924942970276, 0.5822501182556152, 0.5513222813606262, 0.5688032507896423, 0.6454504728317261, 0.7055132389068604, 0.6871358156204224, 0.6445540189743042, 0.5880770683288574, 0.5629762411117554, 0.5558045506477356, 0.5692514777183533, 0.5983863472938538, 0.6611384749412537], "p_rule": [0.21484375, 0.21484375, 0.2293701171875, 0.52294921875, 0.6220703125, 0.290771484375, 0.2401123046875, 0.271728515625, 0.41650390625, 0.76806640625, 0.78125, 0.475830078125, 0.348876953125, 0.306396484375, 0.290771484375, 0.311767578125, 0.37158203125, 0.48486328125], "adversary_prediction": [0.0038434281013906, 0.004454463254660368, 0.07729071378707886, 0.467411071062088, 0.4765704572200775, 0.3840954005718231, 0.3822258412837982, 0.40126273036003113, 0.4360661804676056, 0.44730088114738464, 0.4170821011066437, 0.36773476004600525, 0.3188532292842865, 0.29044273495674133, 0.27877047657966614, 0.29380616545677185, 0.3173655569553375, 0.34422579407691956]}