{"accuracy": [0.5588627457618713, 0.54864501953125, 0.6059529185295105, 0.6361616849899292, 0.7170146703720093, 0.7152376770973206, 0.6619280576705933, 0.6521546244621277, 0.6943580508232117, 0.7672145962715149, 0.7823189496994019, 0.7276765704154968, 0.664593517780304, 0.6548200845718384, 0.7027987837791443, 0.7721012830734253, 0.8120835423469543, 0.7978675961494446], "val_accuracy": [0.5208426713943481, 0.6163155436515808, 0.6409682035446167, 0.7310622930526733, 0.6929628252983093, 0.6414164304733276, 0.627521276473999, 0.6709995269775391, 0.7445091605186462, 0.7790228724479675, 0.7180636525154114, 0.6606902480125427, 0.6521739363670349, 0.70282381772995, 0.7633348107337952, 0.7893321514129639, 0.7655759453773499, 0.7292693853378296], "p_rule": [0.28125, 0.3701171875, 0.440185546875, 0.921875, 0.591796875, 0.41552734375, 0.368408203125, 0.427490234375, 0.58837890625, 0.958984375, 0.65283203125, 0.48291015625, 0.47802734375, 0.599609375, 0.85400390625, 0.8134765625, 0.6298828125, 0.53857421875], "adversary_prediction": [0.07979735732078552, 0.37254878878593445, 0.3868394196033478, 0.574040949344635, 0.535506546497345, 0.36927327513694763, 0.3220514953136444, 0.3636947572231293, 0.4645111858844757, 0.5362299084663391, 0.5549437403678894, 0.5506624579429626, 0.5419842600822449, 0.5349077582359314, 0.5143404603004456, 0.47933945059776306, 0.4304942190647125, 0.40152207016944885]}