{"accuracy": [0.4405951499938965, 0.6939817667007446, 0.659782350063324, 0.7177437543869019, 0.7366200089454651, 0.777037501335144, 0.6910948157310486, 0.7754830121994019, 0.793026864528656, 0.7113035917282104, 0.7450588345527649, 0.8276704549789429, 0.8247835040092468, 0.7828114628791809, 0.7845880389213562, 0.8178991675376892, 0.8372196555137634, 0.8274483680725098], "val_accuracy": [0.6748823523521423, 0.6495630741119385, 0.7096123695373535, 0.7161102294921875, 0.768765389919281, 0.6885502934455872, 0.7649562954902649, 0.7844499349594116, 0.7004257440567017, 0.727985680103302, 0.8070804476737976, 0.804167628288269, 0.7714541554450989, 0.771902322769165, 0.7907237410545349, 0.8144745826721191, 0.805512011051178, 0.79587721824646], "p_rule": [0.8974609375, 0.46484375, 0.65185546875, 0.7109375, 0.5546875, 0.419677734375, 0.5419921875, 0.95458984375, 0.6435546875, 0.716796875, 0.91162109375, 0.65771484375, 0.56591796875, 0.576171875, 0.6552734375, 0.8291015625, 0.96630859375, 0.947265625], "adversary_prediction": [0.560682475566864, 0.45345446467399597, 0.6489129662513733, 0.6319541335105896, 0.5635508894920349, 0.40292081236839294, 0.4947570860385895, 0.5583284497261047, 0.5399715304374695, 0.5397641062736511, 0.5511484742164612, 0.5424121022224426, 0.5296469330787659, 0.551374614238739, 0.5609635710716248, 0.5900618433952332, 0.5966307520866394, 0.6066322922706604]}