{"accuracy": [0.4812731444835663, 0.5293856263160706, 0.5293856263160706, 0.5293856263160706, 0.5293856263160706, 0.5293856263160706, 0.5293856263160706, 0.5293856263160706, 0.6476684212684631, 0.6223537921905518, 0.5379718542098999, 0.5003700852394104, 0.48630642890930176, 0.48423388600349426, 0.48556625843048096, 0.4919319152832031, 0.5065876841545105, 0.5446336269378662], "val_accuracy": [0.5323375463485718, 0.5323375463485718, 0.5323375463485718, 0.5323375463485718, 0.5323375463485718, 0.5323375463485718, 0.5323375463485718, 0.6404779553413391, 0.6146377921104431, 0.5332337617874146, 0.49708738923072815, 0.4825989603996277, 0.47991037368774414, 0.4802091121673584, 0.48678117990493774, 0.5018670558929443, 0.5398058295249939, 0.604182243347168], "p_rule": [0.25, 0.25, 0.25, 0.25, 0.25, 0.25, 0.25, 0.52978515625, 0.60546875, 0.33251953125, 0.266357421875, 0.25634765625, 0.254150390625, 0.25439453125, 0.2578125, 0.277587890625, 0.333984375, 0.4833984375], "adversary_prediction": [0.34505316615104675, 0.34505316615104675, 0.34505340456962585, 0.3450828492641449, 0.34591326117515564, 0.3517403304576874, 0.36887893080711365, 0.4103749692440033, 0.3568015992641449, 0.2786031663417816, 0.21221178770065308, 0.178300142288208, 0.16881301999092102, 0.1833939254283905, 0.19770470261573792, 0.23126238584518433, 0.27239224314689636, 0.306758314371109]}