{"accuracy": [0.4994075894355774, 0.5266587734222412, 0.5266587734222412, 0.5266587734222412, 0.5266587734222412, 0.5266587734222412, 0.5266587734222412, 0.5266587734222412, 0.5266587734222412, 0.5598341226577759, 0.5776066184043884, 0.48163506388664246, 0.4745260775089264, 0.4733412265777588, 0.4733412265777588, 0.4733412265777588, 0.4745260775089264, 0.4763033092021942], "val_accuracy": [0.5433353185653687, 0.5433353185653687, 0.5433353185653687, 0.5433353185653687, 0.5433353185653687, 0.5433353185653687, 0.5433353185653687, 0.5433353185653687, 0.5684399008750916, 0.5493125915527344, 0.46204423904418945, 0.45786014199256897, 0.45666468143463135, 0.45666468143463135, 0.45666468143463135, 0.45786014199256897, 0.4590556025505066, 0.4680215120315552], "p_rule": [0.2357177734375, 0.2357177734375, 0.2357177734375, 0.2357177734375, 0.2357177734375, 0.2357177734375, 0.2357177734375, 0.2357177734375, 0.303466796875, 0.331298828125, 0.2412109375, 0.2384033203125, 0.2366943359375, 0.23583984375, 0.2366943359375, 0.2374267578125, 0.2412109375, 0.2412109375], "adversary_prediction": [0.34505316615104675, 0.34505316615104675, 0.34505364298820496, 0.34506937861442566, 0.34539374709129333, 0.34683582186698914, 0.3513341248035431, 0.355190247297287, 0.3330475389957428, 0.2520731985569, 0.1709570586681366, 0.12483975291252136, 0.10615603625774384, 0.10235443711280823, 0.10899436473846436, 0.12777069211006165, 0.15482786297798157, 0.18993514776229858]}