{"accuracy": [0.5265378355979919, 0.47723740339279175, 0.47723740339279175, 0.47723740339279175, 0.47723740339279175, 0.47768154740333557, 0.49211636185646057, 0.5811681151390076, 0.6788807511329651, 0.5591827630996704, 0.5234287977218628, 0.5227625966072083, 0.5227625966072083, 0.5227625966072083, 0.5227625966072083, 0.5229846835136414, 0.5385298728942871, 0.6575616002082825], "val_accuracy": [0.4732242822647095, 0.4732242822647095, 0.4732242822647095, 0.4732242822647095, 0.47344836592674255, 0.488684743642807, 0.5597131848335266, 0.6437373757362366, 0.5585928559303284, 0.5267757177352905, 0.5267757177352905, 0.5267757177352905, 0.5267757177352905, 0.5267757177352905, 0.5267757177352905, 0.5379789471626282, 0.6533721685409546, 0.6625587940216064], "p_rule": [0.2193603515625, 0.2193603515625, 0.2193603515625, 0.2193603515625, 0.219970703125, 0.2354736328125, 0.3759765625, 0.98974609375, 0.28515625, 0.219970703125, 0.2193603515625, 0.2193603515625, 0.2193603515625, 0.2193603515625, 0.219970703125, 0.24169921875, 0.5537109375, 0.9345703125], "adversary_prediction": [0.00384332868270576, 0.0038433652371168137, 0.0038612396456301212, 0.005247841589152813, 0.015368212945759296, 0.06721390783786774, 0.18477553129196167, 0.30625447630882263, 0.33570942282676697, 0.3480433523654938, 0.34616324305534363, 0.34121301770210266, 0.34684422612190247, 0.3368336260318756, 0.3305225670337677, 0.32066652178764343, 0.29397526383399963, 0.2714069187641144]}