{"accuracy": [0.5564110279083252, 0.7175007462501526, 0.538939893245697, 0.7885697484016418, 0.5963873267173767, 0.6440627574920654, 0.796268880367279, 0.7633994817733765, 0.6639028787612915, 0.6641989946365356, 0.7370446920394897, 0.8063369989395142, 0.8128516674041748, 0.7601421475410461, 0.7263843417167664, 0.7266804575920105, 0.7542197108268738, 0.8027835488319397], "val_accuracy": [0.6922617554664612, 0.5461607575416565, 0.7824918031692505, 0.584403932094574, 0.639378547668457, 0.788467288017273, 0.7526142597198486, 0.6686584949493408, 0.6659695506095886, 0.7278159260749817, 0.788467288017273, 0.7896623611450195, 0.7553032636642456, 0.7194502353668213, 0.7221392393112183, 0.7526142597198486, 0.7881684899330139, 0.808784008026123], "p_rule": [0.73046875, 0.2357177734375, 0.72705078125, 0.331787109375, 0.37939453125, 0.64990234375, 0.78466796875, 0.468505859375, 0.45361328125, 0.64990234375, 0.98095703125, 0.7041015625, 0.5380859375, 0.489013671875, 0.48828125, 0.529296875, 0.64599609375, 0.7919921875], "adversary_prediction": [0.658142626285553, 0.4067540466785431, 0.7719882130622864, 0.25824829936027527, 0.3646908104419708, 0.6547349095344543, 0.7118088603019714, 0.6136724352836609, 0.6249391436576843, 0.6506457924842834, 0.6628056168556213, 0.6174506545066833, 0.5303121209144592, 0.49428126215934753, 0.48854008316993713, 0.5313047766685486, 0.5773469805717468, 0.6073275208473206]}