{"accuracy": [0.46502330899238586, 0.5869420170783997, 0.6779924631118774, 0.6377969980239868, 0.7088607549667358, 0.7204086184501648, 0.6551188230514526, 0.606484591960907, 0.6484565734863281, 0.7688207626342773, 0.7255163192749023, 0.606484591960907, 0.5749500393867493, 0.6246946454048157, 0.7377303838729858, 0.7954697012901306, 0.7881412506103516, 0.7534976601600647], "val_accuracy": [0.5720367431640625, 0.6688326001167297, 0.6401523351669312, 0.692583441734314, 0.6961684823036194, 0.6374635696411133, 0.589065670967102, 0.6258122324943542, 0.752632737159729, 0.7127492427825928, 0.5991485714912415, 0.5780864953994751, 0.6159533858299255, 0.7239524722099304, 0.784898042678833, 0.7638359665870667, 0.7324669361114502, 0.717006504535675], "p_rule": [0.34814453125, 0.67138671875, 0.461669921875, 0.7001953125, 0.72412109375, 0.400390625, 0.32861328125, 0.365966796875, 0.5908203125, 0.76708984375, 0.370361328125, 0.313232421875, 0.409912109375, 0.72998046875, 0.8427734375, 0.60888671875, 0.50341796875, 0.471923828125], "adversary_prediction": [0.14291074872016907, 0.4258899390697479, 0.4099258482456207, 0.4488769471645355, 0.432047575712204, 0.30255642533302307, 0.21022647619247437, 0.2535971701145172, 0.30256715416908264, 0.3559717833995819, 0.37699881196022034, 0.37412765622138977, 0.39202478528022766, 0.39490756392478943, 0.38840731978416443, 0.37127581238746643, 0.3579493463039398, 0.3571235239505768]}