{"accuracy": [0.46480125188827515, 0.5638463497161865, 0.6944259405136108, 0.6357983350753784, 0.7226293683052063, 0.704863429069519, 0.6577836871147156, 0.6340217590332031, 0.6788807511329651, 0.7839218378067017, 0.7348434329032898, 0.6044858694076538, 0.583166778087616, 0.6304685473442078, 0.7457250952720642, 0.8036864399909973, 0.7821452617645264, 0.748167872428894], "val_accuracy": [0.5491821765899658, 0.6802599430084229, 0.6385838985443115, 0.7002016305923462, 0.6825005412101746, 0.6403764486312866, 0.6197624802589417, 0.6603181958198547, 0.7584584355354309, 0.7273134589195251, 0.6036298274993896, 0.5830159187316895, 0.6255881786346436, 0.734483540058136, 0.7808648943901062, 0.76674884557724, 0.7230562567710876, 0.7179027795791626], "p_rule": [0.3154296875, 0.67236328125, 0.43212890625, 0.748046875, 0.6953125, 0.441162109375, 0.37109375, 0.412841796875, 0.66552734375, 0.77099609375, 0.382080078125, 0.33203125, 0.449462890625, 0.82958984375, 0.7451171875, 0.5673828125, 0.484130859375, 0.474365234375], "adversary_prediction": [0.24909332394599915, 0.38294175267219543, 0.3746873438358307, 0.4557601511478424, 0.5378981232643127, 0.45197299122810364, 0.3750327527523041, 0.38729920983314514, 0.4127984941005707, 0.42993637919425964, 0.42249271273612976, 0.4243691861629486, 0.4198981821537018, 0.41308727860450745, 0.3959294855594635, 0.37969258427619934, 0.36121824383735657, 0.36957457661628723]}