{"accuracy": [0.44796445965766907, 0.6125832796096802, 0.5677276253700256, 0.6451517343521118, 0.7169504165649414, 0.6544781923294067, 0.6039970517158508, 0.6321243643760681, 0.7370836138725281, 0.7401924729347229, 0.6159881353378296, 0.5652109384536743, 0.5798667669296265, 0.659807562828064, 0.7797186970710754, 0.7902294397354126, 0.7221317291259766, 0.6866025328636169], "val_accuracy": [0.608364462852478, 0.5704256892204285, 0.6367438435554504, 0.7106795907020569, 0.6452576518058777, 0.6016430258750916, 0.6241971850395203, 0.7230769395828247, 0.7392083406448364, 0.616579532623291, 0.5711725354194641, 0.5841673016548157, 0.6610903739929199, 0.7747572660446167, 0.7871546149253845, 0.7179985046386719, 0.6764749884605408, 0.6948469281196594], "p_rule": [0.43896484375, 0.315185546875, 0.46240234375, 0.93212890625, 0.48291015625, 0.3701171875, 0.397705078125, 0.61767578125, 0.78369140625, 0.39990234375, 0.30810546875, 0.33544921875, 0.513671875, 0.9892578125, 0.642578125, 0.4873046875, 0.444580078125, 0.46240234375], "adversary_prediction": [0.3804953396320343, 0.3479156196117401, 0.3868771493434906, 0.5699328780174255, 0.4334341585636139, 0.303415447473526, 0.3329720199108124, 0.42528119683265686, 0.4676709473133087, 0.44205865263938904, 0.43935123085975647, 0.43731293082237244, 0.4377833902835846, 0.4061368405818939, 0.374443918466568, 0.3308044373989105, 0.32219842076301575, 0.3365781009197235]}