{"accuracy": [0.49933382868766785, 0.47061437368392944, 0.47061437368392944, 0.4710584878921509, 0.4954848289489746, 0.6125832796096802, 0.6760917901992798, 0.571132481098175, 0.5428571701049805, 0.5449296832084656, 0.5755736231803894, 0.6529977917671204, 0.7055514454841614, 0.6950407028198242, 0.6492968201637268, 0.6139156222343445, 0.5930421948432922, 0.5899333953857422], "val_accuracy": [0.46766242384910583, 0.46766242384910583, 0.4679611623287201, 0.49171024560928345, 0.6119492053985596, 0.6664674878120422, 0.5717699527740479, 0.543988049030304, 0.5451829433441162, 0.5708737969398499, 0.6495892405509949, 0.6966392993927002, 0.6812546849250793, 0.6421209573745728, 0.6056758761405945, 0.587453305721283, 0.5850634574890137, 0.6007468104362488], "p_rule": [0.25, 0.25, 0.25048828125, 0.26953125, 0.490478515625, 0.7392578125, 0.3359375, 0.27197265625, 0.274169921875, 0.33154296875, 0.52392578125, 0.88720703125, 0.72705078125, 0.50927734375, 0.407470703125, 0.36962890625, 0.36865234375, 0.388671875], "adversary_prediction": [0.00384335033595562, 0.00408252002671361, 0.007066024467349052, 0.07108785212039948, 0.2934378683567047, 0.38433924317359924, 0.37088707089424133, 0.3700183928012848, 0.3698897659778595, 0.38126644492149353, 0.37265875935554504, 0.3453616201877594, 0.3077392280101776, 0.2786397635936737, 0.2553894817829132, 0.23311877250671387, 0.22856822609901428, 0.23938515782356262]}