{"accuracy": [0.5239081978797913, 0.47061437368392944, 0.47061437368392944, 0.47061437368392944, 0.47061437368392944, 0.4818652868270874, 0.6008882522583008, 0.6661732196807861, 0.5338267683982849, 0.5292376279830933, 0.5293856263160706, 0.5293856263160706, 0.5296817421913147, 0.5401924252510071, 0.6230940222740173, 0.7091043591499329, 0.69681715965271, 0.640266478061676], "val_accuracy": [0.46766242384910583, 0.46766242384910583, 0.46766242384910583, 0.46781179308891296, 0.4788648188114166, 0.5925317406654358, 0.6627333760261536, 0.5359223484992981, 0.5323375463485718, 0.5323375463485718, 0.5321881771087646, 0.532636284828186, 0.5414488315582275, 0.6262882947921753, 0.7060492634773254, 0.6900672316551208, 0.6316654086112976, 0.5908887386322021], "p_rule": [0.25, 0.25, 0.25, 0.25, 0.255615234375, 0.423828125, 0.634765625, 0.25244140625, 0.250244140625, 0.25, 0.25, 0.25048828125, 0.266845703125, 0.43310546875, 0.86474609375, 0.67529296875, 0.46875, 0.374755859375], "adversary_prediction": [0.0038433298468589783, 0.0038440641947090626, 0.0044128382578492165, 0.012532317079603672, 0.09454125165939331, 0.2803056538105011, 0.37492635846138, 0.36283770203590393, 0.36518213152885437, 0.3614882528781891, 0.3685501515865326, 0.37959447503089905, 0.3855300843715668, 0.37712976336479187, 0.3623410165309906, 0.33536502718925476, 0.31013569235801697, 0.29102823138237]}