{"accuracy": [0.5290284156799316, 0.5266587734222412, 0.7079383730888367, 0.6392180323600769, 0.6954976320266724, 0.7405213117599487, 0.7091231942176819, 0.6563981175422668, 0.646327018737793, 0.7114928960800171, 0.7896919250488281, 0.7659952640533447, 0.6611374616622925, 0.6113743782043457, 0.6344786882400513, 0.724526047706604, 0.7991706132888794, 0.8181279897689819], "val_accuracy": [0.5086670517921448, 0.6808128952980042, 0.6443514823913574, 0.6909742951393127, 0.7328153252601624, 0.6730424165725708, 0.6329945921897888, 0.6323968768119812, 0.6891810894012451, 0.7710699439048767, 0.7668858170509338, 0.6700537800788879, 0.6180514097213745, 0.6401673555374146, 0.7292289137840271, 0.7937836050987244, 0.7991631627082825, 0.7680813074111938], "p_rule": [0.28564453125, 0.890625, 0.453857421875, 0.623046875, 0.8486328125, 0.54296875, 0.39501953125, 0.375732421875, 0.4765625, 0.65478515625, 0.8984375, 0.501953125, 0.389404296875, 0.4453125, 0.6796875, 0.978515625, 0.68798828125, 0.56298828125], "adversary_prediction": [0.09239505231380463, 0.5552825331687927, 0.49358829855918884, 0.5763244032859802, 0.5840675234794617, 0.47884926199913025, 0.3738260567188263, 0.3468698561191559, 0.4105117619037628, 0.46263936161994934, 0.510748565196991, 0.5088719725608826, 0.5048324465751648, 0.515225350856781, 0.5119712948799133, 0.4995477497577667, 0.4911098778247833, 0.45407047867774963]}