{"accuracy": [0.4666863977909088, 0.543677806854248, 0.681966245174408, 0.6544269919395447, 0.7207580804824829, 0.7323067784309387, 0.6793011426925659, 0.6588687896728516, 0.6932188272476196, 0.7767248749732971, 0.769321858882904, 0.6553153395652771, 0.6215575933456421, 0.660349428653717, 0.7559964656829834, 0.8128516674041748, 0.7989339828491211, 0.7539235949516296], "val_accuracy": [0.5261428356170654, 0.6821033954620361, 0.6537197232246399, 0.7209441065788269, 0.7095906734466553, 0.6683596968650818, 0.6447564959526062, 0.6794143915176392, 0.7612787485122681, 0.7678518295288086, 0.6680609583854675, 0.6265312433242798, 0.6698536276817322, 0.7526142597198486, 0.7938452363014221, 0.7833881378173828, 0.7424559593200684, 0.7343890070915222], "p_rule": [0.25341796875, 0.578125, 0.47314453125, 0.796875, 0.71142578125, 0.444580078125, 0.3837890625, 0.436279296875, 0.61669921875, 0.9091796875, 0.5009765625, 0.400390625, 0.49365234375, 0.8212890625, 0.7861328125, 0.6103515625, 0.53173828125, 0.5146484375], "adversary_prediction": [0.09606701135635376, 0.41191157698631287, 0.4024079740047455, 0.5229936242103577, 0.5270795226097107, 0.4004838764667511, 0.3280559480190277, 0.36083242297172546, 0.4286904036998749, 0.45338645577430725, 0.45882079005241394, 0.45659658312797546, 0.4543185532093048, 0.46546658873558044, 0.4403413236141205, 0.41876474022865295, 0.40211227536201477, 0.40740713477134705]}