{"accuracy": [0.5003700852394104, 0.5293856263160706, 0.5293856263160706, 0.5293856263160706, 0.5293856263160706, 0.5302738547325134, 0.6740192174911499, 0.6256106495857239, 0.5575129389762878, 0.5210955142974854, 0.5111768841743469, 0.5182827711105347, 0.5375277400016785, 0.5924500226974487, 0.6706143617630005, 0.704071044921875, 0.6373056769371033, 0.56076979637146], "val_accuracy": [0.5323375463485718, 0.5323375463485718, 0.5323375463485718, 0.5323375463485718, 0.5333831310272217, 0.6705003976821899, 0.6228528618812561, 0.5522031188011169, 0.5184466242790222, 0.5103808641433716, 0.5157580375671387, 0.536669135093689, 0.5831217169761658, 0.6572068929672241, 0.6942494511604309, 0.6397311687469482, 0.5602688789367676, 0.5401045680046082], "p_rule": [0.25, 0.25, 0.25, 0.25, 0.250732421875, 0.67236328125, 0.58544921875, 0.34912109375, 0.294677734375, 0.282470703125, 0.291015625, 0.314453125, 0.4072265625, 0.666015625, 0.8701171875, 0.476806640625, 0.30517578125, 0.2646484375], "adversary_prediction": [0.34505316615104675, 0.34505316615104675, 0.34505555033683777, 0.34537336230278015, 0.36021944880485535, 0.4267562925815582, 0.4285610020160675, 0.3204256594181061, 0.25328636169433594, 0.23392906785011292, 0.24809592962265015, 0.2758234441280365, 0.3238290250301361, 0.3503911793231964, 0.377715140581131, 0.3791002333164215, 0.3801235258579254, 0.3867172300815582]}