{"accuracy": [0.5305699706077576, 0.6595854759216309, 0.6082901358604431, 0.6554403901100159, 0.7435232996940613, 0.7155440449714661, 0.6440414786338806, 0.6689119338989258, 0.7849740982055664, 0.8005181550979614, 0.7150259017944336, 0.6761658191680908, 0.7005181312561035, 0.7735751271247864, 0.8378238081932068, 0.8212435245513916, 0.7782383561134338, 0.7523316144943237], "val_accuracy": [0.6715481281280518, 0.5763598084449768, 0.6187238693237305, 0.724372386932373, 0.7107740640640259, 0.6469665169715881, 0.6689330339431763, 0.7683054208755493, 0.7803347110748291, 0.6956067085266113, 0.6396443247795105, 0.676778256893158, 0.7625523209571838, 0.8101464509963989, 0.8043932914733887, 0.7641213536262512, 0.7395397424697876, 0.7526150345802307], "p_rule": [0.51953125, 0.357177734375, 0.421142578125, 0.71875, 0.71484375, 0.44921875, 0.52099609375, 0.96533203125, 0.57958984375, 0.436279296875, 0.37353515625, 0.409912109375, 0.5244140625, 0.681640625, 0.93408203125, 0.8037109375, 0.70947265625, 0.75634765625], "adversary_prediction": [0.4930167496204376, 0.29458948969841003, 0.37724944949150085, 0.6215760111808777, 0.663540780544281, 0.6060770153999329, 0.6201871037483215, 0.644624650478363, 0.5721680521965027, 0.4825076758861542, 0.43942490220069885, 0.4719689190387726, 0.5282886624336243, 0.5810233950614929, 0.5908291935920715, 0.5745419859886169, 0.5683661103248596, 0.5818503499031067]}