{"accuracy": [0.4765358865261078, 0.5891931653022766, 0.6214655637741089, 0.6595114469528198, 0.7301258444786072, 0.7058475017547607, 0.6694300770759583, 0.6720947623252869, 0.7335307002067566, 0.7891932129859924, 0.71132493019104, 0.6309400200843811, 0.6236861348152161, 0.6874907612800598, 0.7749814987182617, 0.8069577813148499, 0.7735010981559753, 0.7424130439758301], "val_accuracy": [0.5826736092567444, 0.624794602394104, 0.6615384817123413, 0.7227782011032104, 0.6987304091453552, 0.6610903739929199, 0.6643763780593872, 0.7293502688407898, 0.7795369625091553, 0.7044062614440918, 0.6286781430244446, 0.6270350813865662, 0.6820014715194702, 0.7695295214653015, 0.8019417524337769, 0.7737117409706116, 0.7390589714050293, 0.7423450350761414], "p_rule": [0.390869140625, 0.43212890625, 0.51904296875, 0.9482421875, 0.61767578125, 0.473388671875, 0.45458984375, 0.546875, 0.837890625, 0.67822265625, 0.44482421875, 0.438720703125, 0.60400390625, 0.9921875, 0.71484375, 0.56640625, 0.50537109375, 0.50927734375], "adversary_prediction": [0.13469836115837097, 0.4513659179210663, 0.550626814365387, 0.5580827593803406, 0.43866345286369324, 0.29845932126045227, 0.2803969085216522, 0.3373294770717621, 0.4415262043476105, 0.4634454548358917, 0.45034417510032654, 0.4537979066371918, 0.4453236162662506, 0.4259926974773407, 0.38447877764701843, 0.3565213978290558, 0.33508262038230896, 0.34500715136528015]}