{"accuracy": [0.5428698062896729, 0.47800976037979126, 0.47800976037979126, 0.479342520236969, 0.5046645998954773, 0.6317192316055298, 0.6614837646484375, 0.5521990060806274, 0.5353176593780518, 0.5437583327293396, 0.5992891788482666, 0.6988005042076111, 0.718791663646698, 0.6694802045822144, 0.6175033450126648, 0.5917370319366455, 0.5819635987281799, 0.5957352519035339], "val_accuracy": [0.4639175236225128, 0.4639175236225128, 0.46526220440864563, 0.4845360815525055, 0.6006275415420532, 0.6624832153320312, 0.558493971824646, 0.5441505908966064, 0.5562527775764465, 0.614970862865448, 0.7010309100151062, 0.6943075060844421, 0.6562079787254333, 0.601972222328186, 0.5692514777183533, 0.5674585103988647, 0.5813536643981934, 0.6216943264007568], "p_rule": [0.21484375, 0.21484375, 0.2154541015625, 0.22998046875, 0.458984375, 0.60107421875, 0.263916015625, 0.2314453125, 0.2435302734375, 0.362548828125, 0.69384765625, 0.87451171875, 0.52734375, 0.364990234375, 0.31884765625, 0.311279296875, 0.319580078125, 0.391845703125], "adversary_prediction": [0.003843325423076749, 0.003935287240892649, 0.014415311627089977, 0.10361792147159576, 0.4098460376262665, 0.41888341307640076, 0.3682224452495575, 0.37050744891166687, 0.38910165429115295, 0.4076784551143646, 0.41183170676231384, 0.3887217938899994, 0.3492507040500641, 0.3188452422618866, 0.2987341582775116, 0.2948291599750519, 0.3010319769382477, 0.31814107298851013]}