{"accuracy": [0.49689120054244995, 0.5222797989845276, 0.5222797989845276, 0.5222797989845276, 0.5222797989845276, 0.5222797989845276, 0.5222797989845276, 0.5222797989845276, 0.6932642459869385, 0.6041450500488281, 0.5398963689804077, 0.5103626847267151, 0.49948185682296753, 0.49740931391716003, 0.5005181431770325, 0.5139896273612976, 0.5450777411460876, 0.5974093079566956], "val_accuracy": [0.5439330339431763, 0.5439330339431763, 0.5439330339431763, 0.5439330339431763, 0.5439330339431763, 0.5439330339431763, 0.5439330339431763, 0.6929916143417358, 0.5800209045410156, 0.5104602575302124, 0.482740581035614, 0.4722803235054016, 0.46914225816726685, 0.4738493859767914, 0.48483264446258545, 0.5146443247795105, 0.5721757411956787, 0.6569037437438965], "p_rule": [0.21923828125, 0.21923828125, 0.21923828125, 0.21923828125, 0.21923828125, 0.21923828125, 0.21923828125, 0.85400390625, 0.37255859375, 0.25634765625, 0.231689453125, 0.2254638671875, 0.2247314453125, 0.2247314453125, 0.2347412109375, 0.271484375, 0.358154296875, 0.60986328125], "adversary_prediction": [0.34505316615104675, 0.34505316615104675, 0.34505537152290344, 0.3452066481113434, 0.34751299023628235, 0.3587132394313812, 0.3827507793903351, 0.3783341348171234, 0.31527963280677795, 0.23697403073310852, 0.18756890296936035, 0.17038512229919434, 0.1645742952823639, 0.18262723088264465, 0.21606051921844482, 0.24817702174186707, 0.2878340780735016, 0.32091817259788513]}