{"accuracy": [0.48911595344543457, 0.47800976037979126, 0.47800976037979126, 0.479342520236969, 0.5215460062026978, 0.6374944448471069, 0.6930253505706787, 0.5779653191566467, 0.5282096862792969, 0.5286539196968079, 0.5566415190696716, 0.6406041979789734, 0.7147934436798096, 0.7005774974822998, 0.6534873247146606, 0.6130608916282654, 0.5881830453872681, 0.5819635987281799], "val_accuracy": [0.4639175236225128, 0.4639175236225128, 0.4648139774799347, 0.49753475189208984, 0.6234872341156006, 0.6848946809768677, 0.5813536643981934, 0.5396683216094971, 0.5392200946807861, 0.5679067969322205, 0.6481398344039917, 0.6992380023002625, 0.6844464540481567, 0.6432093381881714, 0.6006275415420532, 0.5719408392906189, 0.5679067969322205, 0.5853877067565918], "p_rule": [0.21484375, 0.21484375, 0.21484375, 0.251220703125, 0.533203125, 0.72900390625, 0.306396484375, 0.22265625, 0.22412109375, 0.27392578125, 0.455810546875, 0.8310546875, 0.7724609375, 0.49853515625, 0.37255859375, 0.3310546875, 0.320068359375, 0.3447265625], "adversary_prediction": [0.003843331476673484, 0.0038504081312566996, 0.004945055581629276, 0.06026572734117508, 0.33263131976127625, 0.4514155685901642, 0.40344592928886414, 0.3963976800441742, 0.4031547009944916, 0.4154309928417206, 0.42692044377326965, 0.41024693846702576, 0.36937764286994934, 0.3178529441356659, 0.2775040566921234, 0.2504251003265381, 0.25113773345947266, 0.2582158148288727]}