{"accuracy": [0.4451355040073395, 0.5219902396202087, 0.5219902396202087, 0.5219902396202087, 0.5433140993118286, 0.6881386041641235, 0.6530430912971497, 0.6010661721229553, 0.5695246458053589, 0.5690804123878479, 0.5828520655632019, 0.6139493584632874, 0.6854731440544128, 0.7245668768882751, 0.6681475043296814, 0.5864060521125793, 0.5490893125534058, 0.546868085861206], "val_accuracy": [0.5360824465751648, 0.5360824465751648, 0.5360824465751648, 0.5580457448959351, 0.6902734041213989, 0.6432093381881714, 0.5885252952575684, 0.5571492314338684, 0.5495293736457825, 0.5652173757553101, 0.5983863472938538, 0.6665172576904297, 0.7104437351226807, 0.682653546333313, 0.5921111702919006, 0.5562527775764465, 0.5580457448959351, 0.5809054374694824], "p_rule": [0.2147216796875, 0.2147216796875, 0.2147216796875, 0.2568359375, 0.75830078125, 0.623046875, 0.388671875, 0.320068359375, 0.3095703125, 0.327392578125, 0.3896484375, 0.59765625, 0.95556640625, 0.548828125, 0.3203125, 0.25341796875, 0.252685546875, 0.30322265625], "adversary_prediction": [0.34505316615104675, 0.34505346417427063, 0.34534886479377747, 0.3643517792224884, 0.47512224316596985, 0.4888668358325958, 0.41630229353904724, 0.3487398326396942, 0.34092047810554504, 0.343870609998703, 0.36934736371040344, 0.39311185479164124, 0.40995821356773376, 0.3986770212650299, 0.39896735548973083, 0.40061935782432556, 0.3940143883228302, 0.3976462781429291]}