{"accuracy": [0.49392953515052795, 0.48149245977401733, 0.5469351410865784, 0.713651180267334, 0.6316257119178772, 0.6108972430229187, 0.6742671132087708, 0.730826199054718, 0.7198697328567505, 0.6573882102966309, 0.6061593294143677, 0.5966834425926208, 0.6298489570617676, 0.6923304796218872, 0.7562925815582275, 0.7628072500228882, 0.7059520483016968, 0.652946412563324], "val_accuracy": [0.46668657660484314, 0.5410815477371216, 0.6943531632423401, 0.6450552940368652, 0.6259336471557617, 0.6868837475776672, 0.719151496887207, 0.6958470344543457, 0.6363908052444458, 0.5915745496749878, 0.5829100608825684, 0.6080071926116943, 0.6761278510093689, 0.7400657534599304, 0.7493277788162231, 0.7077980041503906, 0.6540185213088989, 0.6411712169647217], "p_rule": [0.2078857421875, 0.27099609375, 0.9580078125, 0.415283203125, 0.360107421875, 0.5458984375, 0.94970703125, 0.64111328125, 0.3974609375, 0.319091796875, 0.304443359375, 0.33203125, 0.45556640625, 0.673828125, 0.93603515625, 0.6171875, 0.467041015625, 0.44140625], "adversary_prediction": [0.005019505508244038, 0.16256588697433472, 0.622710645198822, 0.44305798411369324, 0.4294862449169159, 0.49767932295799255, 0.5574689507484436, 0.47485116124153137, 0.37033459544181824, 0.2990800440311432, 0.2791866958141327, 0.2975558340549469, 0.33431276679039, 0.37393316626548767, 0.40660807490348816, 0.421593576669693, 0.42229023575782776, 0.425080806016922]}