{"accuracy": [0.40414509177207947, 0.7020725607872009, 0.5518134832382202, 0.7518134713172913, 0.5886010527610779, 0.6683937907218933, 0.8025906682014465, 0.6797927618026733, 0.625906765460968, 0.6865285038948059, 0.7932642698287964, 0.8098445534706116, 0.7316062450408936, 0.701036274433136, 0.7170984745025635, 0.7673575282096863, 0.8176165819168091, 0.8331606388092041], "val_accuracy": [0.6804393529891968, 0.5706067085266113, 0.7296025156974792, 0.5679916143417358, 0.6527196764945984, 0.7965481281280518, 0.6814853549003601, 0.6182008385658264, 0.6851464509963989, 0.7913179993629456, 0.7881799340248108, 0.732740581035614, 0.6841003894805908, 0.7086820006370544, 0.7604602575302124, 0.7965481281280518, 0.8033472895622253, 0.7803347110748291], "p_rule": [0.70654296875, 0.260498046875, 0.5927734375, 0.3095703125, 0.389404296875, 0.83447265625, 0.53173828125, 0.3935546875, 0.52685546875, 0.96142578125, 0.619140625, 0.45556640625, 0.422119140625, 0.439208984375, 0.5234375, 0.65380859375, 0.888671875, 0.9013671875], "adversary_prediction": [0.5170573592185974, 0.3763335645198822, 0.5594152808189392, 0.27649638056755066, 0.4114954173564911, 0.6173984408378601, 0.5582507252693176, 0.5124569535255432, 0.5527883172035217, 0.6100450158119202, 0.5674980282783508, 0.5114073157310486, 0.4738254249095917, 0.49932458996772766, 0.5572658181190491, 0.6061971783638, 0.6165333390235901, 0.6248870491981506]}