{"accuracy": [0.47890451550483704, 0.5293856263160706, 0.5293856263160706, 0.5293856263160706, 0.5293856263160706, 0.5293856263160706, 0.5293856263160706, 0.5293856263160706, 0.5293856263160706, 0.5293856263160706, 0.5293856263160706, 0.5797187089920044, 0.4837897717952728, 0.4722427725791931, 0.4710584878921509, 0.4709104299545288, 0.4704663157463074, 0.47135454416275024], "val_accuracy": [0.5323375463485718, 0.5323375463485718, 0.5323375463485718, 0.5323375463485718, 0.5323375463485718, 0.5323375463485718, 0.5323375463485718, 0.5323375463485718, 0.5323375463485718, 0.5323375463485718, 0.571919322013855, 0.4791635572910309, 0.47020164132118225, 0.4684092700481415, 0.46781179308891296, 0.46781179308891296, 0.46825990080833435, 0.46915608644485474], "p_rule": [0.25, 0.25, 0.25, 0.25, 0.25, 0.25, 0.25, 0.25, 0.25, 0.250732421875, 0.4052734375, 0.25732421875, 0.250244140625, 0.25, 0.2493896484375, 0.2493896484375, 0.24951171875, 0.25], "adversary_prediction": [0.34505316615104675, 0.34505316615104675, 0.3450532853603363, 0.3450554311275482, 0.34506991505622864, 0.3450682461261749, 0.3451765477657318, 0.343348890542984, 0.3373475968837738, 0.30697450041770935, 0.2301061749458313, 0.15071743726730347, 0.10482914745807648, 0.08751256763935089, 0.08402812480926514, 0.08869393169879913, 0.10144621133804321, 0.12278629839420319]}