{"accuracy": [0.4729049503803253, 0.5185075402259827, 0.5185075402259827, 0.5205804109573364, 0.6639028787612915, 0.6718981266021729, 0.6058632135391235, 0.5771394968032837, 0.572697639465332, 0.594906747341156, 0.6505774259567261, 0.7121705412864685, 0.7192774415016174, 0.6301450729370117, 0.5667752623558044, 0.5537459254264832, 0.5703287124633789, 0.638436496257782], "val_accuracy": [0.5333133935928345, 0.5333133935928345, 0.5380938053131104, 0.6701523661613464, 0.65192711353302, 0.5912757515907288, 0.5599043965339661, 0.5548252463340759, 0.5778309106826782, 0.6226471662521362, 0.6937556266784668, 0.708993136882782, 0.6307140588760376, 0.5805198550224304, 0.5697639584541321, 0.5808186531066895, 0.6286226511001587, 0.7122796773910522], "p_rule": [0.207763671875, 0.207763671875, 0.2110595703125, 0.57763671875, 0.75439453125, 0.430908203125, 0.333984375, 0.314697265625, 0.360595703125, 0.48095703125, 0.8037109375, 0.6748046875, 0.38720703125, 0.283447265625, 0.258544921875, 0.285888671875, 0.38818359375, 0.6376953125], "adversary_prediction": [0.34505316615104675, 0.34505459666252136, 0.3499961793422699, 0.42940768599510193, 0.507347047328949, 0.3627612292766571, 0.2800687253475189, 0.26735720038414, 0.3042031228542328, 0.3533051908016205, 0.40134671330451965, 0.4187798798084259, 0.4162285625934601, 0.41624966263771057, 0.40615329146385193, 0.410623162984848, 0.41516271233558655, 0.40804097056388855]}