{"accuracy": [0.4880070984363556, 0.6008291244506836, 0.5498963594436646, 0.640509307384491, 0.735564112663269, 0.6970683932304382, 0.6443588733673096, 0.6375481486320496, 0.6976606249809265, 0.7696179747581482, 0.7577731609344482, 0.6677524447441101, 0.6153390407562256, 0.621261477470398, 0.6967722773551941, 0.7722830772399902, 0.8030796647071838, 0.7808706164360046], "val_accuracy": [0.5763370394706726, 0.5608007311820984, 0.6432626247406006, 0.7245294451713562, 0.6680609583854675, 0.6229459047317505, 0.6226471662521362, 0.6776217222213745, 0.7550044655799866, 0.7496265172958374, 0.6722437739372253, 0.6184642910957336, 0.6277263164520264, 0.6904690861701965, 0.7603824138641357, 0.7962354421615601, 0.7705407738685608, 0.728712260723114], "p_rule": [0.32373046875, 0.24658203125, 0.410888671875, 0.958984375, 0.53369140625, 0.3681640625, 0.354736328125, 0.443359375, 0.697265625, 0.80810546875, 0.48388671875, 0.363525390625, 0.382080078125, 0.54736328125, 0.86767578125, 0.76123046875, 0.5751953125, 0.489501953125], "adversary_prediction": [0.2720029652118683, 0.34566113352775574, 0.38326671719551086, 0.5970146059989929, 0.5017725825309753, 0.34670600295066833, 0.3205566704273224, 0.3798011839389801, 0.46228066086769104, 0.4762088358402252, 0.47624191641807556, 0.4682740271091461, 0.4666377604007721, 0.4673471748828888, 0.4564100205898285, 0.4215714633464813, 0.3885432183742523, 0.3556094467639923]}