{"accuracy": [0.4994448125362396, 0.5227625966072083, 0.5227625966072083, 0.5227625966072083, 0.5227625966072083, 0.5227625966072083, 0.5227625966072083, 0.5227625966072083, 0.6706640124320984, 0.5327559113502502, 0.4890073239803314, 0.4799022972583771, 0.4785698354244232, 0.4787919223308563, 0.47923606634140015, 0.48145681619644165, 0.4925605058670044, 0.523872971534729], "val_accuracy": [0.5267757177352905, 0.5267757177352905, 0.5267757177352905, 0.5267757177352905, 0.5267757177352905, 0.5267757177352905, 0.5267757177352905, 0.6600940823554993, 0.5287923216819763, 0.48173874616622925, 0.4747927486896515, 0.474120557308197, 0.4743446111679077, 0.4745686650276184, 0.47591307759284973, 0.48577189445495605, 0.5151243805885315, 0.6002689003944397], "p_rule": [0.2193603515625, 0.2193603515625, 0.2193603515625, 0.2193603515625, 0.2193603515625, 0.2193603515625, 0.2193603515625, 0.69921875, 0.272705078125, 0.2216796875, 0.219970703125, 0.219970703125, 0.219970703125, 0.2203369140625, 0.2208251953125, 0.2220458984375, 0.252197265625, 0.40625], "adversary_prediction": [0.34505316615104675, 0.3450532853603363, 0.3450576364994049, 0.3452581465244293, 0.3468296229839325, 0.353472501039505, 0.35162368416786194, 0.32497265934944153, 0.2511281669139862, 0.18075618147850037, 0.14081153273582458, 0.12577679753303528, 0.1259315460920334, 0.13830459117889404, 0.1574687957763672, 0.1895378828048706, 0.22154441475868225, 0.2570359408855438]}