{"accuracy": [0.5324944257736206, 0.47061437368392944, 0.47061437368392944, 0.47061437368392944, 0.47061437368392944, 0.47061437368392944, 0.47061437368392944, 0.47401925921440125, 0.6146557927131653, 0.6090303659439087, 0.5295336842536926, 0.5293856263160706, 0.5293856263160706, 0.5293856263160706, 0.5293856263160706, 0.5293856263160706, 0.5293856263160706, 0.529829740524292], "val_accuracy": [0.46766242384910583, 0.46766242384910583, 0.46766242384910583, 0.46766242384910583, 0.46766242384910583, 0.46766242384910583, 0.469902902841568, 0.6065720915794373, 0.598954439163208, 0.5323375463485718, 0.5323375463485718, 0.5323375463485718, 0.5323375463485718, 0.5323375463485718, 0.5323375463485718, 0.5323375463485718, 0.5336818695068359, 0.5898431539535522], "p_rule": [0.25, 0.25, 0.25, 0.25, 0.25, 0.25, 0.253173828125, 0.5625, 0.43798828125, 0.250244140625, 0.25, 0.25, 0.25, 0.25, 0.25, 0.25, 0.250732421875, 0.3720703125], "adversary_prediction": [0.0038433284498751163, 0.00384334335103631, 0.0038491429295390844, 0.004184091463685036, 0.008591260761022568, 0.023196903988718987, 0.08136376738548279, 0.20915794372558594, 0.3170498311519623, 0.34314897656440735, 0.35019275546073914, 0.34890642762184143, 0.34785160422325134, 0.34521248936653137, 0.34459564089775085, 0.33563050627708435, 0.3257807195186615, 0.3111896216869354]}