{"accuracy": [0.5149540901184082, 0.6668640971183777, 0.5226532220840454, 0.6425821781158447, 0.7462244629859924, 0.6295528411865234, 0.5931299924850464, 0.6496890783309937, 0.7589576840400696, 0.7761326432228088, 0.6801894903182983, 0.6165235638618469, 0.6117855906486511, 0.6656795740127563, 0.7494817972183228, 0.8119632601737976, 0.788865864276886, 0.7403020262718201], "val_accuracy": [0.649238109588623, 0.5389901399612427, 0.6513295769691467, 0.7281147241592407, 0.6211532950401306, 0.5826113224029541, 0.6399760842323303, 0.7349865436553955, 0.7553032636642456, 0.6853898763656616, 0.6226471662521362, 0.6247385740280151, 0.6755303144454956, 0.7403644919395447, 0.7842844128608704, 0.7729309797286987, 0.7206453680992126, 0.6880788803100586], "p_rule": [0.492431640625, 0.21435546875, 0.41455078125, 0.76611328125, 0.341064453125, 0.2958984375, 0.373046875, 0.61376953125, 0.8935546875, 0.50439453125, 0.36279296875, 0.365234375, 0.467041015625, 0.7197265625, 0.89208984375, 0.638671875, 0.499267578125, 0.457763671875], "adversary_prediction": [0.4464941918849945, 0.34880128502845764, 0.4475797712802887, 0.6269453167915344, 0.3232627213001251, 0.24702006578445435, 0.33703336119651794, 0.515248715877533, 0.5862501263618469, 0.5742502808570862, 0.5321226716041565, 0.5186075568199158, 0.5336335301399231, 0.5328461527824402, 0.5017282366752625, 0.44302889704704285, 0.3976886570453644, 0.37308672070503235]}