{"accuracy": [0.46165236830711365, 0.62392657995224, 0.6310334801673889, 0.6351791620254517, 0.7198697328567505, 0.7530352473258972, 0.662422239780426, 0.6174119114875793, 0.6627184152603149, 0.7690257430076599, 0.796268880367279, 0.7272727489471436, 0.6757476925849915, 0.6778205633163452, 0.7166123986244202, 0.779093861579895, 0.8140361309051514, 0.7989339828491211], "val_accuracy": [0.6328055262565613, 0.6280251145362854, 0.6280251145362854, 0.6955482363700867, 0.741260826587677, 0.6626830101013184, 0.6253361105918884, 0.6605916023254395, 0.763668954372406, 0.7777113914489746, 0.7152674198150635, 0.6579025983810425, 0.6602928042411804, 0.708993136882782, 0.7747236490249634, 0.7992231845855713, 0.7866746187210083, 0.7556020021438599], "p_rule": [0.382080078125, 0.413818359375, 0.3974609375, 0.591796875, 0.8798828125, 0.4609375, 0.364013671875, 0.475830078125, 0.8603515625, 0.712890625, 0.486572265625, 0.40771484375, 0.4091796875, 0.476318359375, 0.59619140625, 0.8037109375, 0.970703125, 0.8134765625], "adversary_prediction": [0.4126770794391632, 0.39395764470100403, 0.43749234080314636, 0.6099916100502014, 0.7079140543937683, 0.6138826012611389, 0.5866135954856873, 0.6119347214698792, 0.607740581035614, 0.5740390419960022, 0.49091872572898865, 0.43786224722862244, 0.4305739104747772, 0.46323737502098083, 0.5170565247535706, 0.5501355528831482, 0.5687609314918518, 0.5763151049613953]}