{"accuracy": [0.5166543126106262, 0.4826054871082306, 0.4826054871082306, 0.4911176860332489, 0.6113989353179932, 0.6883789896965027, 0.5940044522285461, 0.5573649406433105, 0.5769799947738647, 0.6572908759117126, 0.7198371291160583, 0.6961510181427002, 0.6502590775489807, 0.606217622756958, 0.587712824344635, 0.5936343669891357, 0.6143597364425659, 0.6798667907714844], "val_accuracy": [0.4675130546092987, 0.4675130546092987, 0.477221816778183, 0.6064227223396301, 0.6803584694862366, 0.601568341255188, 0.5660941004753113, 0.5828976631164551, 0.6643016934394836, 0.7046303153038025, 0.6837192177772522, 0.6400298476219177, 0.5929798483848572, 0.5690814256668091, 0.5754294395446777, 0.6082897782325745, 0.6616878509521484, 0.7098581194877625], "p_rule": [0.2083740234375, 0.2083740234375, 0.2181396484375, 0.42822265625, 0.78515625, 0.338134765625, 0.26318359375, 0.30029296875, 0.48486328125, 0.87744140625, 0.70068359375, 0.431884765625, 0.338134765625, 0.30615234375, 0.30712890625, 0.3388671875, 0.454833984375, 0.68798828125], "adversary_prediction": [0.0038433291483670473, 0.0038484639953821898, 0.024327468127012253, 0.3057202994823456, 0.48673591017723083, 0.4102809727191925, 0.4053560793399811, 0.4161037504673004, 0.42920979857444763, 0.4163989722728729, 0.3632960617542267, 0.3035958707332611, 0.26072368025779724, 0.24988043308258057, 0.24834296107292175, 0.2705062925815582, 0.3011151850223541, 0.33188459277153015]}