{"accuracy": [0.5388715863227844, 0.47800976037979126, 0.5135495066642761, 0.6836961507797241, 0.6223900318145752, 0.5846290588378906, 0.6423811912536621, 0.718347430229187, 0.7134606838226318, 0.6628165245056152, 0.6237227916717529, 0.6099511384963989, 0.6206130385398865, 0.6601510643959045, 0.7263438701629639, 0.7649933099746704, 0.7374500036239624, 0.6610395312309265], "val_accuracy": [0.4639175236225128, 0.49484536051750183, 0.6750336289405823, 0.6364858746528625, 0.5956969857215881, 0.6530703902244568, 0.7005826830863953, 0.6853429079055786, 0.651277482509613, 0.6095921397209167, 0.5912147164344788, 0.602420449256897, 0.6467951536178589, 0.6992380023002625, 0.7543702125549316, 0.7315105199813843, 0.6638278961181641, 0.6261765956878662], "p_rule": [0.21484375, 0.240966796875, 0.72607421875, 0.399169921875, 0.322509765625, 0.4375, 0.796875, 0.8017578125, 0.5009765625, 0.380859375, 0.35205078125, 0.35498046875, 0.406982421875, 0.572265625, 0.87109375, 0.73486328125, 0.486572265625, 0.3896484375], "adversary_prediction": [0.003848436987027526, 0.08009840548038483, 0.5577223896980286, 0.3855734169483185, 0.3708008825778961, 0.4202973544597626, 0.475800484418869, 0.5034124255180359, 0.46885231137275696, 0.398063987493515, 0.3657432496547699, 0.3667045533657074, 0.3886137902736664, 0.421851247549057, 0.44299277663230896, 0.45034536719322205, 0.44456377625465393, 0.44705966114997864]}