{"accuracy": [0.5065876841545105, 0.5293856263160706, 0.5971872806549072, 0.6799407601356506, 0.6097705364227295, 0.5900813937187195, 0.6198371648788452, 0.7110288739204407, 0.6954848170280457, 0.5530717968940735, 0.5369356274604797, 0.5430051684379578, 0.6005921363830566, 0.7507031559944153, 0.7702442407608032, 0.7033308744430542, 0.6572908759117126, 0.6501850485801697], "val_accuracy": [0.5323375463485718, 0.6017923951148987, 0.6681105494499207, 0.6004480719566345, 0.5873039364814758, 0.6155340075492859, 0.6988797783851624, 0.6900672316551208, 0.5571321845054626, 0.5405526757240295, 0.5463778972625732, 0.5994025468826294, 0.7344287037849426, 0.7653473019599915, 0.6942494511604309, 0.644510805606842, 0.638237476348877, 0.6642270088195801], "p_rule": [0.25, 0.364501953125, 0.77197265625, 0.433837890625, 0.37451171875, 0.419921875, 0.677734375, 0.61669921875, 0.295166015625, 0.261962890625, 0.27197265625, 0.378662109375, 0.81005859375, 0.6787109375, 0.48876953125, 0.424560546875, 0.41650390625, 0.45361328125], "adversary_prediction": [0.34505578875541687, 0.3536446988582611, 0.44662776589393616, 0.3048870265483856, 0.23784050345420837, 0.27614572644233704, 0.3462693393230438, 0.35481730103492737, 0.35530611872673035, 0.3448777496814728, 0.32794418931007385, 0.33368781208992004, 0.31040218472480774, 0.2926881015300751, 0.2647072970867157, 0.24840745329856873, 0.2515616714954376, 0.26925525069236755]}