{"accuracy": [0.550784707069397, 0.6455433964729309, 0.5087355375289917, 0.5780278444290161, 0.7663607001304626, 0.640509307384491, 0.5641101598739624, 0.6091205477714539, 0.7228308916091919, 0.7853124141693115, 0.7391175627708435, 0.6787089109420776, 0.6473200917243958, 0.6544269919395447, 0.7053598165512085, 0.7580692768096924, 0.8010067939758301, 0.7903464436531067], "val_accuracy": [0.6561099290847778, 0.4881983995437622, 0.5593068599700928, 0.7517179846763611, 0.6480430364608765, 0.5763370394706726, 0.6157753467559814, 0.7275171875953674, 0.7696444392204285, 0.7245294451713562, 0.664176881313324, 0.6331042647361755, 0.6423662900924683, 0.6889752149581909, 0.7403644919395447, 0.7815954685211182, 0.7777113914489746, 0.7556020021438599], "p_rule": [0.55224609375, 0.226806640625, 0.286865234375, 0.697265625, 0.43798828125, 0.287353515625, 0.35791015625, 0.6552734375, 0.806640625, 0.499267578125, 0.395751953125, 0.3583984375, 0.364990234375, 0.423095703125, 0.5380859375, 0.7197265625, 0.96435546875, 0.7890625], "adversary_prediction": [0.583243191242218, 0.03810655698180199, 0.11444664001464844, 0.594229519367218, 0.5201048254966736, 0.45721372961997986, 0.4881400763988495, 0.5456122756004333, 0.546453058719635, 0.47167113423347473, 0.4051760733127594, 0.3561120331287384, 0.3651069104671478, 0.4106663763523102, 0.44877365231513977, 0.4864385426044464, 0.5041765570640564, 0.5123932957649231]}