{"accuracy": [0.5564767122268677, 0.5222797989845276, 0.5222797989845276, 0.6414507627487183, 0.6518134474754333, 0.5782383680343628, 0.5772020816802979, 0.6404145359992981, 0.7295336723327637, 0.709326446056366, 0.5668393969535828, 0.5362694263458252, 0.5393782258033752, 0.5994818806648254, 0.7067357301712036, 0.7782383561134338, 0.7445595860481262, 0.6953367590904236], "val_accuracy": [0.5439330339431763, 0.5439330339431763, 0.6715481281280518, 0.6312761306762695, 0.5460250973701477, 0.5460250973701477, 0.6093096137046814, 0.715481162071228, 0.6987447738647461, 0.5800209045410156, 0.5549163222312927, 0.5585774183273315, 0.6066945791244507, 0.7086820006370544, 0.7531380653381348, 0.7201882600784302, 0.6694560647010803, 0.6370292901992798], "p_rule": [0.21923828125, 0.21923828125, 0.5126953125, 0.50439453125, 0.318115234375, 0.31640625, 0.412841796875, 0.70654296875, 0.623046875, 0.29541015625, 0.231689453125, 0.24267578125, 0.351318359375, 0.6259765625, 0.91064453125, 0.6162109375, 0.445556640625, 0.407470703125], "adversary_prediction": [0.34505316615104675, 0.3461150825023651, 0.5097244381904602, 0.33061864972114563, 0.15237408876419067, 0.1724124550819397, 0.27774760127067566, 0.3909217417240143, 0.43914535641670227, 0.419459730386734, 0.4172396957874298, 0.4120073616504669, 0.4108859598636627, 0.40798553824424744, 0.3878052532672882, 0.35830602049827576, 0.3318805396556854, 0.31258830428123474]}