{"accuracy": [0.5331753492355347, 0.4733412265777588, 0.4733412265777588, 0.4733412265777588, 0.4733412265777588, 0.4733412265777588, 0.475118488073349, 0.575236976146698, 0.6409952640533447, 0.5290284156799316, 0.5266587734222412, 0.5266587734222412, 0.5266587734222412, 0.5266587734222412, 0.5290284156799316, 0.578199028968811, 0.6795023679733276, 0.7186018824577332], "val_accuracy": [0.45666468143463135, 0.45666468143463135, 0.45666468143463135, 0.45666468143463135, 0.45666468143463135, 0.45666468143463135, 0.542737603187561, 0.6455469131469727, 0.5463239550590515, 0.5433353185653687, 0.5433353185653687, 0.5433353185653687, 0.5433353185653687, 0.5457262396812439, 0.5929468274116516, 0.6891810894012451, 0.6939629316329956, 0.6598923802375793], "p_rule": [0.23583984375, 0.23583984375, 0.23583984375, 0.23583984375, 0.23583984375, 0.2374267578125, 0.334228515625, 0.51904296875, 0.2384033203125, 0.2357177734375, 0.2357177734375, 0.2357177734375, 0.2357177734375, 0.2357177734375, 0.31884765625, 0.62158203125, 0.86669921875, 0.548828125], "adversary_prediction": [0.00384332868270576, 0.003843355691060424, 0.0038538509979844093, 0.004545900505036116, 0.010974413715302944, 0.046321578323841095, 0.164617121219635, 0.28653404116630554, 0.3274647295475006, 0.3439992368221283, 0.34842637181282043, 0.35053548216819763, 0.35575398802757263, 0.3489067256450653, 0.34755703806877136, 0.3268665373325348, 0.307055801153183, 0.27176228165626526]}