{"accuracy": [0.5349766612052917, 0.6171441078186035, 0.5867199897766113, 0.6640017628669739, 0.7463912963867188, 0.6993115544319153, 0.6533421874046326, 0.6668887138366699, 0.7366200089454651, 0.7939151525497437, 0.7395070195198059, 0.6517876982688904, 0.635354220867157, 0.7041972279548645, 0.7976904511451721, 0.8221185803413391, 0.7879191637039185, 0.7439484596252441], "val_accuracy": [0.6114721298217773, 0.5874971747398376, 0.6603181958198547, 0.7214877605438232, 0.6773470640182495, 0.6365673542022705, 0.6477705836296082, 0.7154380679130554, 0.7768317461013794, 0.730002224445343, 0.6410486102104187, 0.6325341463088989, 0.6903428435325623, 0.7866905927658081, 0.8059601187705994, 0.7757114171981812, 0.7308984994888306, 0.724848747253418], "p_rule": [0.38427734375, 0.319091796875, 0.5048828125, 0.9482421875, 0.51513671875, 0.39404296875, 0.398193359375, 0.52099609375, 0.85400390625, 0.67724609375, 0.4501953125, 0.417724609375, 0.56884765625, 0.9208984375, 0.716796875, 0.5546875, 0.49267578125, 0.479736328125], "adversary_prediction": [0.26593253016471863, 0.3635806143283844, 0.44042709469795227, 0.5838615298271179, 0.45766040682792664, 0.35117581486701965, 0.3399990499019623, 0.424887090921402, 0.5228466391563416, 0.5521029829978943, 0.5465677380561829, 0.5403431057929993, 0.5364490151405334, 0.5146809220314026, 0.48127874732017517, 0.4282320439815521, 0.3888240158557892, 0.3887033760547638]}