{"accuracy": [0.45734596252441406, 0.5462085604667664, 0.6990521550178528, 0.6327013969421387, 0.6842417120933533, 0.7399289011955261, 0.7037914395332336, 0.649289071559906, 0.6315165758132935, 0.6913506984710693, 0.799763023853302, 0.7559241652488708, 0.629146933555603, 0.5912322402000427, 0.625, 0.7055687308311462, 0.7944312691688538, 0.821090042591095], "val_accuracy": [0.5212193727493286, 0.6826061010360718, 0.643753707408905, 0.6820083856582642, 0.7130902409553528, 0.6694560647010803, 0.6180514097213745, 0.6096832156181335, 0.6646742224693298, 0.7758517861366272, 0.7507471442222595, 0.6270173192024231, 0.5929468274116516, 0.6156604886054993, 0.6975492835044861, 0.7878063321113586, 0.7991631627082825, 0.7692767381668091], "p_rule": [0.304443359375, 0.83642578125, 0.476806640625, 0.65478515625, 0.892578125, 0.5556640625, 0.41015625, 0.37109375, 0.457763671875, 0.6826171875, 0.810546875, 0.431640625, 0.349365234375, 0.41015625, 0.62158203125, 0.98828125, 0.70654296875, 0.58203125], "adversary_prediction": [0.07061958312988281, 0.4786812365055084, 0.44789233803749084, 0.49801430106163025, 0.51652592420578, 0.39417579770088196, 0.2900107800960541, 0.2875020205974579, 0.3414674699306488, 0.4129628837108612, 0.4426097571849823, 0.44153591990470886, 0.4423448145389557, 0.44267281889915466, 0.46067550778388977, 0.471378356218338, 0.46448585391044617, 0.45426544547080994]}