{"accuracy": [0.47320106625556946, 0.48534202575683594, 0.6644951105117798, 0.6348830461502075, 0.6043825745582581, 0.6840391159057617, 0.7364524602890015, 0.6861119270324707, 0.6265916228294373, 0.6029019951820374, 0.6230381727218628, 0.6911460161209106, 0.7699141502380371, 0.7613266110420227, 0.6849274635314941, 0.6209653615951538, 0.6150429248809814, 0.652946412563324], "val_accuracy": [0.4705706536769867, 0.6510307788848877, 0.6384822130203247, 0.6151777505874634, 0.6868837475776672, 0.721541702747345, 0.6731401085853577, 0.6080071926116943, 0.5841051936149597, 0.6035255193710327, 0.6692560315132141, 0.7585898041725159, 0.7567971348762512, 0.6871825456619263, 0.6274275183677673, 0.6187630891799927, 0.6570062637329102, 0.7230355739593506], "p_rule": [0.2113037109375, 0.5458984375, 0.415283203125, 0.342529296875, 0.55224609375, 0.9521484375, 0.51123046875, 0.34228515625, 0.311279296875, 0.327880859375, 0.4189453125, 0.677734375, 0.87451171875, 0.54541015625, 0.39501953125, 0.377197265625, 0.468505859375, 0.634765625], "adversary_prediction": [0.012462271377444267, 0.48273393511772156, 0.38777872920036316, 0.3847842514514923, 0.45903220772743225, 0.5069670081138611, 0.4128253161907196, 0.3094111979007721, 0.2608521282672882, 0.28019627928733826, 0.3277961313724518, 0.38505443930625916, 0.4300958216190338, 0.43997707962989807, 0.4429604709148407, 0.44797512888908386, 0.45338770747184753, 0.44429782032966614]}