{"accuracy": [0.5236966609954834, 0.5266587734222412, 0.5266587734222412, 0.5325829386711121, 0.6836493015289307, 0.6611374616622925, 0.6090047359466553, 0.5841231942176819, 0.5906398296356201, 0.6214454770088196, 0.6729857921600342, 0.7351895570755005, 0.6806871891021729, 0.6018957495689392, 0.5687204003334045, 0.5704976320266724, 0.6178910136222839, 0.6925355195999146], "val_accuracy": [0.5433353185653687, 0.5433353185653687, 0.5487148761749268, 0.675433337688446, 0.6222354769706726, 0.5762103796005249, 0.5552899241447449, 0.5588762760162354, 0.5947399735450745, 0.6563060283660889, 0.7208607196807861, 0.683801531791687, 0.599521815776825, 0.5750149488449097, 0.5821877121925354, 0.614465057849884, 0.7023311257362366, 0.7453675866127014], "p_rule": [0.2357177734375, 0.2357177734375, 0.24755859375, 0.677734375, 0.642578125, 0.413818359375, 0.34375, 0.34912109375, 0.405517578125, 0.609375, 0.966796875, 0.56005859375, 0.353515625, 0.298583984375, 0.3076171875, 0.380126953125, 0.587890625, 0.91162109375], "adversary_prediction": [0.34505316615104675, 0.34505876898765564, 0.3524068295955658, 0.4288311302661896, 0.49003180861473083, 0.3957148492336273, 0.3352413475513458, 0.34260299801826477, 0.3745374381542206, 0.40370604395866394, 0.41382232308387756, 0.4113794267177582, 0.40785565972328186, 0.40498462319374084, 0.40892085433006287, 0.4053176939487457, 0.4090096056461334, 0.41170117259025574]}