{"accuracy": [0.4817172586917877, 0.5293856263160706, 0.5304219126701355, 0.6691339612007141, 0.6746113896369934, 0.6380459070205688, 0.6148038506507874, 0.6245743632316589, 0.6666173338890076, 0.7172464728355408, 0.7168023586273193, 0.633012592792511, 0.5783863663673401, 0.5841599106788635, 0.6414507627487183, 0.7412286996841431, 0.7863804697990417, 0.7384160161018372], "val_accuracy": [0.5323375463485718, 0.5338312387466431, 0.6625840067863464, 0.6670649647712708, 0.6295742988586426, 0.6094099879264832, 0.6179237961769104, 0.657953679561615, 0.7041075229644775, 0.7094846963882446, 0.6285287737846375, 0.5805824995040894, 0.5846154093742371, 0.6401792168617249, 0.7362210750579834, 0.7717700004577637, 0.730545163154602, 0.6824495792388916], "p_rule": [0.25, 0.251708984375, 0.6142578125, 0.7880859375, 0.52685546875, 0.458740234375, 0.47119140625, 0.5859375, 0.84814453125, 0.70263671875, 0.4345703125, 0.33203125, 0.3427734375, 0.45458984375, 0.759765625, 0.81494140625, 0.5771484375, 0.4716796875], "adversary_prediction": [0.34505316615104675, 0.3447130024433136, 0.4829727113246918, 0.5667021870613098, 0.44628122448921204, 0.3843770921230316, 0.39993181824684143, 0.4363301694393158, 0.47584232687950134, 0.4746234714984894, 0.45356181263923645, 0.4400726854801178, 0.4381367266178131, 0.4286594092845917, 0.40467992424964905, 0.3808567225933075, 0.3332694470882416, 0.3122193515300751]}