{"accuracy": [0.5010362863540649, 0.48911917209625244, 0.7098445892333984, 0.6056994795799255, 0.6445595622062683, 0.7373057007789612, 0.7378238439559937, 0.677202045917511, 0.6461139917373657, 0.6585492491722107, 0.7217616438865662, 0.795854926109314, 0.7813471555709839, 0.7015544176101685, 0.6393782496452332, 0.6606217622756958, 0.719689130783081, 0.783419668674469], "val_accuracy": [0.46495816111564636, 0.6987447738647461, 0.616108775138855, 0.6459205150604248, 0.7358786463737488, 0.714958131313324, 0.6474895477294922, 0.6066945791244507, 0.6229079365730286, 0.6956067085266113, 0.7771966457366943, 0.7724895477294922, 0.6872385144233704, 0.642259418964386, 0.650627613067627, 0.7107740640640259, 0.7662134170532227, 0.8038703203201294], "p_rule": [0.220703125, 0.84814453125, 0.364013671875, 0.427490234375, 0.861328125, 0.60595703125, 0.419189453125, 0.37255859375, 0.386474609375, 0.462158203125, 0.66943359375, 0.9580078125, 0.5927734375, 0.4609375, 0.480224609375, 0.64794921875, 0.916015625, 0.7529296875], "adversary_prediction": [0.027456220239400864, 0.5876964926719666, 0.396921843290329, 0.43040087819099426, 0.592244565486908, 0.585412323474884, 0.4647270143032074, 0.37868109345436096, 0.3840538561344147, 0.44934841990470886, 0.5203292965888977, 0.5526420474052429, 0.549457848072052, 0.5389500260353088, 0.5468751788139343, 0.5506584048271179, 0.5486500859260559, 0.5409120917320251]}