{"accuracy": [0.5017772316932678, 0.7340047359466553, 0.5930094718933105, 0.7778435945510864, 0.5604265332221985, 0.6688388586044312, 0.8027251362800598, 0.6877962350845337, 0.6398104429244995, 0.6848341226577759, 0.7867298722267151, 0.8199052214622498, 0.7535545229911804, 0.6919431090354919, 0.6954976320266724, 0.754146933555603, 0.8139810562133789, 0.8406398296356201], "val_accuracy": [0.7083083987236023, 0.5708308219909668, 0.773460865020752, 0.5708308219909668, 0.6527196764945984, 0.7907949686050415, 0.671249270439148, 0.6258218884468079, 0.6658697128295898, 0.7615062594413757, 0.8033472895622253, 0.73221755027771, 0.6772265434265137, 0.684997022151947, 0.7340107560157776, 0.8009563684463501, 0.8123131990432739, 0.7788404226303101], "p_rule": [0.818359375, 0.354736328125, 0.8173828125, 0.29150390625, 0.49755859375, 0.705078125, 0.43505859375, 0.3857421875, 0.43310546875, 0.57177734375, 0.8818359375, 0.6982421875, 0.52099609375, 0.529296875, 0.71044921875, 1.0, 0.7880859375, 0.63427734375], "adversary_prediction": [0.5878543257713318, 0.27600225806236267, 0.6783091425895691, 0.4664042890071869, 0.6024181246757507, 0.6382308602333069, 0.4925282895565033, 0.4068088233470917, 0.47406211495399475, 0.586713969707489, 0.6541072726249695, 0.6377440094947815, 0.6060009598731995, 0.6073057055473328, 0.6416361927986145, 0.6371791958808899, 0.6487501263618469, 0.6231409907341003]}