{"accuracy": [0.5094786882400513, 0.5266587734222412, 0.5266587734222412, 0.5266587734222412, 0.5266587734222412, 0.5586493015289307, 0.7120853066444397, 0.6244075894355774, 0.5586493015289307, 0.5408768057823181, 0.5426540374755859, 0.5592417120933533, 0.6214454770088196, 0.7091231942176819, 0.7274881601333618, 0.6409952640533447, 0.5616113543510437, 0.5420616269111633], "val_accuracy": [0.5433353185653687, 0.5433353185653687, 0.5433353185653687, 0.5433353185653687, 0.5630603432655334, 0.6963538527488708, 0.5959354639053345, 0.5367603302001953, 0.520621657371521, 0.5224148035049438, 0.542737603187561, 0.5929468274116516, 0.6861924529075623, 0.723849356174469, 0.644949197769165, 0.5696353912353516, 0.551105797290802, 0.551105797290802], "p_rule": [0.2357177734375, 0.2357177734375, 0.2357177734375, 0.2357177734375, 0.29541015625, 0.9248046875, 0.44775390625, 0.323974609375, 0.293701171875, 0.300537109375, 0.323974609375, 0.423095703125, 0.65966796875, 0.87353515625, 0.45751953125, 0.29931640625, 0.26171875, 0.2587890625], "adversary_prediction": [0.34505316615104675, 0.3450533449649811, 0.34523066878318787, 0.3546395003795624, 0.43727919459342957, 0.5044352412223816, 0.3917447030544281, 0.29476889967918396, 0.26079878211021423, 0.2697760760784149, 0.30452844500541687, 0.3442014157772064, 0.37772491574287415, 0.4017605483531952, 0.4041888415813446, 0.4127039611339569, 0.404198557138443, 0.40705016255378723]}