{"accuracy": [0.48341232538223267, 0.6350710988044739, 0.603672981262207, 0.6848341226577759, 0.7375592589378357, 0.6723933815956116, 0.6362559199333191, 0.6818720102310181, 0.7885071039199829, 0.7642180323600769, 0.6303317546844482, 0.6066350936889648, 0.6552132964134216, 0.7695497870445251, 0.8187204003334045, 0.799763023853302, 0.7470378875732422, 0.7387440800666809], "val_accuracy": [0.6084877252578735, 0.6066945791244507, 0.6915720105171204, 0.715481162071228, 0.6467424035072327, 0.6090855002403259, 0.6580992341041565, 0.7525403499603271, 0.7543335556983948, 0.6240286827087402, 0.6037059426307678, 0.6407650709152222, 0.7531380653381348, 0.8117154836654663, 0.7842199802398682, 0.7381948828697205, 0.7226539254188538, 0.7381948828697205], "p_rule": [0.4365234375, 0.36572265625, 0.55615234375, 0.87939453125, 0.48583984375, 0.398681640625, 0.474365234375, 0.66162109375, 0.84912109375, 0.444091796875, 0.376953125, 0.48583984375, 0.8330078125, 0.76220703125, 0.56298828125, 0.52099609375, 0.5068359375, 0.52197265625], "adversary_prediction": [0.395104318857193, 0.3701952397823334, 0.4551820456981659, 0.6175389885902405, 0.47261151671409607, 0.40607449412345886, 0.43790605664253235, 0.5510689616203308, 0.5840469002723694, 0.5671011805534363, 0.5630982518196106, 0.5663538575172424, 0.5795789361000061, 0.5473218560218811, 0.49452897906303406, 0.4738944470882416, 0.4758506119251251, 0.502752959728241]}