{"accuracy": [0.49170616269111633, 0.4733412265777588, 0.4763033092021942, 0.5550947785377502, 0.6824644804000854, 0.6510663628578186, 0.575236976146698, 0.5906398296356201, 0.6587677597999573, 0.7091231942176819, 0.7150474190711975, 0.6540284156799316, 0.6090047359466553, 0.5930094718933105, 0.6090047359466553, 0.6451421976089478, 0.703199028968811, 0.7636256217956543], "val_accuracy": [0.45666468143463135, 0.45786014199256897, 0.5283921360969543, 0.653317391872406, 0.6407650709152222, 0.5875672698020935, 0.6007172465324402, 0.6586969494819641, 0.7005379796028137, 0.6855947375297546, 0.6317991614341736, 0.5965331792831421, 0.5738194584846497, 0.5851763486862183, 0.6198446154594421, 0.6808128952980042, 0.7387925982475281, 0.75672447681427], "p_rule": [0.23583984375, 0.2384033203125, 0.322021484375, 0.73095703125, 0.487060546875, 0.3115234375, 0.334228515625, 0.509765625, 0.85498046875, 0.701171875, 0.44384765625, 0.362548828125, 0.33642578125, 0.338623046875, 0.382568359375, 0.501953125, 0.70654296875, 0.93603515625], "adversary_prediction": [0.003843609942123294, 0.006535754539072514, 0.12913745641708374, 0.4253290593624115, 0.4378192722797394, 0.41254934668540955, 0.42966583371162415, 0.44289448857307434, 0.4512871205806732, 0.4050944149494171, 0.3345852196216583, 0.29698947072029114, 0.27620968222618103, 0.28535398840904236, 0.32020118832588196, 0.35501137375831604, 0.3736428916454315, 0.40560802817344666]}