{"accuracy": [0.525473952293396, 0.5266587734222412, 0.5266587734222412, 0.5266587734222412, 0.5266587734222412, 0.5266587734222412, 0.5272511839866638, 0.6119668483734131, 0.6617298722267151, 0.5675355195999146, 0.524289071559906, 0.5047393441200256, 0.504146933555603, 0.5077013969421387, 0.5296208262443542, 0.5675355195999146, 0.625, 0.6943128108978271], "val_accuracy": [0.5433353185653687, 0.5433353185653687, 0.5433353185653687, 0.5433353185653687, 0.5433353185653687, 0.5433353185653687, 0.6204423308372498, 0.6407650709152222, 0.5337716937065125, 0.49850568175315857, 0.48117154836654663, 0.47818291187286377, 0.48774656653404236, 0.5044829845428467, 0.5409443974494934, 0.6072922945022583, 0.662881076335907, 0.7035266160964966], "p_rule": [0.2357177734375, 0.2357177734375, 0.2357177734375, 0.2357177734375, 0.2357177734375, 0.2357177734375, 0.422119140625, 0.7138671875, 0.32080078125, 0.270263671875, 0.2568359375, 0.252197265625, 0.2587890625, 0.27392578125, 0.311767578125, 0.42919921875, 0.72802734375, 0.8251953125], "adversary_prediction": [0.34505316615104675, 0.34505316615104675, 0.3450581729412079, 0.3452703058719635, 0.3479173481464386, 0.3613493740558624, 0.39368030428886414, 0.3247840702533722, 0.25258561968803406, 0.18176671862602234, 0.15505057573318481, 0.15699142217636108, 0.17456212639808655, 0.20464149117469788, 0.24456149339675903, 0.28590258955955505, 0.3184819519519806, 0.34330472350120544]}