{"accuracy": [0.5039229989051819, 0.47061437368392944, 0.47061437368392944, 0.47061437368392944, 0.47327905893325806, 0.5133974552154541, 0.5983715653419495, 0.6675055623054504, 0.6220577359199524, 0.5354552268981934, 0.5299777984619141, 0.5304219126701355, 0.5515913963317871, 0.6297557353973389, 0.6846780180931091, 0.6818652749061584, 0.6415988206863403, 0.6034048795700073], "val_accuracy": [0.46766242384910583, 0.46766242384910583, 0.46766242384910583, 0.47020164132118225, 0.5090366005897522, 0.594772219657898, 0.6527259349822998, 0.6156833171844482, 0.5381628274917603, 0.532636284828186, 0.5330843925476074, 0.5523524880409241, 0.6237490773200989, 0.6748319864273071, 0.6684092879295349, 0.6351008415222168, 0.5988050699234009, 0.5728155374526978], "p_rule": [0.25, 0.25, 0.25, 0.251953125, 0.29736328125, 0.51123046875, 0.986328125, 0.43798828125, 0.259033203125, 0.250244140625, 0.251220703125, 0.285400390625, 0.447265625, 0.77587890625, 0.81787109375, 0.55517578125, 0.42431640625, 0.3623046875], "adversary_prediction": [0.0038433291483670473, 0.0038434923626482487, 0.0038484083488583565, 0.01082610059529543, 0.08610637485980988, 0.2663581669330597, 0.3905823528766632, 0.3784753978252411, 0.3684810698032379, 0.36808666586875916, 0.3661307990550995, 0.36186525225639343, 0.34700509905815125, 0.3138976991176605, 0.2777145802974701, 0.236440509557724, 0.21149727702140808, 0.19513115286827087]}