{"accuracy": [0.49896374344825745, 0.50829017162323, 0.6979274749755859, 0.6191709637641907, 0.7036269307136536, 0.7284973859786987, 0.6730570197105408, 0.6435233354568481, 0.6715025901794434, 0.7564767003059387, 0.798963725566864, 0.6906735897064209, 0.6077719926834106, 0.6316062211990356, 0.7170984745025635, 0.8056994676589966, 0.8305699229240417, 0.7839378118515015], "val_accuracy": [0.48064854741096497, 0.6971757411956787, 0.6218619346618652, 0.7013598084449768, 0.7050209045410156, 0.6490585803985596, 0.6134937405586243, 0.6349372267723083, 0.7296025156974792, 0.7839958071708679, 0.6725941300392151, 0.6098326444625854, 0.625523030757904, 0.7003138065338135, 0.7975941300392151, 0.7918410301208496, 0.7599372267723083, 0.7296025156974792], "p_rule": [0.2371826171875, 0.7841796875, 0.388427734375, 0.65283203125, 0.7900390625, 0.46875, 0.380615234375, 0.3994140625, 0.53173828125, 0.93017578125, 0.55615234375, 0.370849609375, 0.410888671875, 0.6435546875, 0.9453125, 0.68017578125, 0.5625, 0.501953125], "adversary_prediction": [0.04923349618911743, 0.4469282329082489, 0.3712927997112274, 0.4618047773838043, 0.5961164832115173, 0.536521852016449, 0.46232542395591736, 0.46475932002067566, 0.5040635466575623, 0.514028012752533, 0.5064062476158142, 0.49716290831565857, 0.5049421191215515, 0.5169503092765808, 0.5220759510993958, 0.5158191323280334, 0.5063078999519348, 0.4920583665370941]}