{"accuracy": [0.5170984268188477, 0.5222797989845276, 0.5222797989845276, 0.5222797989845276, 0.5222797989845276, 0.5222797989845276, 0.5259067416191101, 0.6637305617332458, 0.6295337080955505, 0.5725388526916504, 0.5336787700653076, 0.5165802836418152, 0.5150259137153625, 0.5279792547225952, 0.5569947957992554, 0.6093264222145081, 0.6782383322715759, 0.6974093317985535], "val_accuracy": [0.5439330339431763, 0.5439330339431763, 0.5439330339431763, 0.5439330339431763, 0.5439330339431763, 0.5470711588859558, 0.6731171607971191, 0.6213389039039612, 0.5397489666938782, 0.5062761306762695, 0.4932008385658264, 0.4937238395214081, 0.4984309673309326, 0.5235355496406555, 0.5915272235870361, 0.6574267745018005, 0.7029288411140442, 0.6527196764945984], "p_rule": [0.21923828125, 0.21923828125, 0.21923828125, 0.21923828125, 0.21923828125, 0.2269287109375, 0.72998046875, 0.55615234375, 0.32373046875, 0.275634765625, 0.2435302734375, 0.245849609375, 0.259033203125, 0.284912109375, 0.400390625, 0.697265625, 0.85400390625, 0.482177734375], "adversary_prediction": [0.34505316615104675, 0.34505316615104675, 0.34505364298820496, 0.34513726830482483, 0.3474959433078766, 0.3757839500904083, 0.43965479731559753, 0.3991633355617523, 0.30876174569129944, 0.2420676052570343, 0.2107645571231842, 0.21879634261131287, 0.24338063597679138, 0.26491567492485046, 0.3045317828655243, 0.32539764046669006, 0.3396500051021576, 0.35250940918922424]}