{"accuracy": [0.5281273126602173, 0.5173945426940918, 0.5173945426940918, 0.5173945426940918, 0.5173945426940918, 0.5692079663276672, 0.7005921602249146, 0.5988156795501709, 0.5551443099975586, 0.5399703979492188, 0.5473723411560059, 0.5636565685272217, 0.6369355916976929, 0.7231680154800415, 0.7257586717605591, 0.6132494211196899, 0.5473723411560059, 0.5303478837013245], "val_accuracy": [0.5324869155883789, 0.5324869155883789, 0.5324869155883789, 0.5324869155883789, 0.5780433416366577, 0.6975354552268982, 0.6038088202476501, 0.5448095798492432, 0.5298730134963989, 0.5336071848869324, 0.5649738907814026, 0.6351755261421204, 0.7072442173957825, 0.7225541472434998, 0.6247199177742004, 0.5578790307044983, 0.5448095798492432, 0.5485436916351318], "p_rule": [0.20849609375, 0.20849609375, 0.20849609375, 0.20849609375, 0.294189453125, 0.85693359375, 0.377197265625, 0.28955078125, 0.26318359375, 0.269287109375, 0.302734375, 0.391357421875, 0.666015625, 0.7822265625, 0.386962890625, 0.26318359375, 0.2327880859375, 0.24169921875], "adversary_prediction": [0.34505316615104675, 0.3450532853603363, 0.3450981676578522, 0.3490969240665436, 0.40633633732795715, 0.5061329007148743, 0.3947044312953949, 0.28735312819480896, 0.25513574481010437, 0.27309706807136536, 0.3163199722766876, 0.37219712138175964, 0.41269537806510925, 0.431319922208786, 0.4357171952724457, 0.42417100071907043, 0.4281673729419708, 0.4289434850215912]}