{"accuracy": [0.449644535779953, 0.6593601703643799, 0.6024881601333618, 0.633293867111206, 0.7422986030578613, 0.7126777172088623, 0.6380331516265869, 0.6676540374755859, 0.7802132964134216, 0.7843601703643799, 0.6830568909645081, 0.6380331516265869, 0.6646919250488281, 0.7571089863777161, 0.8175355195999146, 0.7985782027244568, 0.7381516695022583, 0.7073459625244141], "val_accuracy": [0.6670651435852051, 0.589958131313324, 0.6234309673309326, 0.7172743678092957, 0.7178720831871033, 0.631201446056366, 0.6598923802375793, 0.7692767381668091, 0.7728631496429443, 0.6790197491645813, 0.6246263980865479, 0.6640765070915222, 0.7453675866127014, 0.8147041201591492, 0.7782427072525024, 0.7280334830284119, 0.6963538527488708, 0.7124925255775452], "p_rule": [0.5068359375, 0.366943359375, 0.42822265625, 0.75634765625, 0.66748046875, 0.417236328125, 0.491455078125, 0.9580078125, 0.5986328125, 0.448974609375, 0.403076171875, 0.4208984375, 0.5400390625, 0.7119140625, 0.9462890625, 0.71337890625, 0.5986328125, 0.64501953125], "adversary_prediction": [0.43599268794059753, 0.27972838282585144, 0.3731497824192047, 0.6544002890586853, 0.6069532036781311, 0.5175963044166565, 0.5631431937217712, 0.6422235369682312, 0.5225825905799866, 0.40467265248298645, 0.34817221760749817, 0.4016062915325165, 0.4729653298854828, 0.5550983548164368, 0.5795494914054871, 0.5775629878044128, 0.5720860362052917, 0.5798186659812927]}