{"accuracy": [0.5212081074714661, 0.5227625966072083, 0.5227625966072083, 0.5227625966072083, 0.5227625966072083, 0.5227625966072083, 0.5227625966072083, 0.5227625966072083, 0.6897623538970947, 0.5771707892417908, 0.4967799186706543, 0.4850099980831146, 0.48145681619644165, 0.4803464412689209, 0.48167887330055237, 0.4847879111766815, 0.4954474866390228, 0.5369753241539001], "val_accuracy": [0.5267757177352905, 0.5267757177352905, 0.5267757177352905, 0.5267757177352905, 0.5267757177352905, 0.5267757177352905, 0.5267757177352905, 0.6728658080101013, 0.5655388832092285, 0.49428635835647583, 0.47927403450012207, 0.4770333766937256, 0.4765852689743042, 0.47725746035575867, 0.4790499806404114, 0.4889087975025177, 0.5299125909805298, 0.6251400113105774], "p_rule": [0.2193603515625, 0.2193603515625, 0.2193603515625, 0.2193603515625, 0.2193603515625, 0.2193603515625, 0.2193603515625, 0.72509765625, 0.33740234375, 0.234375, 0.2208251953125, 0.2186279296875, 0.2196044921875, 0.2186279296875, 0.2208251953125, 0.22998046875, 0.275634765625, 0.496826171875], "adversary_prediction": [0.34505316615104675, 0.34505316615104675, 0.3450547158718109, 0.3451795279979706, 0.34707120060920715, 0.35711267590522766, 0.36972102522850037, 0.3720327317714691, 0.2861051857471466, 0.20475926995277405, 0.15696698427200317, 0.14005443453788757, 0.1402948498725891, 0.15226057171821594, 0.17402037978172302, 0.20411992073059082, 0.2393028736114502, 0.26772597432136536]}