{"accuracy": [0.518578827381134, 0.5293856263160706, 0.6547742486000061, 0.6233900785446167, 0.5875647664070129, 0.6241302490234375, 0.7092524170875549, 0.6981495022773743, 0.5733530521392822, 0.5478904247283936, 0.5859363675117493, 0.7019985318183899, 0.7703922986984253, 0.72479647397995, 0.6649888753890991, 0.6418948769569397, 0.6615840196609497, 0.7096965312957764], "val_accuracy": [0.5323375463485718, 0.6498879790306091, 0.6074682474136353, 0.5737117528915405, 0.6103062033653259, 0.7014189958572388, 0.6920089721679688, 0.5787901282310486, 0.5557879209518433, 0.5940253734588623, 0.6954443454742432, 0.7638536095619202, 0.7221807241439819, 0.6573562622070312, 0.6312173008918762, 0.6527259349822998, 0.7070948481559753, 0.7608663439750671], "p_rule": [0.25, 0.56201171875, 0.5341796875, 0.400146484375, 0.463134765625, 0.7822265625, 0.603515625, 0.31884765625, 0.282958984375, 0.34423828125, 0.61083984375, 0.88037109375, 0.5556640625, 0.447998046875, 0.423828125, 0.44775390625, 0.50537109375, 0.63232421875], "adversary_prediction": [0.3450535833835602, 0.46875640749931335, 0.37926480174064636, 0.26618722081184387, 0.3289601504802704, 0.4595806896686554, 0.4569513499736786, 0.41450849175453186, 0.40179434418678284, 0.39790794253349304, 0.39612188935279846, 0.36756351590156555, 0.31444743275642395, 0.2849385440349579, 0.26751068234443665, 0.29123976826667786, 0.33170291781425476, 0.3722505271434784]}