{"accuracy": [0.4886716902256012, 0.6796979308128357, 0.5450910925865173, 0.7494446635246277, 0.5992891788482666, 0.5717458724975586, 0.7045757174491882, 0.7863171696662903, 0.6570413112640381, 0.6019546985626221, 0.6294980049133301, 0.7307863235473633, 0.8107507824897766, 0.7925366759300232, 0.7223456501960754, 0.678809404373169, 0.6974678039550781, 0.7534429430961609], "val_accuracy": [0.664276123046875, 0.5620797872543335, 0.7373375296592712, 0.5916629433631897, 0.5616315603256226, 0.6871358156204224, 0.7745405435562134, 0.6687583923339844, 0.6042133569717407, 0.6346929669380188, 0.7328552007675171, 0.788435697555542, 0.7624383568763733, 0.7064096927642822, 0.67144775390625, 0.6884804964065552, 0.7350963950157166, 0.7794710993766785], "p_rule": [0.67529296875, 0.260498046875, 0.87890625, 0.332763671875, 0.288330078125, 0.445556640625, 0.95556640625, 0.47412109375, 0.339111328125, 0.375, 0.642578125, 0.8837890625, 0.56640625, 0.4599609375, 0.426513671875, 0.439453125, 0.5146484375, 0.625], "adversary_prediction": [0.5257404446601868, 0.3932666480541229, 0.6269062161445618, 0.21822479367256165, 0.17628076672554016, 0.3798973858356476, 0.5900831818580627, 0.5741682648658752, 0.5334379076957703, 0.5473029017448425, 0.5677902102470398, 0.5512499213218689, 0.5003636479377747, 0.44050440192222595, 0.4255719482898712, 0.4490509331226349, 0.4881329834461212, 0.5390945076942444]}