{"accuracy": [0.5266469120979309, 0.5173945426940918, 0.5173945426940918, 0.5270169973373413, 0.6846780180931091, 0.6550703048706055, 0.5969651937484741, 0.576239824295044, 0.5832716226577759, 0.6295337080955505, 0.6998519897460938, 0.7246484160423279, 0.6373056769371033, 0.5529237389564514, 0.5399703979492188, 0.5540340542793274, 0.5969651937484741, 0.7050333023071289], "val_accuracy": [0.5324869155883789, 0.5324869155883789, 0.5414488315582275, 0.668782651424408, 0.6258401870727539, 0.5832710862159729, 0.5657206773757935, 0.5746825933456421, 0.6172516942024231, 0.68147873878479, 0.7150858640670776, 0.641523540019989, 0.5675877332687378, 0.5519043803215027, 0.5623599886894226, 0.6138909459114075, 0.7023898363113403, 0.7546676397323608], "p_rule": [0.20849609375, 0.20849609375, 0.2210693359375, 0.732421875, 0.611328125, 0.375, 0.31982421875, 0.3251953125, 0.40380859375, 0.68994140625, 0.80126953125, 0.41943359375, 0.265380859375, 0.24169921875, 0.259033203125, 0.35791015625, 0.6162109375, 0.9677734375], "adversary_prediction": [0.34505316615104675, 0.3450542986392975, 0.3455551564693451, 0.46257880330085754, 0.43958041071891785, 0.3356219232082367, 0.26739898324012756, 0.29120418429374695, 0.3205094635486603, 0.35983356833457947, 0.3773777186870575, 0.37883397936820984, 0.3713119924068451, 0.38705673813819885, 0.3653457462787628, 0.3779861032962799, 0.36371108889579773, 0.3453620970249176]}