{"accuracy": [0.4557974338531494, 0.47978675365448, 0.6610395312309265, 0.5513105392456055, 0.5655264258384705, 0.6903598308563232, 0.7285650968551636, 0.6792536377906799, 0.6343846917152405, 0.616614818572998, 0.636605978012085, 0.6832519173622131, 0.7387827634811401, 0.7672145962715149, 0.7356730103492737, 0.6765881776809692, 0.6446024179458618, 0.6534873247146606], "val_accuracy": [0.4639175236225128, 0.6441057920455933, 0.5611833333969116, 0.5759748816490173, 0.6929628252983093, 0.713581383228302, 0.6624832153320312, 0.6122815012931824, 0.6015239953994751, 0.6163155436515808, 0.6656208038330078, 0.7252353429794312, 0.7543702125549316, 0.7364410758018494, 0.6808605790138245, 0.6472433805465698, 0.6481398344039917, 0.6817570328712463], "p_rule": [0.2154541015625, 0.46533203125, 0.270263671875, 0.29296875, 0.64892578125, 0.77978515625, 0.493896484375, 0.366943359375, 0.335205078125, 0.3544921875, 0.440185546875, 0.62060546875, 0.8994140625, 0.73681640625, 0.52197265625, 0.441650390625, 0.444091796875, 0.5302734375], "adversary_prediction": [0.005452785640954971, 0.36042121052742004, 0.42582425475120544, 0.4505297839641571, 0.5546818375587463, 0.5505406260490417, 0.4155818521976471, 0.31488338112831116, 0.28300508856773376, 0.3025430738925934, 0.36901870369911194, 0.4383085072040558, 0.48813799023628235, 0.5075034499168396, 0.49604883790016174, 0.4972797930240631, 0.5004422068595886, 0.4956319034099579]}