{"accuracy": [0.4491337239742279, 0.5357618927955627, 0.6854731440544128, 0.6215015649795532, 0.650377631187439, 0.7258995771408081, 0.7307863235473633, 0.6414926648139954, 0.6183918118476868, 0.7112394571304321, 0.8049755692481995, 0.7498889565467834, 0.6619280576705933, 0.6423811912536621, 0.7005774974822998, 0.7805419564247131, 0.8196356892585754, 0.8036428093910217], "val_accuracy": [0.5504258275032043, 0.6683101654052734, 0.5974898934364319, 0.6320036053657532, 0.7131330966949463, 0.7283729314804077, 0.6467951536178589, 0.6288659572601318, 0.7019273638725281, 0.7924697399139404, 0.7445091605186462, 0.651277482509613, 0.6337965130805969, 0.6943075060844421, 0.7687135934829712, 0.8045719265937805, 0.7857462763786316, 0.7525773048400879], "p_rule": [0.2408447265625, 0.70458984375, 0.410400390625, 0.47509765625, 0.75, 0.6865234375, 0.406982421875, 0.373291015625, 0.5927734375, 0.83935546875, 0.50830078125, 0.4033203125, 0.386962890625, 0.44873046875, 0.56298828125, 0.77099609375, 0.96044921875, 0.75439453125], "adversary_prediction": [0.3455367982387543, 0.5922901034355164, 0.4085424840450287, 0.45746758580207825, 0.582599937915802, 0.5617253184318542, 0.4980148375034332, 0.5037888884544373, 0.5211120247840881, 0.5015361905097961, 0.4054982364177704, 0.33434030413627625, 0.3328149616718292, 0.3693753182888031, 0.4436661899089813, 0.49034199118614197, 0.5237120985984802, 0.5210996270179749]}