{"accuracy": [0.47793900966644287, 0.48149245977401733, 0.48149245977401733, 0.48149245977401733, 0.498667448759079, 0.6757476925849915, 0.5223571062088013, 0.519099771976471, 0.5312407612800598, 0.6573882102966309, 0.7151317596435547, 0.6733787655830383, 0.6203731298446655, 0.6008291244506836, 0.5978679060935974, 0.6200770139694214, 0.6541308760643005, 0.6929227113723755], "val_accuracy": [0.46668657660484314, 0.46668657660484314, 0.46668657660484314, 0.48013144731521606, 0.676725447177887, 0.5392889380455017, 0.5348072648048401, 0.5455631613731384, 0.6635793447494507, 0.7122796773910522, 0.6585001349449158, 0.6115924715995789, 0.5879892706871033, 0.5873916745185852, 0.6065133213996887, 0.6432626247406006, 0.6806095242500305, 0.7069017291069031], "p_rule": [0.2078857421875, 0.2078857421875, 0.2078857421875, 0.21484375, 0.77685546875, 0.2138671875, 0.2103271484375, 0.2293701171875, 0.49951171875, 0.87939453125, 0.51025390625, 0.373046875, 0.337646484375, 0.338134765625, 0.36572265625, 0.4453125, 0.59619140625, 0.7890625], "adversary_prediction": [0.003843330778181553, 0.0038482900708913803, 0.0059839473105967045, 0.056884050369262695, 0.3205637037754059, 0.3502638638019562, 0.3633597791194916, 0.38650426268577576, 0.3932439386844635, 0.3721958100795746, 0.3298055827617645, 0.30284401774406433, 0.2856133282184601, 0.29118290543556213, 0.3086604177951813, 0.33635321259498596, 0.36864539980888367, 0.39342018961906433]}