{"accuracy": [0.471685528755188, 0.5232067704200745, 0.7064179182052612, 0.6280257701873779, 0.6240284442901611, 0.6695536375045776, 0.7455030083656311, 0.6804352402687073, 0.5789473652839661, 0.5742838382720947, 0.6557850241661072, 0.7765933871269226, 0.7705973982810974, 0.6824339032173157, 0.6335775852203369, 0.6528980731964111, 0.709082841873169, 0.7768154740333557], "val_accuracy": [0.5276719927787781, 0.6724176406860352, 0.6186421513557434, 0.6099036335945129, 0.6551646590232849, 0.7116289734840393, 0.6789155006408691, 0.5845843553543091, 0.5789827704429626, 0.6509074568748474, 0.763611912727356, 0.7481514811515808, 0.673089861869812, 0.6309657096862793, 0.6394801735877991, 0.6954963207244873, 0.7544252872467041, 0.7911718487739563], "p_rule": [0.2203369140625, 0.96533203125, 0.47021484375, 0.4169921875, 0.53271484375, 0.91259765625, 0.5498046875, 0.31103515625, 0.302978515625, 0.480224609375, 0.99609375, 0.57666015625, 0.412353515625, 0.3603515625, 0.380126953125, 0.441650390625, 0.56884765625, 0.7841796875], "adversary_prediction": [0.3448549211025238, 0.6207209229469299, 0.46608737111091614, 0.41703686118125916, 0.499574214220047, 0.5829182267189026, 0.5738896727561951, 0.5523762106895447, 0.5319860577583313, 0.5432508587837219, 0.506269633769989, 0.43523940443992615, 0.3698113262653351, 0.34445223212242126, 0.34592023491859436, 0.3810146152973175, 0.43360933661460876, 0.4735320508480072]}