{"accuracy": [0.47527390718460083, 0.48149245977401733, 0.48149245977401733, 0.48149245977401733, 0.49777910113334656, 0.6573882102966309, 0.599644660949707, 0.536274790763855, 0.5306485295295715, 0.5552265048027039, 0.6316257119178772, 0.708617091178894, 0.6884809136390686, 0.6387326121330261, 0.5978679060935974, 0.5780278444290161, 0.582469642162323, 0.6070476770401001], "val_accuracy": [0.46668657660484314, 0.46668657660484314, 0.46668657660484314, 0.4819241166114807, 0.6561099290847778, 0.5999402403831482, 0.5491484999656677, 0.5440692901611328, 0.5646848082542419, 0.6366895437240601, 0.6895727515220642, 0.6695548295974731, 0.6211532950401306, 0.5733492970466614, 0.5575141906738281, 0.5634896755218506, 0.5894831418991089, 0.641768753528595], "p_rule": [0.2078857421875, 0.2078857421875, 0.2078857421875, 0.224853515625, 0.599609375, 0.39453125, 0.2381591796875, 0.2333984375, 0.265625, 0.449462890625, 0.88671875, 0.6044921875, 0.39453125, 0.32568359375, 0.302490234375, 0.306396484375, 0.335693359375, 0.412109375], "adversary_prediction": [0.003843329381197691, 0.0038438676856458187, 0.004554571583867073, 0.030363939702510834, 0.24017611145973206, 0.35177692770957947, 0.3489597737789154, 0.3510291278362274, 0.3602959215641022, 0.34556975960731506, 0.31648489832878113, 0.27248415350914, 0.22925561666488647, 0.20671939849853516, 0.19779077172279358, 0.20211532711982727, 0.2211717963218689, 0.24414604902267456]}