{"accuracy": [0.4811195135116577, 0.5219902396202087, 0.5219902396202087, 0.6908040642738342, 0.637050211429596, 0.5824078321456909, 0.5864060521125793, 0.6614837646484375, 0.747223436832428, 0.6605952978134155, 0.5797423124313354, 0.5624167323112488, 0.5984007120132446, 0.6974678039550781, 0.7796534895896912, 0.7592180967330933, 0.6908040642738342, 0.6494891047477722], "val_accuracy": [0.5360824465751648, 0.5365307331085205, 0.7046167850494385, 0.6364858746528625, 0.5764231085777283, 0.5813536643981934, 0.6490362882614136, 0.7288211584091187, 0.664276123046875, 0.5925593972206116, 0.5768713355064392, 0.6064544916152954, 0.6902734041213989, 0.7651277184486389, 0.7404751181602478, 0.6808605790138245, 0.6396234631538391, 0.6360376477241516], "p_rule": [0.2147216796875, 0.2147216796875, 0.666015625, 0.47802734375, 0.31884765625, 0.3359375, 0.48193359375, 0.9306640625, 0.49853515625, 0.3095703125, 0.279541015625, 0.343994140625, 0.57958984375, 0.99365234375, 0.62890625, 0.44775390625, 0.376708984375, 0.3759765625], "adversary_prediction": [0.34505316615104675, 0.34562698006629944, 0.5551621317863464, 0.45797279477119446, 0.30124446749687195, 0.31541869044303894, 0.4008941948413849, 0.4437820017337799, 0.4545743763446808, 0.43967726826667786, 0.4385513365268707, 0.4383346140384674, 0.43136653304100037, 0.42121848464012146, 0.381723016500473, 0.35706081986427307, 0.34041640162467957, 0.3386612832546234]}