{"accuracy": [0.47342708706855774, 0.47061437368392944, 0.47549962997436523, 0.5905255079269409, 0.6931161880493164, 0.6111028790473938, 0.5634344816207886, 0.5803108811378479, 0.668097734451294, 0.7239082455635071, 0.6919319033622742, 0.6341968774795532, 0.587712824344635, 0.5853441953659058, 0.6177645921707153, 0.6830496191978455, 0.7384160161018372, 0.7487787008285522], "val_accuracy": [0.46766242384910583, 0.4733383059501648, 0.586557149887085, 0.6754294037818909, 0.6076176166534424, 0.5644510984420776, 0.5808812379837036, 0.6578043103218079, 0.7136669158935547, 0.6820014715194702, 0.6261389255523682, 0.5816280841827393, 0.5775952339172363, 0.6103062033653259, 0.6737864017486572, 0.7212845683097839, 0.7396564483642578, 0.7027632594108582], "p_rule": [0.25, 0.251220703125, 0.409912109375, 0.94140625, 0.40673828125, 0.30517578125, 0.339111328125, 0.52392578125, 0.94384765625, 0.63134765625, 0.427001953125, 0.359619140625, 0.35546875, 0.4052734375, 0.5283203125, 0.75927734375, 0.89599609375, 0.62255859375], "adversary_prediction": [0.0038436506874859333, 0.005499823950231075, 0.11663453280925751, 0.4434679448604584, 0.40444186329841614, 0.38530781865119934, 0.3950137794017792, 0.3918124735355377, 0.3606153428554535, 0.28230199217796326, 0.22949790954589844, 0.2064577341079712, 0.2070607841014862, 0.23460760712623596, 0.2763881981372833, 0.3061913549900055, 0.3594317138195038, 0.3697749674320221]}