{"accuracy": [0.5220963954925537, 0.5227625966072083, 0.5227625966072083, 0.5227625966072083, 0.5227625966072083, 0.5227625966072083, 0.5227625966072083, 0.5227625966072083, 0.6002665162086487, 0.594936728477478, 0.490561842918396, 0.4787919223308563, 0.47723740339279175, 0.47745946049690247, 0.47745946049690247, 0.47968021035194397, 0.4907839298248291, 0.5467466115951538], "val_accuracy": [0.5267757177352905, 0.5267757177352905, 0.5267757177352905, 0.5267757177352905, 0.5267757177352905, 0.5267757177352905, 0.5267757177352905, 0.606542706489563, 0.5821196436882019, 0.4842034578323364, 0.47389647364616394, 0.47344836592674255, 0.47367241978645325, 0.47367241978645325, 0.4745686650276184, 0.48397937417030334, 0.5431324243545532, 0.6432892680168152], "p_rule": [0.2193603515625, 0.2193603515625, 0.2193603515625, 0.2193603515625, 0.2193603515625, 0.2193603515625, 0.2193603515625, 0.359619140625, 0.373291015625, 0.2255859375, 0.2208251953125, 0.2193603515625, 0.2193603515625, 0.2193603515625, 0.2208251953125, 0.2237548828125, 0.283447265625, 0.6171875], "adversary_prediction": [0.34505316615104675, 0.34505316615104675, 0.3450533449649811, 0.3450849950313568, 0.34534522891044617, 0.34565290808677673, 0.3451824486255646, 0.3228578269481659, 0.2503456175327301, 0.17174166440963745, 0.12572282552719116, 0.1099018007516861, 0.11300025880336761, 0.12038789689540863, 0.1487610638141632, 0.17876708507537842, 0.2156195044517517, 0.2523258626461029]}