{"accuracy": [0.550784707069397, 0.48149245977401733, 0.5048859715461731, 0.7092093825340271, 0.5869114398956299, 0.5590761303901672, 0.6402131915092468, 0.723423182964325, 0.7180929780006409, 0.6455433964729309, 0.5963873267173767, 0.5842463970184326, 0.6061593294143677, 0.6650873422622681, 0.7331951260566711, 0.7613266110420227, 0.7361563444137573, 0.6837429404258728], "val_accuracy": [0.46668657660484314, 0.4893934726715088, 0.694054365158081, 0.596952497959137, 0.5715566277503967, 0.6477442383766174, 0.7131759524345398, 0.6985359787940979, 0.6265312433242798, 0.5781296491622925, 0.5697639584541321, 0.5921720862388611, 0.6459515690803528, 0.7122796773910522, 0.7544069290161133, 0.728712260723114, 0.6904690861701965, 0.6659695506095886], "p_rule": [0.2078857421875, 0.2303466796875, 0.90771484375, 0.315185546875, 0.26806640625, 0.421142578125, 0.8212890625, 0.6171875, 0.3857421875, 0.31005859375, 0.298828125, 0.320068359375, 0.406494140625, 0.57763671875, 0.91650390625, 0.74267578125, 0.546875, 0.4638671875], "adversary_prediction": [0.003843346843495965, 0.011268909089267254, 0.4187442362308502, 0.37836918234825134, 0.37642142176628113, 0.42477670311927795, 0.44562485814094543, 0.3800745904445648, 0.2840401828289032, 0.23240041732788086, 0.2200525403022766, 0.24353370070457458, 0.2833382785320282, 0.3383389413356781, 0.3850015699863434, 0.4065926969051361, 0.4193743169307709, 0.4237044155597687]}