{"accuracy": [0.49933382868766785, 0.5789785385131836, 0.5940784811973572, 0.6478164196014404, 0.7468541860580444, 0.7021465301513672, 0.6424870491027832, 0.6334567070007324, 0.692672073841095, 0.7826794981956482, 0.7635825276374817, 0.663952648639679, 0.6124352216720581, 0.6315321922302246, 0.7070318460464478, 0.7893412113189697, 0.810214638710022, 0.7779422402381897], "val_accuracy": [0.5744585394859314, 0.5991038084030151, 0.6409260630607605, 0.7354742288589478, 0.6915608644485474, 0.6331591010093689, 0.6258401870727539, 0.6797609925270081, 0.7680358290672302, 0.7529499530792236, 0.663181483745575, 0.6180731654167175, 0.6371919512748718, 0.7033607363700867, 0.7753547430038452, 0.7950709462165833, 0.7674384117126465, 0.7318894863128662], "p_rule": [0.3330078125, 0.367431640625, 0.475341796875, 0.9892578125, 0.53564453125, 0.3935546875, 0.380126953125, 0.445068359375, 0.6494140625, 0.9208984375, 0.53662109375, 0.41259765625, 0.451416015625, 0.6494140625, 0.9951171875, 0.7236328125, 0.59326171875, 0.5244140625], "adversary_prediction": [0.2167474329471588, 0.35477253794670105, 0.3757779896259308, 0.5395241379737854, 0.44951197504997253, 0.32002392411231995, 0.2884049713611603, 0.337864488363266, 0.4053274691104889, 0.45518144965171814, 0.46477535367012024, 0.46707698702812195, 0.4573849141597748, 0.4598229229450226, 0.43563613295555115, 0.3971805274486542, 0.3722321689128876, 0.3492352068424225]}