{"accuracy": [0.49067357182502747, 0.5222797989845276, 0.5222797989845276, 0.5424870252609253, 0.7020725607872009, 0.6616580486297607, 0.6129533648490906, 0.6010362505912781, 0.6227979063987732, 0.6766839623451233, 0.7331606149673462, 0.677202045917511, 0.579274594783783, 0.5507771968841553, 0.5606217384338379, 0.6362694501876831, 0.7316062450408936, 0.7797927260398865], "val_accuracy": [0.5439330339431763, 0.5439330339431763, 0.5538703203201294, 0.694037675857544, 0.6485355496406555, 0.590481162071228, 0.5726987719535828, 0.5946652889251709, 0.6469665169715881, 0.7133890986442566, 0.6929916143417358, 0.5983263850212097, 0.5674686431884766, 0.5789749026298523, 0.6433054208755493, 0.741108775138855, 0.75, 0.7112970948219299], "p_rule": [0.21923828125, 0.21923828125, 0.251708984375, 0.76416015625, 0.60400390625, 0.37548828125, 0.3515625, 0.364990234375, 0.52099609375, 0.90869140625, 0.5732421875, 0.322021484375, 0.26806640625, 0.283203125, 0.4384765625, 0.7607421875, 0.79833984375, 0.5380859375], "adversary_prediction": [0.34505316615104675, 0.34505876898765564, 0.34970465302467346, 0.549699604511261, 0.47292444109916687, 0.3680810034275055, 0.33447983860969543, 0.34571734070777893, 0.3920916020870209, 0.43421247601509094, 0.43047448992729187, 0.42942437529563904, 0.4183163344860077, 0.40412601828575134, 0.4119766056537628, 0.40040323138237, 0.3769436776638031, 0.35849323868751526]}