{"accuracy": [0.5164347290992737, 0.5185075402259827, 0.5185075402259827, 0.5185075402259827, 0.5185075402259827, 0.5185075402259827, 0.5185075402259827, 0.5185075402259827, 0.5324252247810364, 0.672194242477417, 0.5809890627861023, 0.5273911952972412, 0.5087355375289917, 0.5007402896881104, 0.4980752170085907, 0.5013325214385986, 0.5116967558860779, 0.5309446454048157], "val_accuracy": [0.5333133935928345, 0.5333133935928345, 0.5333133935928345, 0.5333133935928345, 0.5333133935928345, 0.5333133935928345, 0.5333133935928345, 0.5488497018814087, 0.6567075252532959, 0.5688676238059998, 0.5189722180366516, 0.4965640902519226, 0.4867044985294342, 0.4852106273174286, 0.48849716782569885, 0.49835672974586487, 0.5231550931930542, 0.5569166541099548], "p_rule": [0.207763671875, 0.207763671875, 0.207763671875, 0.207763671875, 0.207763671875, 0.207763671875, 0.207763671875, 0.2320556640625, 0.89111328125, 0.35888671875, 0.2509765625, 0.2225341796875, 0.2138671875, 0.212646484375, 0.21435546875, 0.2261962890625, 0.2548828125, 0.31884765625], "adversary_prediction": [0.34505316615104675, 0.34505316615104675, 0.34505340456962585, 0.34506091475486755, 0.34529682993888855, 0.3473963439464569, 0.36030313372612, 0.371672123670578, 0.38120147585868835, 0.30696937441825867, 0.23408293724060059, 0.19112250208854675, 0.1713038980960846, 0.16856133937835693, 0.18461325764656067, 0.20848697423934937, 0.2470109462738037, 0.2858106791973114]}