{"accuracy": [0.5247612595558167, 0.5423051118850708, 0.6724405884742737, 0.6620030999183655, 0.723739743232727, 0.6997557282447815, 0.6588940620422363, 0.6839884519577026, 0.7788141369819641, 0.7475016713142395, 0.6342438459396362, 0.6311348080635071, 0.6993115544319153, 0.8041305541992188, 0.7941372394561768, 0.742393970489502, 0.7241838574409485, 0.7561625838279724], "val_accuracy": [0.5332735776901245, 0.6542684435844421, 0.6547165513038635, 0.7049070000648499, 0.6748823523521423, 0.6430652141571045, 0.663455069065094, 0.7640600204467773, 0.7315707206726074, 0.6314138174057007, 0.6233475208282471, 0.6975128650665283, 0.7808648943901062, 0.7837777137756348, 0.7335872650146484, 0.7199193239212036, 0.7456867694854736, 0.7806408405303955], "p_rule": [0.284912109375, 0.529296875, 0.50146484375, 0.9931640625, 0.5546875, 0.43115234375, 0.449462890625, 0.66064453125, 0.80126953125, 0.462158203125, 0.44677734375, 0.6630859375, 0.86376953125, 0.60693359375, 0.499267578125, 0.47900390625, 0.515625, 0.603515625], "adversary_prediction": [0.11712837219238281, 0.3831314742565155, 0.40689560770988464, 0.5933946967124939, 0.5862942337989807, 0.47238656878471375, 0.44162407517433167, 0.4848484694957733, 0.4998781979084015, 0.4757215678691864, 0.4936216175556183, 0.4654727876186371, 0.4387374222278595, 0.4107031524181366, 0.3787393867969513, 0.38042011857032776, 0.4176178276538849, 0.4412597715854645]}