{"accuracy": [0.4843437671661377, 0.6431267857551575, 0.5494114756584167, 0.6433488726615906, 0.7486120462417603, 0.6942038536071777, 0.6326892971992493, 0.6375749707221985, 0.7084166407585144, 0.7848101258277893, 0.7586053609848022, 0.6828780770301819, 0.6335775852203369, 0.6422384977340698, 0.704863429069519, 0.7723739743232727, 0.8136797547340393, 0.8034643530845642], "val_accuracy": [0.6269325613975525, 0.5520949959754944, 0.6459780335426331, 0.7241765856742859, 0.6706251502037048, 0.6220031380653381, 0.6249159574508667, 0.689222514629364, 0.7627156376838684, 0.7479274272918701, 0.6762267351150513, 0.6285009980201721, 0.6370154619216919, 0.6898946762084961, 0.757786214351654, 0.7898274660110474, 0.7790723443031311, 0.7463589310646057], "p_rule": [0.40625, 0.26220703125, 0.45361328125, 0.91455078125, 0.46484375, 0.354736328125, 0.357666015625, 0.451171875, 0.7109375, 0.83984375, 0.53125, 0.40478515625, 0.43310546875, 0.576171875, 0.83935546875, 0.8408203125, 0.6328125, 0.52587890625], "adversary_prediction": [0.25479838252067566, 0.41260603070259094, 0.5225228667259216, 0.5882701277732849, 0.43324294686317444, 0.3189029395580292, 0.3231464922428131, 0.3894161880016327, 0.47700998187065125, 0.5353675484657288, 0.5327211022377014, 0.5232298970222473, 0.5279273390769958, 0.5014253258705139, 0.4942381680011749, 0.45722696185112, 0.4245453178882599, 0.40467944741249084]}