{"accuracy": [0.5233160853385925, 0.5173945426940918, 0.5173945426940918, 0.535159170627594, 0.6854181885719299, 0.6506291627883911, 0.5910436511039734, 0.5780903100967407, 0.6002960801124573, 0.6802368760108948, 0.7246484160423279, 0.6424870491027832, 0.5625462532043457, 0.5414507985115051, 0.5488526821136475, 0.6047372221946716, 0.7050333023071289, 0.7738711833953857], "val_accuracy": [0.5324869155883789, 0.5324869155883789, 0.5492905378341675, 0.6889469623565674, 0.6392830610275269, 0.5855115652084351, 0.5683345794677734, 0.5914861559867859, 0.6613144278526306, 0.7244212031364441, 0.657953679561615, 0.5709484815597534, 0.5545182824134827, 0.561613142490387, 0.6116504669189453, 0.7072442173957825, 0.7580283880233765, 0.7259148359298706], "p_rule": [0.20849609375, 0.20849609375, 0.236572265625, 0.73779296875, 0.57373046875, 0.37353515625, 0.324462890625, 0.366943359375, 0.53857421875, 0.97509765625, 0.474853515625, 0.2763671875, 0.2452392578125, 0.259033203125, 0.363037109375, 0.65673828125, 0.9140625, 0.6162109375], "adversary_prediction": [0.34505316615104675, 0.34510359168052673, 0.37671056389808655, 0.5223106741905212, 0.45137009024620056, 0.3216962516307831, 0.28496310114860535, 0.30016037821769714, 0.36424770951271057, 0.404506117105484, 0.41229769587516785, 0.4062674939632416, 0.39774295687675476, 0.39941903948783875, 0.4025508463382721, 0.3774803578853607, 0.3671599328517914, 0.3408452570438385]}