{"accuracy": [0.5709844827651978, 0.5222797989845276, 0.5222797989845276, 0.5222797989845276, 0.5222797989845276, 0.5222797989845276, 0.5222797989845276, 0.5222797989845276, 0.617616593837738, 0.5455958843231201, 0.48082903027534485, 0.4782383441925049, 0.4782383441925049, 0.4782383441925049, 0.47875648736953735, 0.4854922294616699, 0.5, 0.5512953400611877], "val_accuracy": [0.5439330339431763, 0.5439330339431763, 0.5439330339431763, 0.5439330339431763, 0.5439330339431763, 0.5439330339431763, 0.5439330339431763, 0.6328451633453369, 0.5099372267723083, 0.4602510333061218, 0.45606693625450134, 0.45606693625450134, 0.45606693625450134, 0.45606693625450134, 0.4602510333061218, 0.4775104522705078, 0.5224895477294922, 0.6019874215126038], "p_rule": [0.21923828125, 0.21923828125, 0.21923828125, 0.21923828125, 0.21923828125, 0.21923828125, 0.21923828125, 0.40478515625, 0.27978515625, 0.2215576171875, 0.219970703125, 0.219970703125, 0.219970703125, 0.220703125, 0.2215576171875, 0.2340087890625, 0.297119140625, 0.48486328125], "adversary_prediction": [0.34505316615104675, 0.34505316615104675, 0.34505602717399597, 0.345163494348526, 0.346442848443985, 0.35125061869621277, 0.3519097864627838, 0.3157489597797394, 0.20975619554519653, 0.1352289915084839, 0.10499529540538788, 0.09181471168994904, 0.09731504321098328, 0.11737050116062164, 0.1434060037136078, 0.1831435263156891, 0.2294432520866394, 0.27249160408973694]}