{"accuracy": [0.4908929467201233, 0.47800976037979126, 0.47800976037979126, 0.47800976037979126, 0.47800976037979126, 0.5139937996864319, 0.6836961507797241, 0.534429132938385, 0.5224344730377197, 0.5219902396202087, 0.5233229398727417, 0.5415371060371399, 0.6481564044952393, 0.7103509306907654, 0.6690359711647034, 0.6179475784301758, 0.5908485054969788, 0.5744113922119141], "val_accuracy": [0.4639175236225128, 0.4639175236225128, 0.4639175236225128, 0.46436575055122375, 0.4957418143749237, 0.6638278961181641, 0.5454952716827393, 0.5360824465751648, 0.5365307331085205, 0.5374271869659424, 0.5517705082893372, 0.658449113368988, 0.6884804964065552, 0.6629314422607422, 0.6028686761856079, 0.5661138296127319, 0.5549080967903137, 0.5607351064682007], "p_rule": [0.21484375, 0.21484375, 0.21484375, 0.21484375, 0.2449951171875, 0.93701171875, 0.239013671875, 0.2161865234375, 0.2147216796875, 0.216796875, 0.254638671875, 0.5068359375, 0.958984375, 0.56005859375, 0.38037109375, 0.317138671875, 0.3095703125, 0.31494140625], "adversary_prediction": [0.0038433289155364037, 0.0038439910858869553, 0.004484077915549278, 0.019780121743679047, 0.11709192395210266, 0.24932727217674255, 0.32169267535209656, 0.3216833770275116, 0.3328883945941925, 0.3286268413066864, 0.33392778038978577, 0.33266499638557434, 0.30388906598091125, 0.28050288558006287, 0.2572459876537323, 0.24070525169372559, 0.2315218150615692, 0.23583155870437622]}