{"accuracy": [0.4875647723674774, 0.5222797989845276, 0.5222797989845276, 0.5549222826957703, 0.7233160734176636, 0.6512953639030457, 0.5917098522186279, 0.586528480052948, 0.5953367948532104, 0.6683937907218933, 0.7559585571289062, 0.6922279596328735, 0.5704663395881653, 0.5414507985115051, 0.5424870252609253, 0.5818653106689453, 0.6953367590904236, 0.7756476402282715], "val_accuracy": [0.5439330339431763, 0.5439330339431763, 0.5721757411956787, 0.6976987719535828, 0.6344142556190491, 0.5695606470108032, 0.555962324142456, 0.5726987719535828, 0.6490585803985596, 0.7337865829467773, 0.6976987719535828, 0.5873430967330933, 0.5596234202384949, 0.5596234202384949, 0.5957112908363342, 0.6877614855766296, 0.76778244972229, 0.7520920634269714], "p_rule": [0.21923828125, 0.21923828125, 0.271484375, 0.89453125, 0.53173828125, 0.362060546875, 0.337646484375, 0.36767578125, 0.488037109375, 0.8701171875, 0.5732421875, 0.3154296875, 0.251708984375, 0.253173828125, 0.327392578125, 0.55029296875, 0.98095703125, 0.6650390625], "adversary_prediction": [0.34505316615104675, 0.3450585901737213, 0.3672100603580475, 0.5604996085166931, 0.45946547389030457, 0.3433378040790558, 0.31452926993370056, 0.3329363167285919, 0.40393200516700745, 0.44234803318977356, 0.44808271527290344, 0.4302145540714264, 0.4241672456264496, 0.42668667435646057, 0.4217490255832672, 0.4190824329853058, 0.40162453055381775, 0.38045480847358704]}