{"accuracy": [0.49178385734558105, 0.5293856263160706, 0.5472983121871948, 0.6849740743637085, 0.6328645348548889, 0.5939304232597351, 0.6127313375473022, 0.678460419178009, 0.7062916159629822, 0.6106587648391724, 0.5579570531845093, 0.5575129389762878, 0.5974833369255066, 0.698001503944397, 0.7591413855552673, 0.7280532717704773, 0.6641006469726562, 0.6418948769569397], "val_accuracy": [0.5323375463485718, 0.5483196377754211, 0.6712471842765808, 0.625989556312561, 0.5952203273773193, 0.6100074648857117, 0.6696041822433472, 0.7018670439720154, 0.6112024188041687, 0.5587751865386963, 0.5572815537452698, 0.5997012853622437, 0.6906646490097046, 0.7528005838394165, 0.7132188081741333, 0.6566094160079956, 0.6392830610275269, 0.6603435277938843], "p_rule": [0.25, 0.277587890625, 0.90234375, 0.56103515625, 0.42919921875, 0.44970703125, 0.662109375, 0.80810546875, 0.410888671875, 0.300537109375, 0.2958984375, 0.375732421875, 0.63818359375, 0.88525390625, 0.55224609375, 0.430908203125, 0.404541015625, 0.428466796875], "adversary_prediction": [0.34505316615104675, 0.35076454281806946, 0.485588937997818, 0.4345097243785858, 0.315059095621109, 0.34195491671562195, 0.3905682861804962, 0.40164855122566223, 0.38256463408470154, 0.36512765288352966, 0.3568507134914398, 0.3540641963481903, 0.3510892689228058, 0.3275729715824127, 0.2974124252796173, 0.2734917104244232, 0.27500203251838684, 0.279980331659317]}