{"accuracy": [0.4497002065181732, 0.5227625966072083, 0.6995336413383484, 0.613813042640686, 0.6002665162086487, 0.6573395729064941, 0.7343993186950684, 0.6873195767402649, 0.5858316421508789, 0.5791694521903992, 0.652675986289978, 0.7728181481361389, 0.7705973982810974, 0.6822118759155273, 0.6326892971992493, 0.6322451829910278, 0.6726626753807068, 0.7443926334381104], "val_accuracy": [0.5267757177352905, 0.6786914467811584, 0.6105758547782898, 0.5892897248268127, 0.6430652141571045, 0.7055792212486267, 0.684741199016571, 0.5888415575027466, 0.580775260925293, 0.6549406051635742, 0.7568899989128113, 0.746134877204895, 0.6672641634941101, 0.6159533858299255, 0.6159533858299255, 0.6567331552505493, 0.7190230488777161, 0.7714541554450989], "p_rule": [0.2196044921875, 0.97509765625, 0.4287109375, 0.37548828125, 0.49853515625, 0.87744140625, 0.53955078125, 0.314208984375, 0.30126953125, 0.451416015625, 0.90234375, 0.60791015625, 0.412109375, 0.34619140625, 0.344482421875, 0.3896484375, 0.489013671875, 0.6630859375], "adversary_prediction": [0.3450527489185333, 0.491350382566452, 0.364806205034256, 0.3020518720149994, 0.40337952971458435, 0.47199371457099915, 0.44800713658332825, 0.4273490607738495, 0.41445425152778625, 0.44423553347587585, 0.4073595106601715, 0.3464873135089874, 0.2823534309864044, 0.24404862523078918, 0.24898025393486023, 0.28547731041908264, 0.32014599442481995, 0.3712797462940216]}