{"accuracy": [0.48001185059547424, 0.5185075402259827, 0.5185075402259827, 0.5235416293144226, 0.6970683932304382, 0.6606455445289612, 0.6079360246658325, 0.5889843106269836, 0.5966834425926208, 0.6378442645072937, 0.7207580804824829, 0.7222386598587036, 0.5898726582527161, 0.5407165884971619, 0.5419011116027832, 0.5724015235900879, 0.6766360402107239, 0.7728753089904785], "val_accuracy": [0.5333133935928345, 0.5333133935928345, 0.5380938053131104, 0.694054365158081, 0.6438601613044739, 0.5957573652267456, 0.5706602931022644, 0.5841051936149597, 0.6301165223121643, 0.7021213173866272, 0.7227367758750916, 0.6056169867515564, 0.5605019330978394, 0.5599043965339661, 0.5841051936149597, 0.6731401085853577, 0.7723334431648254, 0.763668954372406], "p_rule": [0.207763671875, 0.207763671875, 0.21337890625, 0.734375, 0.623046875, 0.4033203125, 0.348876953125, 0.353271484375, 0.430908203125, 0.693359375, 0.6748046875, 0.322265625, 0.2381591796875, 0.23876953125, 0.303955078125, 0.52734375, 0.9658203125, 0.666015625], "adversary_prediction": [0.34505316615104675, 0.34505364298820496, 0.3487872779369354, 0.5235828757286072, 0.48196324706077576, 0.3837878406047821, 0.337251216173172, 0.3393321931362152, 0.3758326470851898, 0.41284945607185364, 0.43016085028648376, 0.4187242090702057, 0.42267194390296936, 0.41058942675590515, 0.41917452216148376, 0.40819278359413147, 0.39360854029655457, 0.3743313252925873]}