{"accuracy": [0.5330865979194641, 0.47061437368392944, 0.47061437368392944, 0.4715026021003723, 0.5058475136756897, 0.6532938480377197, 0.6293116211891174, 0.5335307121276855, 0.5313101410865784, 0.5378238558769226, 0.6065136790275574, 0.7086602449417114, 0.7219837307929993, 0.6694300770759583, 0.6207253932952881, 0.5917098522186279, 0.5856402516365051, 0.6053293943405151], "val_accuracy": [0.46766242384910583, 0.46766242384910583, 0.46825990080833435, 0.49813294410705566, 0.6519790887832642, 0.6274831891059875, 0.5383121967315674, 0.5338312387466431, 0.5435399413108826, 0.6011949181556702, 0.7036594748497009, 0.7132188081741333, 0.6616878509521484, 0.6125466823577881, 0.5811799764633179, 0.5772964954376221, 0.596863329410553, 0.6349514722824097], "p_rule": [0.25, 0.25, 0.250732421875, 0.275146484375, 0.58740234375, 0.44287109375, 0.260009765625, 0.254150390625, 0.264892578125, 0.37890625, 0.7236328125, 0.80078125, 0.52734375, 0.40283203125, 0.359130859375, 0.35400390625, 0.376708984375, 0.435791015625], "adversary_prediction": [0.0038433291483670473, 0.0038456690963357687, 0.008426254615187645, 0.08416938781738281, 0.37121573090553284, 0.41661104559898376, 0.39079853892326355, 0.39510175585746765, 0.40653160214424133, 0.4190070331096649, 0.40715447068214417, 0.3696710169315338, 0.32529184222221375, 0.2715766727924347, 0.2525777518749237, 0.25210297107696533, 0.26526060700416565, 0.28802725672721863]}