{"accuracy": [0.5259884595870972, 0.5219902396202087, 0.5219902396202087, 0.5308751463890076, 0.6463794112205505, 0.6637049913406372, 0.622834324836731, 0.5970679521560669, 0.6023989319801331, 0.6334962248802185, 0.7032430171966553, 0.7116836905479431, 0.6192803382873535, 0.5561972260475159, 0.5530875325202942, 0.5761883854866028, 0.6432696580886841, 0.7303420901298523], "val_accuracy": [0.5360824465751648, 0.5360824465751648, 0.5454952716827393, 0.6615867614746094, 0.6539668440818787, 0.6176602244377136, 0.5912147164344788, 0.5925593972206116, 0.6194531321525574, 0.6884804964065552, 0.7171671986579895, 0.6252801418304443, 0.5737337470054626, 0.5696997046470642, 0.5934558510780334, 0.651725709438324, 0.7158225178718567, 0.7319587469100952], "p_rule": [0.2147216796875, 0.2147216796875, 0.2362060546875, 0.55908203125, 0.7587890625, 0.47119140625, 0.38037109375, 0.37109375, 0.4345703125, 0.6298828125, 0.84326171875, 0.411865234375, 0.28125, 0.271728515625, 0.317138671875, 0.5283203125, 0.890625, 0.7158203125], "adversary_prediction": [0.34505316615104675, 0.345053106546402, 0.34801873564720154, 0.48984798789024353, 0.5308566689491272, 0.3859332501888275, 0.3204200565814972, 0.3042704164981842, 0.3500008285045624, 0.41259315609931946, 0.4364989697933197, 0.41374972462654114, 0.4114740192890167, 0.38814494013786316, 0.400078684091568, 0.38643553853034973, 0.37374553084373474, 0.3576125204563141]}