{"accuracy": [0.4982227385044098, 0.6338862776756287, 0.6451421976089478, 0.6475118398666382, 0.7268957495689392, 0.7298578023910522, 0.6735782027244568, 0.6694312691688538, 0.741706132888794, 0.8021327257156372, 0.6996445655822754, 0.6255924105644226, 0.6575829386711121, 0.7594786882400513, 0.8317535519599915, 0.7819905281066895, 0.7334123253822327, 0.7156398296356201], "val_accuracy": [0.6419605612754822, 0.6204423308372498, 0.6294082403182983, 0.7095038890838623, 0.73341304063797, 0.6784219741821289, 0.6688583493232727, 0.7447698712348938, 0.7854154109954834, 0.6736401915550232, 0.6013150215148926, 0.6317991614341736, 0.7477585077285767, 0.8135086894035339, 0.7782427072525024, 0.715481162071228, 0.7011356949806213, 0.7268379926681519], "p_rule": [0.442626953125, 0.4794921875, 0.4873046875, 0.71044921875, 0.83056640625, 0.51806640625, 0.49609375, 0.78125, 0.69140625, 0.4765625, 0.3916015625, 0.4208984375, 0.52783203125, 0.71923828125, 0.875, 0.64697265625, 0.5908203125, 0.6748046875], "adversary_prediction": [0.39825794100761414, 0.26839515566825867, 0.2451770007610321, 0.5335726141929626, 0.6009610295295715, 0.5532003045082092, 0.563467800617218, 0.5968994498252869, 0.47681859135627747, 0.35567304491996765, 0.2914949357509613, 0.3377043306827545, 0.419146865606308, 0.5118030905723572, 0.5685356259346008, 0.5801096558570862, 0.5907545685768127, 0.6137570738792419]}