{"accuracy": [0.5222797989845276, 0.47061437368392944, 0.5259807705879211, 0.6624722480773926, 0.6136195659637451, 0.5939304232597351, 0.6389341354370117, 0.7101406455039978, 0.7043671607971191, 0.6525536775588989, 0.6063656806945801, 0.5850481390953064, 0.6034048795700073, 0.6543301343917847, 0.7227239012718201, 0.7462620139122009, 0.7056995034217834, 0.6445595622062683], "val_accuracy": [0.46766242384910583, 0.5203883647918701, 0.659148633480072, 0.618670642375946, 0.5934279561042786, 0.6379387378692627, 0.6941000819206238, 0.6912621259689331, 0.6443614363670349, 0.5995519161224365, 0.5795369744300842, 0.5938760042190552, 0.642419695854187, 0.7111276984214783, 0.7372666001319885, 0.6961911916732788, 0.642419695854187, 0.6228528618812561], "p_rule": [0.25, 0.298583984375, 0.92333984375, 0.4306640625, 0.3642578125, 0.4736328125, 0.77392578125, 0.75732421875, 0.4814453125, 0.379150390625, 0.351318359375, 0.364501953125, 0.4384765625, 0.63720703125, 0.99560546875, 0.65576171875, 0.491943359375, 0.427978515625], "adversary_prediction": [0.0038481366354972124, 0.0586095005273819, 0.4047341048717499, 0.38072583079338074, 0.3583555519580841, 0.40153899788856506, 0.40907254815101624, 0.3653459846973419, 0.2692561447620392, 0.20419204235076904, 0.18935483694076538, 0.19099584221839905, 0.2288793921470642, 0.2663475573062897, 0.289943128824234, 0.3189674913883209, 0.33214595913887024, 0.3302352726459503]}