{"accuracy": [0.498445600271225, 0.4777202010154724, 0.4777202010154724, 0.4777202010154724, 0.49274611473083496, 0.6704663038253784, 0.6290155649185181, 0.5305699706077576, 0.5264248847961426, 0.5616580247879028, 0.6658031344413757, 0.7341969013214111, 0.7170984745025635, 0.6751295328140259, 0.6341968774795532, 0.613471508026123, 0.607253909111023, 0.6202072501182556], "val_accuracy": [0.45606693625450134, 0.45606693625450134, 0.45606693625450134, 0.4722803235054016, 0.6469665169715881, 0.6307531595230103, 0.5496861934661865, 0.5491631627082825, 0.5800209045410156, 0.6637029051780701, 0.7170501947402954, 0.6961296796798706, 0.6349372267723083, 0.599372386932373, 0.5810669660568237, 0.5784518718719482, 0.5915272235870361, 0.6140167117118835], "p_rule": [0.21923828125, 0.21923828125, 0.21923828125, 0.2269287109375, 0.5185546875, 0.43505859375, 0.22998046875, 0.2237548828125, 0.28173828125, 0.53076171875, 0.955078125, 0.7294921875, 0.48486328125, 0.37939453125, 0.344970703125, 0.34130859375, 0.366943359375, 0.4140625], "adversary_prediction": [0.0038433291483670473, 0.003844138002023101, 0.004392370115965605, 0.0258563794195652, 0.2462526261806488, 0.3861985504627228, 0.3791446387767792, 0.37769290804862976, 0.41285261511802673, 0.4070960581302643, 0.39272597432136536, 0.3565370738506317, 0.30163952708244324, 0.26796773076057434, 0.25025659799575806, 0.2548135817050934, 0.2703920304775238, 0.29338791966438293]}