{"accuracy": [0.49833443760871887, 0.5227625966072083, 0.5263158082962036, 0.6995336413383484, 0.675993800163269, 0.6302465200424194, 0.6258050203323364, 0.6604486107826233, 0.7275149822235107, 0.7483899593353271, 0.6573395729064941, 0.5878303647041321, 0.5869420170783997, 0.6404619216918945, 0.7343993186950684, 0.7854763269424438, 0.7530535459518433, 0.6970908045768738], "val_accuracy": [0.5267757177352905, 0.5294644832611084, 0.6773470640182495, 0.6594219207763672, 0.6159533858299255, 0.6121442914009094, 0.6475464701652527, 0.7069236040115356, 0.731346607208252, 0.6511315107345581, 0.5823436975479126, 0.5823436975479126, 0.6370154619216919, 0.7259690761566162, 0.7692135572433472, 0.7286578416824341, 0.6827245950698853, 0.6605422496795654], "p_rule": [0.2193603515625, 0.22265625, 0.72119140625, 0.6201171875, 0.420654296875, 0.3916015625, 0.46240234375, 0.6787109375, 0.8671875, 0.474853515625, 0.32373046875, 0.32373046875, 0.447998046875, 0.76513671875, 0.7626953125, 0.53076171875, 0.43017578125, 0.400146484375], "adversary_prediction": [0.34505316615104675, 0.3450627624988556, 0.4361688792705536, 0.5266959071159363, 0.4830761253833771, 0.4568016827106476, 0.48666897416114807, 0.49903586506843567, 0.5059875845909119, 0.4534406363964081, 0.431657999753952, 0.4230233132839203, 0.4310259521007538, 0.44376155734062195, 0.4214498698711395, 0.40998879075050354, 0.39552977681159973, 0.3793870508670807]}