{"accuracy": [0.49370837211608887, 0.6687638759613037, 0.5603256821632385, 0.624722421169281, 0.7475943565368652, 0.6424870491027832, 0.5817912817001343, 0.6609918475151062, 0.7823834419250488, 0.7527757287025452, 0.6609918475151062, 0.6265729069709778, 0.6484085917472839, 0.7246484160423279, 0.7979274392127991, 0.8219836950302124, 0.7775721549987793, 0.7475943565368652], "val_accuracy": [0.6560866236686707, 0.5474234223365784, 0.6161314249038696, 0.7359970211982727, 0.6508588790893555, 0.5918595790863037, 0.6650485396385193, 0.7774458527565002, 0.7453323602676392, 0.6512322425842285, 0.6120238900184631, 0.6370425820350647, 0.7072442173957825, 0.7744585275650024, 0.7987303733825684, 0.7744585275650024, 0.7386109232902527, 0.7274085283279419], "p_rule": [0.53271484375, 0.2841796875, 0.37353515625, 0.94140625, 0.42138671875, 0.30419921875, 0.462890625, 0.93408203125, 0.564453125, 0.396484375, 0.343017578125, 0.38134765625, 0.477294921875, 0.6298828125, 0.89111328125, 0.83447265625, 0.6748046875, 0.6376953125], "adversary_prediction": [0.5099448561668396, 0.11815744638442993, 0.2550572454929352, 0.5997920632362366, 0.6021662354469299, 0.5428047776222229, 0.5853285193443298, 0.557633101940155, 0.44692912697792053, 0.3293449580669403, 0.3013829290866852, 0.3307827413082123, 0.3982444107532501, 0.4728151261806488, 0.5209583640098572, 0.5528125166893005, 0.5645607113838196, 0.5731350779533386]}