{"accuracy": [0.5247260928153992, 0.5789161920547485, 0.6165235638618469, 0.6313295960426331, 0.7337873578071594, 0.713651180267334, 0.6562037467956543, 0.6440627574920654, 0.7195735573768616, 0.7921231985092163, 0.6822623610496521, 0.6061593294143677, 0.6248149275779724, 0.7080248594284058, 0.8072253465652466, 0.8007106781005859, 0.7509623765945435, 0.730826199054718], "val_accuracy": [0.559605598449707, 0.6316103935241699, 0.6423662900924683, 0.7101882100105286, 0.6934568285942078, 0.6381834745407104, 0.6217508316040039, 0.6988347768783569, 0.7821930050849915, 0.6821033954620361, 0.6092022657394409, 0.6235435009002686, 0.7057065963745117, 0.7971317768096924, 0.7926501631736755, 0.7269196510314941, 0.7048102617263794, 0.7260233163833618], "p_rule": [0.324951171875, 0.384033203125, 0.400390625, 0.7724609375, 0.64599609375, 0.410888671875, 0.377685546875, 0.4931640625, 0.8505859375, 0.56298828125, 0.379150390625, 0.39453125, 0.65380859375, 0.896484375, 0.6328125, 0.509765625, 0.47802734375, 0.515625], "adversary_prediction": [0.19887971878051758, 0.38467636704444885, 0.3821847140789032, 0.5941597819328308, 0.5318329930305481, 0.3824079930782318, 0.3371133506298065, 0.3911440074443817, 0.49579939246177673, 0.509101927280426, 0.5003049969673157, 0.501314103603363, 0.4877183735370636, 0.48159149289131165, 0.44806262850761414, 0.4252656400203705, 0.4198310077190399, 0.43561163544654846]}