{"accuracy": [0.5515402555465698, 0.4733412265777588, 0.4733412265777588, 0.4733412265777588, 0.4733412265777588, 0.4774881601333618, 0.5248815417289734, 0.6546208262443542, 0.5989336371421814, 0.5325829386711121, 0.528436005115509, 0.5260663628578186, 0.528436005115509, 0.5580568909645081, 0.6356635093688965, 0.7091231942176819, 0.7037914395332336, 0.6486966609954834], "val_accuracy": [0.45666468143463135, 0.45666468143463135, 0.45666468143463135, 0.45666468143463135, 0.45726239681243896, 0.49850568175315857, 0.6598923802375793, 0.6198446154594421, 0.5499103665351868, 0.5445308089256287, 0.5439330339431763, 0.5463239550590515, 0.5612671971321106, 0.6491332650184631, 0.6999402046203613, 0.6670651435852051, 0.6294082403182983, 0.589958131313324], "p_rule": [0.23583984375, 0.23583984375, 0.23583984375, 0.23583984375, 0.2366943359375, 0.27197265625, 0.70361328125, 0.41259765625, 0.2421875, 0.23486328125, 0.2357177734375, 0.239501953125, 0.28369140625, 0.49462890625, 0.86474609375, 0.7294921875, 0.48583984375, 0.372314453125], "adversary_prediction": [0.00384332868270576, 0.00384340132586658, 0.0038908743299543858, 0.006631183438003063, 0.02085697464644909, 0.09630852937698364, 0.2524486780166626, 0.314351886510849, 0.3356887400150299, 0.3428616225719452, 0.33592280745506287, 0.3412308990955353, 0.34230878949165344, 0.3192419111728668, 0.2926463186740875, 0.2625231444835663, 0.2374344766139984, 0.2176816761493683]}