{"accuracy": [0.5222057700157166, 0.5181347131729126, 0.6991117596626282, 0.6176906228065491, 0.6317542791366577, 0.700962245464325, 0.7475943565368652, 0.640266478061676, 0.5988156795501709, 0.6484085917472839, 0.7598075270652771, 0.7890451550483704, 0.7076239585876465, 0.658771276473999, 0.662842333316803, 0.7216876149177551, 0.7927461266517639, 0.8105107545852661], "val_accuracy": [0.5328603386878967, 0.6852128505706787, 0.6109036803245544, 0.6224794387817383, 0.6919342875480652, 0.7401045560836792, 0.6501120328903198, 0.6053024530410767, 0.647124707698822, 0.7531740069389343, 0.7763256430625916, 0.711351752281189, 0.6474981307983398, 0.6564600467681885, 0.719566822052002, 0.7752053737640381, 0.7983570098876953, 0.7774458527565002], "p_rule": [0.2088623046875, 0.849609375, 0.383544921875, 0.39697265625, 0.59423828125, 0.82373046875, 0.41064453125, 0.34033203125, 0.4365234375, 0.810546875, 0.68896484375, 0.45556640625, 0.384765625, 0.391357421875, 0.486328125, 0.62060546875, 0.8154296875, 0.955078125], "adversary_prediction": [0.3451847732067108, 0.619677722454071, 0.4285515248775482, 0.4325445592403412, 0.5484722256660461, 0.5767176747322083, 0.513800323009491, 0.5080617070198059, 0.5058491826057434, 0.5163236260414124, 0.45226600766181946, 0.38325610756874084, 0.3379233777523041, 0.3515654504299164, 0.39318862557411194, 0.43622007966041565, 0.4786135256290436, 0.5188458561897278]}