{"accuracy": [0.4252294898033142, 0.5188036561012268, 0.7015101909637451, 0.6292567253112793, 0.6120817065238953, 0.670121431350708, 0.7317145466804504, 0.625999391078949, 0.565294623374939, 0.5812851786613464, 0.6816701292991638, 0.7867929935455322, 0.7272727489471436, 0.6535386443138123, 0.6381403803825378, 0.6745632290840149, 0.7397097945213318, 0.7998223304748535], "val_accuracy": [0.5333133935928345, 0.6809082627296448, 0.6175679564476013, 0.5984463691711426, 0.6486405730247498, 0.7275171875953674, 0.6366895437240601, 0.5823125243186951, 0.5954586267471313, 0.6827009320259094, 0.7729309797286987, 0.7149686217308044, 0.6429638266563416, 0.6289214491844177, 0.6656707525253296, 0.7266208529472351, 0.7714371085166931, 0.786077082157135], "p_rule": [0.2081298828125, 0.89501953125, 0.443359375, 0.37841796875, 0.489013671875, 0.93603515625, 0.4189453125, 0.285888671875, 0.311279296875, 0.55615234375, 0.82958984375, 0.48828125, 0.364990234375, 0.34716796875, 0.396728515625, 0.50732421875, 0.6767578125, 0.98681640625], "adversary_prediction": [0.3446495234966278, 0.5654298663139343, 0.4396023452281952, 0.3734644949436188, 0.42295458912849426, 0.5018907189369202, 0.48744067549705505, 0.4783705174922943, 0.4552132785320282, 0.44355854392051697, 0.4269404709339142, 0.35806921124458313, 0.32002130150794983, 0.3168049156665802, 0.3392767012119293, 0.3751254379749298, 0.42627790570259094, 0.4614439308643341]}