{"accuracy": [0.4780805706977844, 0.7079383730888367, 0.5853080749511719, 0.7677724957466125, 0.5675355195999146, 0.6048578023910522, 0.7944312691688538, 0.7138625383377075, 0.625, 0.6486966609954834, 0.7559241652488708, 0.8110189437866211, 0.7778435945510864, 0.7067535519599915, 0.6990521550178528, 0.7446682453155518, 0.8045023679733276, 0.8199052214622498], "val_accuracy": [0.7136879563331604, 0.5672444701194763, 0.747160792350769, 0.5791990160942078, 0.6150627732276917, 0.7925881743431091, 0.6975492835044861, 0.6043036580085754, 0.6258218884468079, 0.723849356174469, 0.7979677319526672, 0.7644948959350586, 0.7071129679679871, 0.6969515681266785, 0.73341304063797, 0.7794381380081177, 0.7991631627082825, 0.7806335687637329], "p_rule": [0.8154296875, 0.34912109375, 0.71923828125, 0.3154296875, 0.3603515625, 0.9052734375, 0.5029296875, 0.382568359375, 0.404296875, 0.55419921875, 0.82080078125, 0.7841796875, 0.564453125, 0.53759765625, 0.658203125, 0.85498046875, 0.86669921875, 0.69482421875], "adversary_prediction": [0.5567776560783386, 0.14752963185310364, 0.5902308821678162, 0.5667383074760437, 0.6127528548240662, 0.6665342450141907, 0.5134556889533997, 0.42013421654701233, 0.46315857768058777, 0.5632113814353943, 0.6258572936058044, 0.6346481442451477, 0.6073270440101624, 0.6101532578468323, 0.6204124093055725, 0.6375225186347961, 0.6263315081596375, 0.6054124236106873]}