{"accuracy": [0.5708574056625366, 0.5219902396202087, 0.6539315581321716, 0.561972439289093, 0.5388715863227844, 0.6299422383308411, 0.7552198767662048, 0.6672589778900146, 0.5575299859046936, 0.5566415190696716, 0.6023989319801331, 0.705464243888855, 0.7641048431396484, 0.746334969997406, 0.6943580508232117, 0.6650377511978149, 0.6517103314399719, 0.6770324110984802], "val_accuracy": [0.5360824465751648, 0.6499327421188354, 0.5459434986114502, 0.5302554965019226, 0.602420449256897, 0.7368893027305603, 0.6701030731201172, 0.5701479315757751, 0.565665602684021, 0.6154190897941589, 0.7126848697662354, 0.7561631798744202, 0.7297176122665405, 0.6813088059425354, 0.6494845151901245, 0.6445540189743042, 0.6580008864402771, 0.695652186870575], "p_rule": [0.2147216796875, 0.49658203125, 0.28564453125, 0.254638671875, 0.345458984375, 0.77978515625, 0.48291015625, 0.271728515625, 0.265380859375, 0.352783203125, 0.599609375, 0.9609375, 0.60693359375, 0.458984375, 0.39111328125, 0.37939453125, 0.40869140625, 0.48193359375], "adversary_prediction": [0.3450537621974945, 0.4246855676174164, 0.2135273814201355, 0.15925833582878113, 0.3257899582386017, 0.48247215151786804, 0.46138253808021545, 0.4198460280895233, 0.4283948242664337, 0.43580278754234314, 0.4540577232837677, 0.4544566571712494, 0.41979512572288513, 0.38428911566734314, 0.3648836314678192, 0.3567492663860321, 0.37239930033683777, 0.3986442983150482]}