{"accuracy": [0.42279791831970215, 0.4782383441925049, 0.5658031105995178, 0.7077720165252686, 0.6150258779525757, 0.6222797632217407, 0.7062175869941711, 0.7378238439559937, 0.6787564754486084, 0.6326425075531006, 0.6067357659339905, 0.6243523359298706, 0.6870466470718384, 0.7647668123245239, 0.7715026140213013, 0.7020725607872009, 0.6316062211990356, 0.6093264222145081], "val_accuracy": [0.45606693625450134, 0.5397489666938782, 0.6945606470108032, 0.6213389039039612, 0.6276150345802307, 0.6961296796798706, 0.7228033542633057, 0.668410062789917, 0.599372386932373, 0.5763598084449768, 0.5894351601600647, 0.6621338725090027, 0.7390167117118835, 0.7651673555374146, 0.6924686431884766, 0.6260460019111633, 0.6145397424697876, 0.6453974843025208], "p_rule": [0.219970703125, 0.30126953125, 0.92431640625, 0.389404296875, 0.40673828125, 0.67431640625, 0.78857421875, 0.473388671875, 0.353515625, 0.332763671875, 0.33642578125, 0.4150390625, 0.61376953125, 0.9921875, 0.59375, 0.42138671875, 0.369873046875, 0.45556640625], "adversary_prediction": [0.003867745166644454, 0.11943496763706207, 0.5195028185844421, 0.4356532394886017, 0.45666399598121643, 0.4802955090999603, 0.46382156014442444, 0.34209105372428894, 0.2562897503376007, 0.23635205626487732, 0.25130078196525574, 0.3102063834667206, 0.3714861571788788, 0.4316292703151703, 0.45182719826698303, 0.46499893069267273, 0.46499207615852356, 0.47475680708885193]}