{"accuracy": [0.48445597290992737, 0.5388600826263428, 0.6730570197105408, 0.6139896512031555, 0.6445595622062683, 0.7233160734176636, 0.7129533886909485, 0.6352331638336182, 0.614507794380188, 0.6730570197105408, 0.7777202129364014, 0.7606217861175537, 0.6554403901100159, 0.6077719926834106, 0.6305699348449707, 0.723834216594696, 0.818652868270874, 0.7974093556404114], "val_accuracy": [0.555962324142456, 0.6569037437438965, 0.6009414196014404, 0.6323221921920776, 0.7044979333877563, 0.7207112908363342, 0.6443514823913574, 0.6229079365730286, 0.6752092242240906, 0.767259418964386, 0.7217572927474976, 0.624476969242096, 0.5868200659751892, 0.6213389039039612, 0.7112970948219299, 0.7918410301208496, 0.793410062789917, 0.7447698712348938], "p_rule": [0.254150390625, 0.67822265625, 0.409912109375, 0.45556640625, 0.7294921875, 0.72998046875, 0.440185546875, 0.379638671875, 0.54638671875, 0.9853515625, 0.5654296875, 0.369873046875, 0.3193359375, 0.357177734375, 0.489501953125, 0.6767578125, 0.935546875, 0.759765625], "adversary_prediction": [0.3447546660900116, 0.5590916275978088, 0.33522507548332214, 0.40711304545402527, 0.550014078617096, 0.5239009261131287, 0.4399915635585785, 0.4502551853656769, 0.44686535000801086, 0.45602288842201233, 0.37243708968162537, 0.3102084696292877, 0.2833956182003021, 0.2969358265399933, 0.35519203543663025, 0.39779993891716003, 0.4336753785610199, 0.47268161177635193]}