{"accuracy": [0.4264988899230957, 0.5293856263160706, 0.5293856263160706, 0.6219096779823303, 0.6880828738212585, 0.6435233354568481, 0.6122872233390808, 0.6088823080062866, 0.6365655064582825, 0.6962250471115112, 0.7042191028594971, 0.5875647664070129, 0.5427091121673584, 0.5444855690002441, 0.5844559669494629, 0.7292376160621643, 0.7751295566558838, 0.6920799612998962], "val_accuracy": [0.5323375463485718, 0.5323375463485718, 0.6168782711029053, 0.6797609925270081, 0.6337565183639526, 0.6055265069007874, 0.6005974411964417, 0.6282300353050232, 0.6788648366928101, 0.6946975588798523, 0.589544415473938, 0.5445855259895325, 0.5457804203033447, 0.5935773253440857, 0.725466787815094, 0.763704240322113, 0.6806572079658508, 0.6182225346565247], "p_rule": [0.25, 0.25, 0.423828125, 0.97998046875, 0.6416015625, 0.5, 0.4736328125, 0.541015625, 0.7822265625, 0.71337890625, 0.35205078125, 0.27734375, 0.279541015625, 0.355224609375, 0.75390625, 0.6923828125, 0.451171875, 0.370361328125], "adversary_prediction": [0.34505316615104675, 0.3450659215450287, 0.37055179476737976, 0.5179019570350647, 0.46970441937446594, 0.3919219672679901, 0.3874552547931671, 0.3872744143009186, 0.4058326780796051, 0.39295026659965515, 0.39923134446144104, 0.38817211985588074, 0.3904670774936676, 0.3748820126056671, 0.35381224751472473, 0.3395797908306122, 0.316377729177475, 0.2991923391819]}