{"accuracy": [0.4835653007030487, 0.48149245977401733, 0.5641101598739624, 0.7074326276779175, 0.5795084238052368, 0.6076399087905884, 0.715723991394043, 0.7284572124481201, 0.6615338921546936, 0.6168196797370911, 0.6055670976638794, 0.6310334801673889, 0.6932188272476196, 0.7722830772399902, 0.7814628481864929, 0.7083209753036499, 0.6449511647224426, 0.6363636255264282], "val_accuracy": [0.4669853746891022, 0.5476546287536621, 0.7074992656707764, 0.5930684208869934, 0.6223483681678772, 0.7170600295066833, 0.7116820812225342, 0.6483417749404907, 0.6074095964431763, 0.5921720862388611, 0.6181654930114746, 0.6776217222213745, 0.7609800100326538, 0.7711383104324341, 0.7030176520347595, 0.6462503671646118, 0.6384822130203247, 0.6791156530380249], "p_rule": [0.2078857421875, 0.304443359375, 0.80810546875, 0.298583984375, 0.345458984375, 0.70166015625, 0.7041015625, 0.428955078125, 0.345458984375, 0.331787109375, 0.3486328125, 0.442626953125, 0.65771484375, 0.9970703125, 0.609375, 0.443359375, 0.4306640625, 0.52197265625], "adversary_prediction": [0.004659692756831646, 0.20083004236221313, 0.5439144968986511, 0.36277762055397034, 0.3983587324619293, 0.5505812764167786, 0.5846623778343201, 0.46649160981178284, 0.3717266619205475, 0.345674067735672, 0.3685818612575531, 0.4291023313999176, 0.4807686507701874, 0.5305071473121643, 0.533009946346283, 0.5290129780769348, 0.5301855206489563, 0.5258908867835999]}