{"accuracy": [0.5638140439987183, 0.5185075402259827, 0.5185075402259827, 0.5185075402259827, 0.5185075402259827, 0.5185075402259827, 0.5185075402259827, 0.641101598739624, 0.6396209597587585, 0.5398282408714294, 0.5057743787765503, 0.4971868395805359, 0.4971868395805359, 0.4989635646343231, 0.5111045241355896, 0.538939893245697, 0.5954989790916443, 0.6807817816734314], "val_accuracy": [0.5333133935928345, 0.5333133935928345, 0.5333133935928345, 0.5333133935928345, 0.5333133935928345, 0.5333133935928345, 0.649238109588623, 0.6214520335197449, 0.5243501663208008, 0.493875116109848, 0.483716756105423, 0.482521653175354, 0.4852106273174286, 0.4956677556037903, 0.5252465009689331, 0.5838063955307007, 0.6653719544410706, 0.7077980041503906], "p_rule": [0.207763671875, 0.207763671875, 0.207763671875, 0.207763671875, 0.207763671875, 0.207763671875, 0.47021484375, 0.5234375, 0.25830078125, 0.2178955078125, 0.21435546875, 0.2130126953125, 0.2152099609375, 0.2203369140625, 0.252685546875, 0.35107421875, 0.63623046875, 0.8212890625], "adversary_prediction": [0.34505316615104675, 0.34505316615104675, 0.3450593054294586, 0.3455471694469452, 0.3510354459285736, 0.3711388409137726, 0.38942810893058777, 0.34536728262901306, 0.2672722637653351, 0.20066598057746887, 0.17644378542900085, 0.17963823676109314, 0.19678673148155212, 0.22353455424308777, 0.2610873878002167, 0.30230286717414856, 0.3312026560306549, 0.35128703713417053]}