{"accuracy": [0.4598756432533264, 0.5413088798522949, 0.6570920944213867, 0.609416663646698, 0.6345869302749634, 0.7021024823188782, 0.7263843417167664, 0.6585726737976074, 0.6091205477714539, 0.6322179436683655, 0.7172046303749084, 0.7776132822036743, 0.7275688648223877, 0.662422239780426, 0.6339946985244751, 0.6553153395652771, 0.7166123986244202, 0.7699141502380371], "val_accuracy": [0.552435040473938, 0.6381834745407104, 0.5867941379547119, 0.6139826774597168, 0.6812070608139038, 0.718852698802948, 0.6635793447494507, 0.619659423828125, 0.6378846764564514, 0.7173588275909424, 0.7678518295288086, 0.719151496887207, 0.6513295769691467, 0.6211532950401306, 0.6432626247406006, 0.7069017291069031, 0.7708395719528198, 0.7956379055976868], "p_rule": [0.231689453125, 0.62841796875, 0.409423828125, 0.447998046875, 0.671875, 0.82666015625, 0.47314453125, 0.358642578125, 0.412841796875, 0.64599609375, 0.8115234375, 0.50439453125, 0.3837890625, 0.35107421875, 0.376953125, 0.460693359375, 0.60107421875, 0.81787109375], "adversary_prediction": [0.3424820005893707, 0.47845402359962463, 0.34488674998283386, 0.37839075922966003, 0.47932377457618713, 0.5083222985267639, 0.46913257241249084, 0.44726482033729553, 0.4604347050189972, 0.4420090615749359, 0.4063775837421417, 0.3252962529659271, 0.2764756977558136, 0.2660081088542938, 0.27697667479515076, 0.32312455773353577, 0.37278392910957336, 0.41239526867866516]}