{"accuracy": [0.4811195135116577, 0.5295424461364746, 0.6850288510322571, 0.5948467254638672, 0.6472678780555725, 0.7267881035804749, 0.6832519173622131, 0.6108396053314209, 0.6041759252548218, 0.6677032709121704, 0.7712128162384033, 0.7378942966461182, 0.6290537714958191, 0.5806308388710022, 0.6001777052879333, 0.6752554178237915, 0.773434042930603, 0.8089737892150879], "val_accuracy": [0.5186015367507935, 0.6777229905128479, 0.6069027185440063, 0.6553115248680115, 0.7099955081939697, 0.6597937941551208, 0.59659343957901, 0.5858359336853027, 0.64007169008255, 0.7413715720176697, 0.733303427696228, 0.6342447400093079, 0.5943523049354553, 0.6060062646865845, 0.6732407212257385, 0.7628865838050842, 0.7821604609489441, 0.7463021278381348], "p_rule": [0.264404296875, 0.90380859375, 0.33349609375, 0.45458984375, 0.97802734375, 0.53125, 0.3447265625, 0.324951171875, 0.406982421875, 0.68896484375, 0.73486328125, 0.397216796875, 0.31494140625, 0.339111328125, 0.5068359375, 0.88525390625, 0.7490234375, 0.5556640625], "adversary_prediction": [0.13581332564353943, 0.45538172125816345, 0.3614894449710846, 0.39117464423179626, 0.5164993405342102, 0.46503856778144836, 0.3542986214160919, 0.33122286200523376, 0.37449607253074646, 0.43812981247901917, 0.4509839117527008, 0.44520673155784607, 0.4311845004558563, 0.43940576910972595, 0.4540790617465973, 0.45255687832832336, 0.4283202588558197, 0.4116818606853485]}