{"accuracy": [0.45773500204086304, 0.5293856263160706, 0.5299777984619141, 0.6676535606384277, 0.6769800186157227, 0.6290155649185181, 0.6112509369850159, 0.621613621711731, 0.6706143617630005, 0.7357512712478638, 0.6857143044471741, 0.586528480052948, 0.5598815679550171, 0.5749815106391907, 0.6506291627883911, 0.7501110434532166, 0.7689118981361389, 0.7185788154602051], "val_accuracy": [0.5323375463485718, 0.5330843925476074, 0.6603435277938843, 0.6709484457969666, 0.6249439716339111, 0.6038835048675537, 0.6183719038963318, 0.6633308529853821, 0.7257655262947083, 0.6815534234046936, 0.5914861559867859, 0.5625093579292297, 0.5808812379837036, 0.6454070210456848, 0.7433906197547913, 0.7619118690490723, 0.7115758061408997, 0.6634802222251892], "p_rule": [0.25, 0.250244140625, 0.56982421875, 0.75244140625, 0.494873046875, 0.427734375, 0.436279296875, 0.55810546875, 0.8876953125, 0.58740234375, 0.352783203125, 0.301513671875, 0.331787109375, 0.491943359375, 0.86279296875, 0.68505859375, 0.50537109375, 0.43115234375], "adversary_prediction": [0.34505322575569153, 0.34529635310173035, 0.43065914511680603, 0.5432396531105042, 0.4376056492328644, 0.39488884806632996, 0.39972206950187683, 0.4517616331577301, 0.46212998032569885, 0.4419913589954376, 0.4294065535068512, 0.4190973937511444, 0.4066068232059479, 0.41960009932518005, 0.40451791882514954, 0.3773057758808136, 0.3574922978878021, 0.3406640589237213]}