{"accuracy": [0.5259884595870972, 0.5219902396202087, 0.5219902396202087, 0.6175033450126648, 0.6934695839881897, 0.6139493584632874, 0.5864060521125793, 0.5975122451782227, 0.6499333381652832, 0.7454464435577393, 0.7210128903388977, 0.5841848254203796, 0.5402043461799622, 0.5397601127624512, 0.5721901655197144, 0.6814749240875244, 0.7716570496559143, 0.7836517095565796], "val_accuracy": [0.5360824465751648, 0.5360824465751648, 0.6225907802581787, 0.6709995269775391, 0.5983863472938538, 0.5647691488265991, 0.5768713355064392, 0.6423128843307495, 0.7274764776229858, 0.7297176122665405, 0.5983863472938538, 0.5535634160041809, 0.5522187352180481, 0.5800089836120605, 0.6745854020118713, 0.7628865838050842, 0.7512326240539551, 0.7050650119781494], "p_rule": [0.2147216796875, 0.2147216796875, 0.400634765625, 0.7353515625, 0.385986328125, 0.32861328125, 0.338134765625, 0.43017578125, 0.7001953125, 0.71875, 0.340087890625, 0.2431640625, 0.2408447265625, 0.310302734375, 0.53564453125, 0.97265625, 0.67626953125, 0.47802734375], "adversary_prediction": [0.34505316615104675, 0.3452085554599762, 0.47856131196022034, 0.5613330006599426, 0.39952966570854187, 0.3375840485095978, 0.3662056028842926, 0.4429697096347809, 0.5018804669380188, 0.5248518586158752, 0.4969746768474579, 0.4763971269130707, 0.4792122542858124, 0.4645734131336212, 0.49091246724128723, 0.4634930193424225, 0.4486742317676544, 0.4231630265712738]}