{"accuracy": [0.46076980233192444, 0.6002960801124573, 0.5695781111717224, 0.6754255890846252, 0.6972612738609314, 0.6158401370048523, 0.6154700517654419, 0.6987416744232178, 0.767949640750885, 0.6857883334159851, 0.625832736492157, 0.6350851058959961, 0.7198371291160583, 0.8112509250640869, 0.7827535271644592, 0.7235381007194519, 0.7005921602249146, 0.7131754159927368], "val_accuracy": [0.5888723134994507, 0.5836445093154907, 0.6825989484786987, 0.6837192177772522, 0.6172516942024231, 0.6157580018043518, 0.7012696266174316, 0.7688573598861694, 0.7016429901123047, 0.6404032707214355, 0.6467512845993042, 0.7203136682510376, 0.7949962615966797, 0.7796863317489624, 0.7128453850746155, 0.6773711442947388, 0.6956683993339539, 0.7427184581756592], "p_rule": [0.43896484375, 0.305419921875, 0.58642578125, 0.59619140625, 0.351806640625, 0.344482421875, 0.48291015625, 0.9208984375, 0.5546875, 0.392822265625, 0.41943359375, 0.6318359375, 0.89306640625, 0.5791015625, 0.44873046875, 0.420654296875, 0.439453125, 0.51220703125], "adversary_prediction": [0.04391244053840637, 0.34938159584999084, 0.3725337088108063, 0.42044225335121155, 0.2561168372631073, 0.24191412329673767, 0.34963884949684143, 0.4514358937740326, 0.4884059727191925, 0.47793838381767273, 0.48221567273139954, 0.4657337963581085, 0.44201257824897766, 0.38733312487602234, 0.3353452980518341, 0.3303334414958954, 0.344767302274704, 0.4023262560367584]}