{"accuracy": [0.450236976146698, 0.5266587734222412, 0.5266587734222412, 0.674763023853302, 0.6362559199333191, 0.5758293867111206, 0.5906398296356201, 0.6510663628578186, 0.7405213117599487, 0.6949052214622498, 0.5859004855155945, 0.5479857921600342, 0.575236976146698, 0.6694312691688538, 0.7736966609954834, 0.7879146933555603, 0.7263033390045166, 0.6735782027244568], "val_accuracy": [0.5433353185653687, 0.5433353185653687, 0.6873879432678223, 0.6329945921897888, 0.5558876395225525, 0.5600717067718506, 0.6335923671722412, 0.7226539254188538, 0.7005379796028137, 0.5941422581672668, 0.5678421854972839, 0.589958131313324, 0.6598923802375793, 0.7686790227890015, 0.7561267018318176, 0.6915720105171204, 0.6485355496406555, 0.6407650709152222], "p_rule": [0.2357177734375, 0.2357177734375, 0.59521484375, 0.496337890625, 0.353515625, 0.35693359375, 0.42919921875, 0.77490234375, 0.60107421875, 0.32373046875, 0.26904296875, 0.298583984375, 0.5068359375, 0.9716796875, 0.6630859375, 0.4677734375, 0.42822265625, 0.412353515625], "adversary_prediction": [0.34505316615104675, 0.3450463116168976, 0.4149455726146698, 0.4758714735507965, 0.33046475052833557, 0.32600703835487366, 0.4062243402004242, 0.4794926345348358, 0.4568352997303009, 0.4390401542186737, 0.4322546422481537, 0.4472329318523407, 0.4515627324581146, 0.44939467310905457, 0.42787864804267883, 0.38233843445777893, 0.3530636727809906, 0.34610679745674133]}