{"accuracy": [0.4726788103580475, 0.47800976037979126, 0.47800976037979126, 0.47800976037979126, 0.49222567677497864, 0.5948467254638672, 0.6899155974388123, 0.6112838983535767, 0.5375388860702515, 0.5264326930046082, 0.5264326930046082, 0.533984899520874, 0.5868502855300903, 0.6823633909225464, 0.7076854705810547, 0.6623722910881042, 0.622834324836731, 0.5877388119697571], "val_accuracy": [0.4639175236225128, 0.4639175236225128, 0.4639175236225128, 0.47422680258750916, 0.5849394798278809, 0.6687583923339844, 0.6176602244377136, 0.5499776005744934, 0.540116548538208, 0.5396683216094971, 0.5459434986114502, 0.5862841606140137, 0.6808605790138245, 0.6831017732620239, 0.6539668440818787, 0.6051098108291626, 0.5647691488265991, 0.5392200946807861], "p_rule": [0.21484375, 0.21484375, 0.21484375, 0.21875, 0.3701171875, 0.873046875, 0.427490234375, 0.2457275390625, 0.220703125, 0.220703125, 0.2333984375, 0.336669921875, 0.630859375, 0.8818359375, 0.56201171875, 0.38525390625, 0.323974609375, 0.29296875], "adversary_prediction": [0.0038433289155364037, 0.003843942191451788, 0.004177208058536053, 0.022414660081267357, 0.15083804726600647, 0.3227826654911041, 0.3579612076282501, 0.3670724928379059, 0.35624346137046814, 0.36668702960014343, 0.3518103063106537, 0.34053274989128113, 0.31848087906837463, 0.276515930891037, 0.23846063017845154, 0.20698270201683044, 0.18394598364830017, 0.1777033805847168]}