{"accuracy": [0.46800947189331055, 0.5266587734222412, 0.5266587734222412, 0.5266587734222412, 0.5266587734222412, 0.5266587734222412, 0.5266587734222412, 0.5414692163467407, 0.6931279897689819, 0.5776066184043884, 0.5302132964134216, 0.5065165758132935, 0.5, 0.5, 0.5017772316932678, 0.5148104429244995, 0.5367298722267151, 0.5740521550178528], "val_accuracy": [0.5433353185653687, 0.5433353185653687, 0.5433353185653687, 0.5433353185653687, 0.5433353185653687, 0.5433353185653687, 0.5570830702781677, 0.6592946648597717, 0.5481171607971191, 0.49850568175315857, 0.48774656653404236, 0.4787806272506714, 0.47638970613479614, 0.4835624694824219, 0.4913329482078552, 0.5074716210365295, 0.5528990030288696, 0.6210400462150574], "p_rule": [0.2357177734375, 0.2357177734375, 0.2357177734375, 0.2357177734375, 0.2357177734375, 0.2357177734375, 0.255126953125, 0.734375, 0.34619140625, 0.275146484375, 0.2493896484375, 0.2412109375, 0.2412109375, 0.244873046875, 0.259765625, 0.28759765625, 0.347412109375, 0.501953125], "adversary_prediction": [0.34505316615104675, 0.34505316615104675, 0.34505459666252136, 0.34517917037010193, 0.34771934151649475, 0.3673218786716461, 0.42414262890815735, 0.4511164724826813, 0.3669579327106476, 0.29153433442115784, 0.23391461372375488, 0.2088703215122223, 0.20502039790153503, 0.22407954931259155, 0.2522571384906769, 0.28937551379203796, 0.3254437744617462, 0.3565092980861664]}