{"accuracy": [0.4756476581096649, 0.5222797989845276, 0.5222797989845276, 0.5222797989845276, 0.6000000238418579, 0.6911917328834534, 0.6155440211296082, 0.5761657953262329, 0.5673575401306152, 0.5818653106689453, 0.6341968774795532, 0.7031087875366211, 0.6538860201835632, 0.5549222826957703, 0.5383419394493103, 0.5398963689804077, 0.5984455943107605, 0.7072538733482361], "val_accuracy": [0.5439330339431763, 0.5439330339431763, 0.5439330339431763, 0.6140167117118835, 0.6626569032669067, 0.5868200659751892, 0.5455020666122437, 0.5329498052597046, 0.5475941300392151, 0.60721755027771, 0.6746861934661865, 0.6542887091636658, 0.5779288411140442, 0.5601464509963989, 0.5674686431884766, 0.6019874215126038, 0.706589937210083, 0.7384937405586243], "p_rule": [0.21923828125, 0.21923828125, 0.21923828125, 0.37841796875, 0.896484375, 0.459716796875, 0.346923828125, 0.32373046875, 0.3515625, 0.4833984375, 0.943359375, 0.49853515625, 0.282470703125, 0.2442626953125, 0.254150390625, 0.364013671875, 0.642578125, 0.95361328125], "adversary_prediction": [0.34505316615104675, 0.3450535237789154, 0.3457832634449005, 0.39229413866996765, 0.5334641337394714, 0.4482589066028595, 0.3549351394176483, 0.32736578583717346, 0.35404840111732483, 0.3975076973438263, 0.42329373955726624, 0.43370625376701355, 0.4324803054332733, 0.4196169078350067, 0.4197678864002228, 0.41682764887809753, 0.4247575104236603, 0.41418060660362244]}