{"accuracy": [0.44115468859672546, 0.6972612738609314, 0.6965211033821106, 0.6935603022575378, 0.7890451550483704, 0.6976313591003418, 0.7764618992805481, 0.7442635297775269, 0.6935603022575378, 0.7857142686843872, 0.8267949819564819, 0.7982975840568542, 0.8127313256263733, 0.8334566950798035, 0.8293856382369995, 0.8153219819068909, 0.8182827830314636, 0.8316062092781067], "val_accuracy": [0.6833457946777344, 0.6710231304168701, 0.7068707942962646, 0.7897684574127197, 0.7020164132118225, 0.7856609225273132, 0.7483196258544922, 0.6919342875480652, 0.7845407128334045, 0.8170276284217834, 0.794249415397644, 0.8017176985740662, 0.8215085864067078, 0.8181478977203369, 0.8065720796585083, 0.8061986565589905, 0.8159074187278748, 0.8282300233840942], "p_rule": [0.94384765625, 0.57763671875, 0.564453125, 0.8828125, 0.4365234375, 0.58837890625, 0.814453125, 0.5986328125, 0.93017578125, 0.701171875, 0.6015625, 0.62158203125, 0.740234375, 0.943359375, 0.90283203125, 0.90380859375, 0.9921875, 0.8603515625], "adversary_prediction": [0.5369933247566223, 0.5361904501914978, 0.5054227709770203, 0.5152546763420105, 0.2769874632358551, 0.3388991057872772, 0.41811302304267883, 0.4436005651950836, 0.46593615412712097, 0.4507044851779938, 0.4400337040424347, 0.4663937985897064, 0.5240829586982727, 0.5531213879585266, 0.5792433619499207, 0.5765277743339539, 0.5893509984016418, 0.6184790730476379]}