{"accuracy": [0.5132494568824768, 0.5293856263160706, 0.5293856263160706, 0.5293856263160706, 0.5293856263160706, 0.5293856263160706, 0.5293856263160706, 0.5369356274604797, 0.6667653322219849, 0.5706883668899536, 0.5151739716529846, 0.49237602949142456, 0.4840858578681946, 0.483049601316452, 0.4827535152435303, 0.4860103726387024, 0.4982975721359253, 0.5415247678756714], "val_accuracy": [0.5323375463485718, 0.5323375463485718, 0.5323375463485718, 0.5323375463485718, 0.5323375463485718, 0.5323375463485718, 0.540851354598999, 0.6545183062553406, 0.564899206161499, 0.5130694508552551, 0.4885735511779785, 0.48185211420059204, 0.47707244753837585, 0.477221816778183, 0.48200148344039917, 0.49454817175865173, 0.5380134582519531, 0.630022406578064], "p_rule": [0.25, 0.25, 0.25, 0.25, 0.25, 0.25, 0.26318359375, 0.9892578125, 0.4140625, 0.29248046875, 0.262451171875, 0.2587890625, 0.255615234375, 0.255859375, 0.258056640625, 0.26513671875, 0.330078125, 0.5380859375], "adversary_prediction": [0.34505316615104675, 0.34505322575569153, 0.3450574576854706, 0.34546974301338196, 0.3494800627231598, 0.3633725941181183, 0.377459853887558, 0.39448782801628113, 0.32418766617774963, 0.2537936866283417, 0.20236295461654663, 0.17465358972549438, 0.16906392574310303, 0.1810702085494995, 0.19806665182113647, 0.23207977414131165, 0.2653999626636505, 0.2909872829914093]}