{"accuracy": [0.48623037338256836, 0.5877998471260071, 0.614154577255249, 0.6692330241203308, 0.7447438836097717, 0.7314184308052063, 0.6872963905334473, 0.6852235794067383, 0.7326028943061829, 0.790938675403595, 0.7826473116874695, 0.7216464281082153, 0.6775244474411011, 0.6961800456047058, 0.7642878293991089, 0.8152205944061279, 0.8095943331718445, 0.7793899774551392], "val_accuracy": [0.5730504989624023, 0.626829981803894, 0.6746339797973633, 0.7272183895111084, 0.7036151885986328, 0.6761278510093689, 0.67403644323349, 0.7200478315353394, 0.7732297778129578, 0.7726321816444397, 0.7107858061790466, 0.67403644323349, 0.694054365158081, 0.7523155212402344, 0.7977293133735657, 0.8034060597419739, 0.7651628255844116, 0.741559624671936], "p_rule": [0.319580078125, 0.3798828125, 0.50341796875, 0.916015625, 0.62646484375, 0.446044921875, 0.423095703125, 0.5146484375, 0.68896484375, 0.9326171875, 0.6298828125, 0.529296875, 0.580078125, 0.7890625, 0.8740234375, 0.642578125, 0.548828125, 0.50439453125], "adversary_prediction": [0.16572922468185425, 0.4159899652004242, 0.4582233130931854, 0.6568766236305237, 0.5619061589241028, 0.39572885632514954, 0.37818410992622375, 0.42331746220588684, 0.5227426886558533, 0.5531215071678162, 0.5577735304832458, 0.5457002520561218, 0.5335955023765564, 0.5285151600837708, 0.4843689501285553, 0.44086751341819763, 0.40132543444633484, 0.38386180996894836]}