{"accuracy": [0.4566183090209961, 0.48919159173965454, 0.6428782939910889, 0.6641989946365356, 0.5913532972335815, 0.6449511647224426, 0.7166123986244202, 0.716316282749176, 0.655611515045166, 0.6120817065238953, 0.5963873267173767, 0.6215575933456421, 0.6899614930152893, 0.7622149586677551, 0.7462244629859924, 0.6716020107269287, 0.6043825745582581, 0.5919455289840698], "val_accuracy": [0.4705706536769867, 0.6337018013000488, 0.664475679397583, 0.6062145233154297, 0.6495369076728821, 0.7072004675865173, 0.6928592920303345, 0.6423662900924683, 0.5987451672554016, 0.5814161896705627, 0.6089034676551819, 0.6677621603012085, 0.7451449036598206, 0.7424559593200684, 0.6764266490936279, 0.6145802140235901, 0.6026292443275452, 0.629518985748291], "p_rule": [0.2095947265625, 0.50341796875, 0.5390625, 0.3251953125, 0.44287109375, 0.767578125, 0.74658203125, 0.44287109375, 0.3349609375, 0.31298828125, 0.34423828125, 0.472900390625, 0.7490234375, 0.798828125, 0.494140625, 0.34375, 0.318115234375, 0.37841796875], "adversary_prediction": [-0.027253123000264168, 0.45300665497779846, 0.35118749737739563, 0.357966810464859, 0.38280627131462097, 0.46108177304267883, 0.4671773612499237, 0.3691439926624298, 0.28850308060646057, 0.2623509466648102, 0.2826463282108307, 0.31172648072242737, 0.3586789071559906, 0.38002291321754456, 0.3924303948879242, 0.3943370282649994, 0.397481769323349, 0.40101972222328186]}