{"accuracy": [0.4965578615665436, 0.7044192552566528, 0.7603819966316223, 0.7059738039970398, 0.5924938917160034, 0.720852792263031, 0.7359538078308105, 0.6964246034622192, 0.794581413269043, 0.8076837658882141, 0.7521651983261108, 0.7570508718490601, 0.8092383146286011, 0.8159005045890808, 0.7972462773323059, 0.785698413848877, 0.7994670271873474, 0.8287808299064636], "val_accuracy": [0.6816043257713318, 0.7454627156257629, 0.6952722668647766, 0.5913062691688538, 0.7230562567710876, 0.7250728011131287, 0.691239058971405, 0.7766076922416687, 0.7866905927658081, 0.7353798151016235, 0.7436701655387878, 0.7875868082046509, 0.7900515198707581, 0.7754873633384705, 0.7642841339111328, 0.7804167866706848, 0.8025991320610046, 0.8102173209190369], "p_rule": [0.95166015625, 0.94482421875, 0.466796875, 0.393310546875, 0.78662109375, 0.51220703125, 0.446044921875, 0.6220703125, 0.95068359375, 0.67529296875, 0.7001953125, 0.91845703125, 0.80419921875, 0.6318359375, 0.59716796875, 0.62646484375, 0.74609375, 0.8984375], "adversary_prediction": [0.6101835370063782, 0.6587819457054138, 0.35424986481666565, 0.5604299902915955, 0.5933008790016174, 0.45695117115974426, 0.4383348524570465, 0.5659025311470032, 0.5666089653968811, 0.5603379607200623, 0.5628605484962463, 0.5898314118385315, 0.5934038758277893, 0.5659422278404236, 0.5514749884605408, 0.575031578540802, 0.595176637172699, 0.6085348725318909]}