{"accuracy": [0.4867865741252899, 0.5227625966072083, 0.6600044369697571, 0.6724405884742737, 0.6298023462295532, 0.6298023462295532, 0.6791028380393982, 0.7501665353775024, 0.6799911260604858, 0.5636242628097534, 0.5494114756584167, 0.5938263535499573, 0.7290695309638977, 0.785698413848877, 0.6997557282447815, 0.63979572057724, 0.6395736336708069, 0.675993800163269], "val_accuracy": [0.5267757177352905, 0.6527000069618225, 0.6457539796829224, 0.6128165125846863, 0.6179699897766113, 0.6627829074859619, 0.7237284183502197, 0.6773470640182495, 0.5657629370689392, 0.5525431036949158, 0.596907913684845, 0.7268653512001038, 0.7638359665870667, 0.6923593878746033, 0.6358951330184937, 0.6314138174057007, 0.6625587940216064, 0.724848747253418], "p_rule": [0.2193603515625, 0.52001953125, 0.66796875, 0.455322265625, 0.43115234375, 0.54638671875, 0.8662109375, 0.5400390625, 0.288818359375, 0.270263671875, 0.362548828125, 0.78515625, 0.67333984375, 0.452880859375, 0.374267578125, 0.366943359375, 0.410400390625, 0.51513671875], "adversary_prediction": [0.34505364298820496, 0.4941311776638031, 0.5612171292304993, 0.47110554575920105, 0.4618712365627289, 0.5105287432670593, 0.5613889098167419, 0.5259084105491638, 0.47956857085227966, 0.4634648263454437, 0.46660247445106506, 0.445443719625473, 0.4108700454235077, 0.35821929574012756, 0.3224768340587616, 0.32786622643470764, 0.35417208075523376, 0.3980214297771454]}