{"accuracy": [0.5052187442779541, 0.5227625966072083, 0.5227625966072083, 0.5227625966072083, 0.5227625966072083, 0.5227625966072083, 0.5265378355979919, 0.6957584023475647, 0.6371307969093323, 0.5518543124198914, 0.5240950584411621, 0.5129913687705994, 0.5205418467521667, 0.5458583235740662, 0.5909394025802612, 0.6719964742660522, 0.7255163192749023, 0.6757717132568359], "val_accuracy": [0.5267757177352905, 0.5267757177352905, 0.5267757177352905, 0.5267757177352905, 0.5267757177352905, 0.5292404294013977, 0.6802599430084229, 0.6148330569267273, 0.5435805320739746, 0.5110911726951599, 0.5021286010742188, 0.5099708437919617, 0.5357382893562317, 0.5812233686447144, 0.6529240608215332, 0.6970647573471069, 0.6674882173538208, 0.5612816214561462], "p_rule": [0.2193603515625, 0.2193603515625, 0.2193603515625, 0.2193603515625, 0.2193603515625, 0.22509765625, 0.80712890625, 0.48681640625, 0.296142578125, 0.2509765625, 0.2398681640625, 0.2464599609375, 0.276611328125, 0.34814453125, 0.5712890625, 0.99560546875, 0.51904296875, 0.275390625], "adversary_prediction": [0.34505316615104675, 0.3450533449649811, 0.3450596034526825, 0.34534528851509094, 0.34954431653022766, 0.3808867037296295, 0.4342963993549347, 0.3951449692249298, 0.2876882255077362, 0.2326411008834839, 0.2193591594696045, 0.23174872994422913, 0.26330092549324036, 0.300702840089798, 0.33169087767601013, 0.3534480035305023, 0.3649758994579315, 0.3642823398113251]}