{"accuracy": [0.4556961953639984, 0.5227625966072083, 0.5369753241539001, 0.709304928779602, 0.6286919713020325, 0.60493004322052, 0.6415722966194153, 0.7350655198097229, 0.7161892056465149, 0.5964912176132202, 0.5565178990364075, 0.5711748003959656, 0.6608927249908447, 0.7628247737884521, 0.777037501335144, 0.7195203304290771, 0.6853209137916565, 0.6735509634017944], "val_accuracy": [0.5267757177352905, 0.5399954915046692, 0.6838449239730835, 0.6132646203041077, 0.5960116386413574, 0.6289491653442383, 0.7019941806793213, 0.7064754366874695, 0.5962356925010681, 0.5608335137367249, 0.5767421126365662, 0.6558368802070618, 0.7488236427307129, 0.7575621604919434, 0.7127492427825928, 0.6706251502037048, 0.6574053168296814, 0.675106406211853], "p_rule": [0.2193603515625, 0.2403564453125, 0.89501953125, 0.4072265625, 0.35986328125, 0.41748046875, 0.66064453125, 0.705078125, 0.349609375, 0.276123046875, 0.29931640625, 0.489990234375, 0.90380859375, 0.68798828125, 0.50146484375, 0.43408203125, 0.4228515625, 0.441162109375], "adversary_prediction": [0.3450533449649811, 0.3495350182056427, 0.6141751408576965, 0.39134445786476135, 0.3375685513019562, 0.38975629210472107, 0.4879430830478668, 0.5338005423545837, 0.48257020115852356, 0.47108522057533264, 0.4818994700908661, 0.48994794487953186, 0.48368188738822937, 0.45766445994377136, 0.42198726534843445, 0.39614877104759216, 0.3921349346637726, 0.4078259766101837]}