{"accuracy": [0.4822353720664978, 0.5173945426940918, 0.5173945426940918, 0.5173945426940918, 0.5173945426940918, 0.5173945426940918, 0.5810510516166687, 0.6850481033325195, 0.6221317648887634, 0.5558845400810242, 0.5296077132225037, 0.5181347131729126, 0.5148038268089294, 0.5255366563796997, 0.5458919405937195, 0.6010362505912781, 0.681347131729126, 0.6887490749359131], "val_accuracy": [0.5324869155883789, 0.5324869155883789, 0.5324869155883789, 0.5324869155883789, 0.5324869155883789, 0.5922330021858215, 0.6762509346008301, 0.609783411026001, 0.5436893105506897, 0.510828971862793, 0.50261390209198, 0.5, 0.5085884928703308, 0.5280059576034546, 0.5944734811782837, 0.6751306653022766, 0.694921612739563, 0.5955937504768372], "p_rule": [0.20849609375, 0.20849609375, 0.20849609375, 0.20849609375, 0.20849609375, 0.3154296875, 0.9716796875, 0.4677734375, 0.296630859375, 0.246826171875, 0.2315673828125, 0.2322998046875, 0.239501953125, 0.271484375, 0.37451171875, 0.6953125, 0.658203125, 0.319091796875], "adversary_prediction": [0.34505316615104675, 0.34505316615104675, 0.345057874917984, 0.3457392156124115, 0.35462966561317444, 0.3917560875415802, 0.4185800850391388, 0.3626081645488739, 0.26255080103874207, 0.2078041136264801, 0.18809163570404053, 0.19327640533447266, 0.21024850010871887, 0.23919269442558289, 0.27133503556251526, 0.2966149151325226, 0.3156575858592987, 0.32638975977897644]}