{"accuracy": [0.477276086807251, 0.5293856263160706, 0.6688379049301147, 0.6404145359992981, 0.5911176800727844, 0.6171724796295166, 0.7083641886711121, 0.7286454439163208, 0.6011843085289001, 0.55558842420578, 0.5758697390556335, 0.6682457327842712, 0.7749814987182617, 0.7508512139320374, 0.6676535606384277, 0.6242783069610596, 0.6322723627090454, 0.688675045967102], "val_accuracy": [0.5323375463485718, 0.6636295914649963, 0.6327109932899475, 0.5810306072235107, 0.6094099879264832, 0.6981329321861267, 0.7274085283279419, 0.6046302914619446, 0.5626587271690369, 0.5804331302642822, 0.6721433997154236, 0.7671396732330322, 0.7405526638031006, 0.654966413974762, 0.6141896843910217, 0.6237490773200989, 0.6754294037818909, 0.7395070791244507], "p_rule": [0.25, 0.57666015625, 0.470947265625, 0.3720703125, 0.405029296875, 0.611328125, 0.8017578125, 0.37646484375, 0.296142578125, 0.330322265625, 0.556640625, 0.93212890625, 0.57666015625, 0.4287109375, 0.38427734375, 0.39453125, 0.461181640625, 0.57080078125], "adversary_prediction": [0.3450545370578766, 0.45241233706474304, 0.49241456389427185, 0.38270094990730286, 0.40098604559898376, 0.4866621196269989, 0.5135557055473328, 0.4731889069080353, 0.45194706320762634, 0.4445464313030243, 0.45848873257637024, 0.42862358689308167, 0.38124552369117737, 0.337430864572525, 0.3160158693790436, 0.32192710041999817, 0.34526076912879944, 0.3807774484157562]}