{"accuracy": [0.5051813721656799, 0.5222797989845276, 0.5222797989845276, 0.5222797989845276, 0.5222797989845276, 0.5222797989845276, 0.5222797989845276, 0.5222797989845276, 0.5222797989845276, 0.6917098164558411, 0.5274611115455627, 0.4834196865558624, 0.4777202010154724, 0.4777202010154724, 0.4777202010154724, 0.4777202010154724, 0.4777202010154724, 0.4777202010154724], "val_accuracy": [0.5439330339431763, 0.5439330339431763, 0.5439330339431763, 0.5439330339431763, 0.5439330339431763, 0.5439330339431763, 0.5439330339431763, 0.5439330339431763, 0.6799163222312927, 0.5057531595230103, 0.4602510333061218, 0.45606693625450134, 0.4565899670124054, 0.45606693625450134, 0.45606693625450134, 0.4565899670124054, 0.45606693625450134, 0.4576359689235687], "p_rule": [0.21923828125, 0.21923828125, 0.21923828125, 0.21923828125, 0.21923828125, 0.21923828125, 0.21923828125, 0.21923828125, 0.79541015625, 0.261474609375, 0.2261962890625, 0.21923828125, 0.21923828125, 0.21923828125, 0.21923828125, 0.21923828125, 0.21923828125, 0.220703125], "adversary_prediction": [0.34505316615104675, 0.34505316615104675, 0.3450532853603363, 0.34506329894065857, 0.3451826870441437, 0.34569820761680603, 0.3448971211910248, 0.3277347981929779, 0.2655840218067169, 0.1839449405670166, 0.11867795884609222, 0.0854547917842865, 0.07213792204856873, 0.07101717591285706, 0.07420967519283295, 0.08739675581455231, 0.10565352439880371, 0.13244381546974182]}