{"accuracy": [0.4548482596874237, 0.4840858578681946, 0.6099185943603516, 0.6802368760108948, 0.5988156795501709, 0.6221317648887634, 0.7139156460762024, 0.7394522428512573, 0.6528497338294983, 0.5806809663772583, 0.5706883668899536, 0.6169503927230835, 0.7231680154800415, 0.7975573539733887, 0.7264989018440247, 0.6306439638137817, 0.5988156795501709, 0.6180607080459595], "val_accuracy": [0.4690067172050476, 0.6127707362174988, 0.6803584694862366, 0.6120238900184631, 0.6329350471496582, 0.7079910635948181, 0.7255414724349976, 0.6377893686294556, 0.5761762261390686, 0.5683345794677734, 0.6090365648269653, 0.7154592871665955, 0.7819268107414246, 0.7188200354576111, 0.6340552568435669, 0.6090365648269653, 0.6221060752868652, 0.6695294976234436], "p_rule": [0.2105712890625, 0.406494140625, 0.66259765625, 0.350830078125, 0.3984375, 0.7001953125, 0.666015625, 0.3857421875, 0.2939453125, 0.285400390625, 0.344482421875, 0.49267578125, 0.83056640625, 0.68212890625, 0.40380859375, 0.342041015625, 0.3681640625, 0.4990234375], "adversary_prediction": [0.007632051594555378, 0.16702154278755188, 0.49827465415000916, 0.42407265305519104, 0.450639933347702, 0.5223742127418518, 0.45573344826698303, 0.288778692483902, 0.20917591452598572, 0.21599942445755005, 0.26097366213798523, 0.33266356587409973, 0.39963069558143616, 0.433331161737442, 0.44897934794425964, 0.458297997713089, 0.47256991267204285, 0.46182867884635925]}