{"accuracy": [0.36753275990486145, 0.7073062658309937, 0.7557184100151062, 0.7925827503204346, 0.7412835955619812, 0.6580057740211487, 0.8067954778671265, 0.7839218378067017, 0.811903178691864, 0.8043526411056519, 0.7996891140937805, 0.8114590048789978, 0.8096824288368225, 0.8063513040542603, 0.8210082054138184, 0.8385520577430725, 0.8332222700119019, 0.8318898677825928], "val_accuracy": [0.6798117756843567, 0.7304503917694092, 0.7698857188224792, 0.7418776750564575, 0.6509074568748474, 0.7956531643867493, 0.7725744843482971, 0.7954291105270386, 0.7860183715820312, 0.7799686193466187, 0.7884830832481384, 0.788034975528717, 0.7878108620643616, 0.7978938221931458, 0.8111135959625244, 0.8142505288124084, 0.8090969920158386, 0.8216446042060852], "p_rule": [0.9765625, 0.8662109375, 0.8427734375, 0.56982421875, 0.572265625, 0.74951171875, 0.5908203125, 0.78369140625, 0.8896484375, 0.8271484375, 0.947265625, 0.83349609375, 0.70361328125, 0.73193359375, 0.8515625, 0.96533203125, 0.99609375, 0.91552734375], "adversary_prediction": [0.5250604748725891, 0.5257859826087952, 0.46642228960990906, 0.3388126790523529, 0.49330565333366394, 0.5559365153312683, 0.5878903269767761, 0.6371727585792542, 0.6338129639625549, 0.6284825205802917, 0.6556968092918396, 0.6752609610557556, 0.6741988062858582, 0.6622106432914734, 0.6870196461677551, 0.6825427412986755, 0.688471257686615, 0.6802061200141907]}