{"accuracy": [0.5024433732032776, 0.5219902396202087, 0.5219902396202087, 0.5219902396202087, 0.5219902396202087, 0.5219902396202087, 0.5219902396202087, 0.5219902396202087, 0.5219902396202087, 0.6286094784736633, 0.6183918118476868, 0.5255442261695862, 0.4913371801376343, 0.48467347025871277, 0.48245224356651306, 0.4864504635334015, 0.49400267004966736, 0.520657479763031], "val_accuracy": [0.5360824465751648, 0.5360824465751648, 0.5360824465751648, 0.5360824465751648, 0.5360824465751648, 0.5360824465751648, 0.5360824465751648, 0.5360824465751648, 0.651277482509613, 0.6006275415420532, 0.5060511231422424, 0.47557148337364197, 0.46929627656936646, 0.46929627656936646, 0.47153744101524353, 0.4787091016769409, 0.49887943267822266, 0.5396683216094971], "p_rule": [0.2147216796875, 0.2147216796875, 0.2147216796875, 0.2147216796875, 0.2147216796875, 0.2147216796875, 0.2147216796875, 0.2147216796875, 0.45703125, 0.440185546875, 0.2430419921875, 0.223388671875, 0.21875, 0.2161865234375, 0.2200927734375, 0.223388671875, 0.2423095703125, 0.302001953125], "adversary_prediction": [0.34505316615104675, 0.34505316615104675, 0.34505340456962585, 0.34507670998573303, 0.34537091851234436, 0.34745314717292786, 0.3542979061603546, 0.3730032742023468, 0.4000265300273895, 0.36597874760627747, 0.2731330096721649, 0.21299827098846436, 0.18754026293754578, 0.1810239851474762, 0.19954806566238403, 0.2244565486907959, 0.26366540789604187, 0.30523213744163513]}