{"accuracy": [0.5876777172088623, 0.5266587734222412, 0.5266587734222412, 0.5266587734222412, 0.5266587734222412, 0.5438388586044312, 0.7008293867111206, 0.5728672742843628, 0.5136256217956543, 0.5023696422576904, 0.5077013969421387, 0.5462085604667664, 0.6060426831245422, 0.7085307836532593, 0.7405213117599487, 0.6581753492355347, 0.575236976146698, 0.5545023679733276], "val_accuracy": [0.5433353185653687, 0.5433353185653687, 0.5433353185653687, 0.5433353185653687, 0.5505080819129944, 0.6694560647010803, 0.5319784879684448, 0.4841601848602295, 0.4739988148212433, 0.48117154836654663, 0.5176330208778381, 0.5756126642227173, 0.6784219741821289, 0.7220562100410461, 0.653317391872406, 0.581589937210083, 0.5630603432655334, 0.5636581182479858], "p_rule": [0.2357177734375, 0.2357177734375, 0.2357177734375, 0.2357177734375, 0.270263671875, 0.759765625, 0.322021484375, 0.260498046875, 0.250244140625, 0.2568359375, 0.28466796875, 0.360107421875, 0.623046875, 0.9140625, 0.47314453125, 0.32373046875, 0.27880859375, 0.27783203125], "adversary_prediction": [0.34505316615104675, 0.3450533449649811, 0.3451313078403473, 0.3514074981212616, 0.4065372049808502, 0.440353125333786, 0.3107523024082184, 0.22815051674842834, 0.21123000979423523, 0.23114106059074402, 0.278213232755661, 0.328628271818161, 0.3743768632411957, 0.4014070928096771, 0.4101978838443756, 0.413389652967453, 0.41410306096076965, 0.4154631197452545]}