{"accuracy": [0.48445364832878113, 0.5185075402259827, 0.5185075402259827, 0.5185075402259827, 0.5185075402259827, 0.5185075402259827, 0.5185075402259827, 0.5185075402259827, 0.5442700386047363, 0.5987563133239746, 0.498667448759079, 0.48386141657829285, 0.4817885756492615, 0.48149245977401733, 0.48149245977401733, 0.48149245977401733, 0.48238080739974976, 0.4856381416320801], "val_accuracy": [0.5333133935928345, 0.5333133935928345, 0.5333133935928345, 0.5333133935928345, 0.5333133935928345, 0.5333133935928345, 0.5333133935928345, 0.559605598449707, 0.5861966013908386, 0.4881983995437622, 0.4690767824649811, 0.4672841429710388, 0.46668657660484314, 0.4669853746891022, 0.46668657660484314, 0.46758291125297546, 0.47027188539505005, 0.4908873736858368], "p_rule": [0.207763671875, 0.207763671875, 0.207763671875, 0.207763671875, 0.207763671875, 0.207763671875, 0.207763671875, 0.25244140625, 0.400634765625, 0.2181396484375, 0.208740234375, 0.2073974609375, 0.2078857421875, 0.2078857421875, 0.2078857421875, 0.208740234375, 0.2103271484375, 0.2200927734375], "adversary_prediction": [0.34505316615104675, 0.34505316615104675, 0.3450529873371124, 0.34507355093955994, 0.3453899323940277, 0.3457757532596588, 0.3383447229862213, 0.30760815739631653, 0.22441717982292175, 0.1492231786251068, 0.0996948778629303, 0.0787806361913681, 0.07408934831619263, 0.07716818153858185, 0.08862480521202087, 0.10860860347747803, 0.13517442345619202, 0.1743805706501007]}