{"accuracy": [0.5015548467636108, 0.47800976037979126, 0.48289647698402405, 0.561972439289093, 0.6801421642303467, 0.6663705110549927, 0.5881830453872681, 0.5770768523216248, 0.6206130385398865, 0.7099066972732544, 0.7156819105148315, 0.6548200845718384, 0.5908485054969788, 0.5681918859481812, 0.5730786323547363, 0.6152821183204651, 0.6868058443069458, 0.7525544166564941], "val_accuracy": [0.4639175236225128, 0.46571043133735657, 0.5468399524688721, 0.6557597517967224, 0.6620349884033203, 0.5943523049354553, 0.5795607566833496, 0.6257283687591553, 0.6961004137992859, 0.6938592791557312, 0.6248319149017334, 0.5688032507896423, 0.5472882390022278, 0.5558045506477356, 0.589421808719635, 0.6597937941551208, 0.7315105199813843, 0.7306140661239624], "p_rule": [0.21484375, 0.2193603515625, 0.3125, 0.7529296875, 0.591796875, 0.34716796875, 0.3154296875, 0.412841796875, 0.73486328125, 0.796875, 0.44287109375, 0.302001953125, 0.2724609375, 0.2783203125, 0.335205078125, 0.48583984375, 0.76513671875, 0.79248046875], "adversary_prediction": [0.004139875527471304, 0.01733548194169998, 0.16771820187568665, 0.49378976225852966, 0.45363667607307434, 0.4003579318523407, 0.40009716153144836, 0.41935089230537415, 0.434193879365921, 0.39930930733680725, 0.3473057448863983, 0.29565444588661194, 0.2586166560649872, 0.2696365416049957, 0.2849253714084625, 0.3153093755245209, 0.34189096093177795, 0.3612474501132965]}