{"accuracy": [0.4566183090209961, 0.5185075402259827, 0.5522653460502625, 0.7000296115875244, 0.6209653615951538, 0.5960912108421326, 0.6328101754188538, 0.7189813256263733, 0.7118744254112244, 0.6153390407562256, 0.5635179281234741, 0.5691441893577576, 0.6248149275779724, 0.7400059103965759, 0.7938998937606812, 0.732899010181427, 0.6816701292991638, 0.655019223690033], "val_accuracy": [0.5333133935928345, 0.5670750141143799, 0.6907678246498108, 0.6127875447273254, 0.5858978033065796, 0.619360625743866, 0.696444571018219, 0.7101882100105286, 0.6205556988716125, 0.582013726234436, 0.5861966013908386, 0.6307140588760376, 0.728712260723114, 0.7747236490249634, 0.728712260723114, 0.6770241856575012, 0.6531221866607666, 0.664475679397583], "p_rule": [0.207763671875, 0.25830078125, 0.86669921875, 0.40234375, 0.333984375, 0.39453125, 0.68212890625, 0.68701171875, 0.377685546875, 0.29248046875, 0.2998046875, 0.425537109375, 0.75537109375, 0.82080078125, 0.529296875, 0.408203125, 0.38671875, 0.39892578125], "adversary_prediction": [0.3450540602207184, 0.3512842357158661, 0.5355589985847473, 0.2887657582759857, 0.21318641304969788, 0.2727864682674408, 0.3703702390193939, 0.43663516640663147, 0.44242653250694275, 0.44087907671928406, 0.4445916712284088, 0.43788012862205505, 0.4209577739238739, 0.3848743140697479, 0.3371663987636566, 0.31418517231941223, 0.306930273771286, 0.3184540569782257]}