{"accuracy": [0.49392953515052795, 0.48149245977401733, 0.48149245977401733, 0.5037015080451965, 0.5827657580375671, 0.674859344959259, 0.6482084393501282, 0.5783239603042603, 0.5676636099815369, 0.6029019951820374, 0.6716020107269287, 0.7192774415016174, 0.6870002746582031, 0.6257032752037048, 0.5833579897880554, 0.5676636099815369, 0.5783239603042603, 0.6085282564163208], "val_accuracy": [0.46668657660484314, 0.46668657660484314, 0.4873020648956299, 0.5730504989624023, 0.6579025983810425, 0.6429638266563416, 0.5864953398704529, 0.5733492970466614, 0.606812059879303, 0.6755303144454956, 0.6979384422302246, 0.6686584949493408, 0.6106961369514465, 0.5703614950180054, 0.5548252463340759, 0.5667762160301208, 0.5933672189712524, 0.6432626247406006], "p_rule": [0.2078857421875, 0.2078857421875, 0.229248046875, 0.360595703125, 0.80810546875, 0.5185546875, 0.315185546875, 0.28076171875, 0.35546875, 0.60009765625, 0.97021484375, 0.58203125, 0.357421875, 0.298583984375, 0.273681640625, 0.289306640625, 0.333740234375, 0.43896484375], "adversary_prediction": [0.003843336133286357, 0.003520280821248889, 0.042624540627002716, 0.18927887082099915, 0.41832640767097473, 0.40348586440086365, 0.37451794743537903, 0.37103620171546936, 0.38590869307518005, 0.3839479386806488, 0.3557133972644806, 0.30726584792137146, 0.2599778473377228, 0.2301865518093109, 0.21248212456703186, 0.22633114457130432, 0.2422439157962799, 0.2656311094760895]}