{"accuracy": [0.5149540901184082, 0.48149245977401733, 0.48149245977401733, 0.48149245977401733, 0.48149245977401733, 0.48149245977401733, 0.48386141657829285, 0.5309446454048157, 0.6813740134239197, 0.5481196045875549, 0.5185075402259827, 0.5185075402259827, 0.5185075402259827, 0.5185075402259827, 0.5185075402259827, 0.5214687585830688, 0.6194847226142883, 0.7009179592132568], "val_accuracy": [0.46668657660484314, 0.46668657660484314, 0.46668657660484314, 0.46668657660484314, 0.46668657660484314, 0.4690767824649811, 0.5258440375328064, 0.6626830101013184, 0.5628921389579773, 0.5333133935928345, 0.5333133935928345, 0.5333133935928345, 0.5333133935928345, 0.5333133935928345, 0.5354048609733582, 0.6289214491844177, 0.6895727515220642, 0.6761278510093689], "p_rule": [0.2078857421875, 0.2078857421875, 0.2078857421875, 0.2078857421875, 0.2078857421875, 0.2095947265625, 0.2666015625, 0.8212890625, 0.25439453125, 0.207763671875, 0.207763671875, 0.207763671875, 0.207763671875, 0.207763671875, 0.2130126953125, 0.38720703125, 0.798828125, 0.75], "adversary_prediction": [0.0038433284498751163, 0.003843337995931506, 0.0038478937931358814, 0.004172979388386011, 0.009035388939082623, 0.034423161298036575, 0.15830707550048828, 0.3181903064250946, 0.36244383454322815, 0.3590691387653351, 0.358765572309494, 0.35885104537010193, 0.36589011549949646, 0.3696935474872589, 0.3712885081768036, 0.3571154773235321, 0.3439396321773529, 0.3168767988681793]}