{"accuracy": [0.46224460005760193, 0.5185075402259827, 0.5185075402259827, 0.5185075402259827, 0.5185075402259827, 0.5185075402259827, 0.5185075402259827, 0.672194242477417, 0.6055670976638794, 0.5013325214385986, 0.48474976420402527, 0.4826769232749939, 0.4826769232749939, 0.4850459098815918, 0.4971868395805359, 0.5395321249961853, 0.647912323474884, 0.7320106625556946], "val_accuracy": [0.5333133935928345, 0.5333133935928345, 0.5333133935928345, 0.5333133935928345, 0.5333133935928345, 0.5333133935928345, 0.6671646237373352, 0.596952497959137, 0.48640573024749756, 0.4693755507469177, 0.4672841429710388, 0.4672841429710388, 0.46877801418304443, 0.4804302453994751, 0.5294293165206909, 0.639378547668457, 0.7200478315353394, 0.6728413701057434], "p_rule": [0.207763671875, 0.207763671875, 0.207763671875, 0.207763671875, 0.207763671875, 0.207763671875, 0.529296875, 0.374755859375, 0.2169189453125, 0.2109375, 0.2081298828125, 0.2073974609375, 0.2091064453125, 0.2152099609375, 0.25341796875, 0.43359375, 0.984375, 0.475830078125], "adversary_prediction": [0.34505316615104675, 0.3450533449649811, 0.34505948424339294, 0.3456314504146576, 0.3518606722354889, 0.3644598424434662, 0.36694756150245667, 0.27917245030403137, 0.17748603224754333, 0.12848979234695435, 0.11704578995704651, 0.12555043399333954, 0.14858204126358032, 0.18536138534545898, 0.2281254529953003, 0.2690337002277374, 0.29954537749290466, 0.32149699330329895]}