{"accuracy": [0.5444312691688538, 0.5740521550178528, 0.5550947785377502, 0.600710928440094, 0.7369668483734131, 0.7488151788711548, 0.6741706132888794, 0.6433649063110352, 0.6848341226577759, 0.7535545229911804, 0.803909957408905, 0.7831753492355347, 0.7221564054489136, 0.6777251362800598, 0.6830568909645081, 0.7209715843200684, 0.7867298722267151, 0.8228672742843628], "val_accuracy": [0.5791990160942078, 0.5248057246208191, 0.5714285969734192, 0.7118948101997375, 0.7340107560157776, 0.6604901552200317, 0.6306037306785583, 0.6652719378471375, 0.7429766654968262, 0.7782427072525024, 0.7603108286857605, 0.6969515681266785, 0.6748356223106384, 0.6778242588043213, 0.7101016044616699, 0.7686790227890015, 0.7925881743431091, 0.7913926839828491], "p_rule": [0.3154296875, 0.294677734375, 0.331298828125, 0.58203125, 0.86328125, 0.51806640625, 0.4462890625, 0.53759765625, 0.7841796875, 0.865234375, 0.62158203125, 0.50439453125, 0.431884765625, 0.437744140625, 0.50048828125, 0.59521484375, 0.7509765625, 0.9423828125], "adversary_prediction": [0.523259699344635, 0.1625664234161377, 0.25338757038116455, 0.5650313496589661, 0.7470361590385437, 0.654324471950531, 0.6124264597892761, 0.66001957654953, 0.7150643467903137, 0.686381995677948, 0.603268563747406, 0.5102675557136536, 0.45260271430015564, 0.4577629864215851, 0.4973304569721222, 0.558182418346405, 0.62428218126297, 0.6482173800468445]}