{"accuracy": [0.5300518274307251, 0.5772020816802979, 0.6409326195716858, 0.6601036190986633, 0.7248704433441162, 0.720725417137146, 0.6761658191680908, 0.6720207333564758, 0.7430051565170288, 0.7787564992904663, 0.685492217540741, 0.6352331638336182, 0.6533678770065308, 0.7538859844207764, 0.810362696647644, 0.7860103845596313, 0.7502590417861938, 0.7414507865905762], "val_accuracy": [0.5737447738647461, 0.6480125784873962, 0.6663179993629456, 0.7128661274909973, 0.6961296796798706, 0.6527196764945984, 0.6501045823097229, 0.7222803235054016, 0.776150643825531, 0.6689330339431763, 0.6328451633453369, 0.6563807725906372, 0.741108775138855, 0.8028242588043213, 0.767259418964386, 0.7201882600784302, 0.7139121294021606, 0.7379707098007202], "p_rule": [0.34765625, 0.478515625, 0.50537109375, 0.92822265625, 0.63427734375, 0.449951171875, 0.436279296875, 0.52685546875, 0.86669921875, 0.60009765625, 0.442138671875, 0.513671875, 0.849609375, 0.765625, 0.5751953125, 0.4970703125, 0.48681640625, 0.529296875], "adversary_prediction": [0.12489108741283417, 0.4350639879703522, 0.49890944361686707, 0.5687345862388611, 0.508632242679596, 0.4165080487728119, 0.3985925018787384, 0.4565906822681427, 0.516812264919281, 0.5429317355155945, 0.5302484631538391, 0.5214235186576843, 0.5294467806816101, 0.5029100775718689, 0.47296032309532166, 0.46080222725868225, 0.46410617232322693, 0.5029924511909485]}