{"accuracy": [0.42827534675598145, 0.4704663157463074, 0.5755736231803894, 0.68852698802948, 0.5943745374679565, 0.6026647090911865, 0.6771280765533447, 0.7176905870437622, 0.6769800186157227, 0.6192449927330017, 0.5881569385528564, 0.5920059084892273, 0.6293116211891174, 0.7000740170478821, 0.7641746997833252, 0.7314581871032715, 0.6522575616836548, 0.5968911647796631], "val_accuracy": [0.4679611623287201, 0.5672889947891235, 0.6833457946777344, 0.5982075929641724, 0.6038835048675537, 0.6728902459144592, 0.7100821733474731, 0.6663181185722351, 0.6104555726051331, 0.5789394974708557, 0.5820761919021606, 0.6241971850395203, 0.6933532357215881, 0.7536967992782593, 0.7247199416160583, 0.6504854559898376, 0.5998506546020508, 0.5952203273773193], "p_rule": [0.2498779296875, 0.37890625, 0.81982421875, 0.370361328125, 0.377197265625, 0.599609375, 0.90185546875, 0.52734375, 0.385986328125, 0.343017578125, 0.342529296875, 0.3828125, 0.50537109375, 0.751953125, 0.79541015625, 0.489013671875, 0.369873046875, 0.36083984375], "adversary_prediction": [0.004402197897434235, 0.1984838843345642, 0.48584356904029846, 0.37163808941841125, 0.3900732100009918, 0.44375261664390564, 0.4717569649219513, 0.37301966547966003, 0.28338590264320374, 0.24407252669334412, 0.23621749877929688, 0.26720157265663147, 0.3080422580242157, 0.34548309445381165, 0.36831799149513245, 0.3754464089870453, 0.3766542375087738, 0.38504037261009216]}