{"accuracy": [0.5426540374755859, 0.4733412265777588, 0.49289098381996155, 0.7168246507644653, 0.5651658773422241, 0.5491706132888794, 0.6267772316932678, 0.7191942930221558, 0.7227488160133362, 0.6729857921600342, 0.625, 0.6054502129554749, 0.6137440800666809, 0.6469194293022156, 0.704383909702301, 0.7636256217956543, 0.7606635093688965, 0.7103080749511719], "val_accuracy": [0.45666468143463135, 0.47280335426330566, 0.6993424892425537, 0.5756126642227173, 0.5582785606384277, 0.6395696401596069, 0.7196652889251709, 0.6945606470108032, 0.6323968768119812, 0.5905559062957764, 0.5756126642227173, 0.5851763486862183, 0.6186491250991821, 0.6808128952980042, 0.725044846534729, 0.7501494288444519, 0.7196652889251709, 0.6724447011947632], "p_rule": [0.23583984375, 0.2467041015625, 0.6982421875, 0.29638671875, 0.27099609375, 0.414794921875, 0.8408203125, 0.69287109375, 0.49267578125, 0.3779296875, 0.344970703125, 0.355712890625, 0.4091796875, 0.52587890625, 0.74609375, 0.96533203125, 0.658203125, 0.529296875], "adversary_prediction": [0.0038563727866858244, 0.03838176280260086, 0.6054158806800842, 0.3832320272922516, 0.3979743421077728, 0.4572952687740326, 0.5307688117027283, 0.5134031176567078, 0.43702432513237, 0.3739570677280426, 0.3439752757549286, 0.3505455553531647, 0.3721933662891388, 0.410925954580307, 0.44818422198295593, 0.47517386078834534, 0.48964163661003113, 0.48715922236442566]}