{"accuracy": [0.481495201587677, 0.6683937907218933, 0.6017764806747437, 0.6199111938476562, 0.7253885865211487, 0.6998519897460938, 0.5777202248573303, 0.628793478012085, 0.7897853255271912, 0.7594374418258667, 0.6591413617134094, 0.6210214495658875, 0.6602516770362854, 0.7498149275779724, 0.8171724677085876, 0.7979274392127991, 0.7413027286529541, 0.7098445892333984], "val_accuracy": [0.6691560745239258, 0.593726634979248, 0.6135175228118896, 0.708737850189209, 0.6930544972419739, 0.5918595790863037, 0.6303211450576782, 0.7830470204353333, 0.7449589371681213, 0.6392830610275269, 0.606796145439148, 0.6463779211044312, 0.7352501749992371, 0.7961165308952332, 0.7823002338409424, 0.7367438673973083, 0.705750584602356, 0.7120985984802246], "p_rule": [0.50439453125, 0.36962890625, 0.396484375, 0.7509765625, 0.56396484375, 0.299072265625, 0.39404296875, 0.94482421875, 0.53662109375, 0.35986328125, 0.330810546875, 0.3701171875, 0.48193359375, 0.6962890625, 0.97509765625, 0.69287109375, 0.58544921875, 0.615234375], "adversary_prediction": [0.41690120100975037, 0.2804688513278961, 0.34235212206840515, 0.5419763922691345, 0.4937945306301117, 0.4501142203807831, 0.49926355481147766, 0.5008671879768372, 0.37952664494514465, 0.2817172110080719, 0.2550565302371979, 0.29784050583839417, 0.3793298304080963, 0.44589921832084656, 0.47862568497657776, 0.4919986426830292, 0.49840256571769714, 0.5132448077201843]}