{"accuracy": [0.46702197194099426, 0.5829446911811829, 0.6355763077735901, 0.6735509634017944, 0.7401732206344604, 0.7086386680603027, 0.6704419255256653, 0.6855430006980896, 0.7503886222839355, 0.7948034405708313, 0.7117477059364319, 0.635354220867157, 0.6484565734863281, 0.7124139666557312, 0.7983566522598267, 0.8085720539093018, 0.768598735332489, 0.7415056824684143], "val_accuracy": [0.5718126893043518, 0.634326696395874, 0.6668160557746887, 0.7174546122550964, 0.6825005412101746, 0.6553887724876404, 0.6688326001167297, 0.7382926344871521, 0.7772798538208008, 0.7055792212486267, 0.636343240737915, 0.6435133218765259, 0.7102845907211304, 0.782881498336792, 0.7918440699577332, 0.7566659450531006, 0.7288818955421448, 0.734483540058136], "p_rule": [0.33154296875, 0.408935546875, 0.51806640625, 0.96630859375, 0.5654296875, 0.424560546875, 0.421142578125, 0.5478515625, 0.8330078125, 0.689453125, 0.4833984375, 0.5029296875, 0.716796875, 0.8994140625, 0.63623046875, 0.5244140625, 0.483642578125, 0.491943359375], "adversary_prediction": [0.2483946681022644, 0.3698662221431732, 0.42814549803733826, 0.6635550856590271, 0.594068706035614, 0.4685671627521515, 0.44127246737480164, 0.5012759566307068, 0.569694459438324, 0.5763054490089417, 0.5663143992424011, 0.5469329953193665, 0.5448397994041443, 0.5153042674064636, 0.47515037655830383, 0.4451681673526764, 0.4381686747074127, 0.4454571306705475]}