{"accuracy": [0.5011848211288452, 0.5266587734222412, 0.5313981175422668, 0.6830568909645081, 0.6451421976089478, 0.6095971465110779, 0.6060426831245422, 0.6368483304977417, 0.7126777172088623, 0.7345971465110779, 0.6528435945510864, 0.5941942930221558, 0.5864928960800171, 0.6255924105644226, 0.7114928960800171, 0.7843601703643799, 0.754146933555603, 0.6872037649154663], "val_accuracy": [0.5433353185653687, 0.5463239550590515, 0.6891810894012451, 0.6335923671722412, 0.5965331792831421, 0.5845785737037659, 0.6210400462150574, 0.6724447011947632, 0.7340107560157776, 0.6557083129882812, 0.599521815776825, 0.5965331792831421, 0.631201446056366, 0.7214584350585938, 0.7668858170509338, 0.7280334830284119, 0.6646742224693298, 0.6353855133056641], "p_rule": [0.2357177734375, 0.2403564453125, 0.7509765625, 0.55419921875, 0.403076171875, 0.379150390625, 0.437744140625, 0.6748046875, 0.85888671875, 0.487060546875, 0.361328125, 0.340576171875, 0.43505859375, 0.70849609375, 0.82470703125, 0.54150390625, 0.419677734375, 0.375732421875], "adversary_prediction": [0.34505316615104675, 0.34958866238594055, 0.6062993407249451, 0.45241203904151917, 0.35526689887046814, 0.3328317105770111, 0.3939441740512848, 0.4551558792591095, 0.4967672526836395, 0.4951360523700714, 0.4713936150074005, 0.4635569751262665, 0.4640355408191681, 0.4484630525112152, 0.4253316819667816, 0.38285890221595764, 0.35308775305747986, 0.34540918469429016]}