{"accuracy": [0.47083210945129395, 0.5131773948669434, 0.6781166791915894, 0.5937222242355347, 0.6091205477714539, 0.7006218433380127, 0.7172046303749084, 0.6662718653678894, 0.6428782939910889, 0.6265916228294373, 0.6476162075996399, 0.7050636410713196, 0.7702102661132812, 0.7485934495925903, 0.6553153395652771, 0.596979558467865, 0.5940183401107788, 0.6339946985244751], "val_accuracy": [0.4944726526737213, 0.6668658256530762, 0.6050193905830383, 0.6136838793754578, 0.6979384422302246, 0.706602931022644, 0.6632805466651917, 0.6187630891799927, 0.6097998023033142, 0.6307140588760376, 0.6901702880859375, 0.7582910060882568, 0.7430534958839417, 0.6599940061569214, 0.6065133213996887, 0.6020316481590271, 0.6423662900924683, 0.7080968022346497], "p_rule": [0.2288818359375, 0.7158203125, 0.349609375, 0.359130859375, 0.68505859375, 0.81591796875, 0.49853515625, 0.37158203125, 0.33984375, 0.360107421875, 0.48681640625, 0.7373046875, 0.7783203125, 0.459716796875, 0.33837890625, 0.333251953125, 0.408203125, 0.63134765625], "adversary_prediction": [0.022787436842918396, 0.4616815149784088, 0.36077430844306946, 0.3670143187046051, 0.5039694905281067, 0.5120801329612732, 0.44059625267982483, 0.36520740389823914, 0.33897295594215393, 0.3370855152606964, 0.39327892661094666, 0.43533435463905334, 0.4734395444393158, 0.462675005197525, 0.4547840654850006, 0.4523209035396576, 0.45673075318336487, 0.4551717936992645]}