{"accuracy": [0.4759049415588379, 0.5227625966072083, 0.5227625966072083, 0.5227625966072083, 0.5227625966072083, 0.5229846835136414, 0.594936728477478, 0.6850988268852234, 0.6195869445800781, 0.5620697140693665, 0.5332000851631165, 0.5223184823989868, 0.5314235091209412, 0.554297149181366, 0.6044858694076538, 0.6746613383293152, 0.7172995805740356, 0.6751055121421814], "val_accuracy": [0.5267757177352905, 0.5267757177352905, 0.5267757177352905, 0.5267757177352905, 0.5267757177352905, 0.5944432020187378, 0.6511315107345581, 0.6025094985961914, 0.5498543381690979, 0.5236387848854065, 0.5169168710708618, 0.5256553888320923, 0.5518709421157837, 0.592426598072052, 0.6587496995925903, 0.6898946762084961, 0.6677123308181763, 0.5745014548301697], "p_rule": [0.2193603515625, 0.2193603515625, 0.2193603515625, 0.2193603515625, 0.219970703125, 0.353271484375, 0.9580078125, 0.472900390625, 0.3212890625, 0.268798828125, 0.2578125, 0.270263671875, 0.296875, 0.39111328125, 0.5927734375, 0.9970703125, 0.54541015625, 0.30029296875], "adversary_prediction": [0.34505316615104675, 0.34505316615104675, 0.34506991505622864, 0.34601810574531555, 0.35754963755607605, 0.40675750374794006, 0.44064977765083313, 0.3933012783527374, 0.3008604943752289, 0.2520231008529663, 0.23999524116516113, 0.2552417814731598, 0.27964338660240173, 0.31741341948509216, 0.34084567427635193, 0.3621743619441986, 0.36495712399482727, 0.36461183428764343]}