{"accuracy": [0.5725388526916504, 0.6378238201141357, 0.5347149968147278, 0.6476684212684631, 0.7559585571289062, 0.6761658191680908, 0.6191709637641907, 0.6450777053833008, 0.7528497576713562, 0.814507782459259, 0.7170984745025635, 0.6233160495758057, 0.6150258779525757, 0.6689119338989258, 0.7528497576713562, 0.8274611234664917, 0.8191710114479065, 0.7751295566558838], "val_accuracy": [0.6082636117935181, 0.5538703203201294, 0.6621338725090027, 0.7191422581672668, 0.6406903862953186, 0.5889121294021606, 0.6202929019927979, 0.715481162071228, 0.7813807725906372, 0.7275104522705078, 0.633891224861145, 0.6213389039039612, 0.6699790954589844, 0.7489539980888367, 0.8043932914733887, 0.7955020666122437, 0.7463389039039612, 0.7133890986442566], "p_rule": [0.432861328125, 0.241943359375, 0.456787109375, 0.8701171875, 0.44677734375, 0.342041015625, 0.377685546875, 0.529296875, 0.8828125, 0.63134765625, 0.3876953125, 0.358154296875, 0.4775390625, 0.7890625, 0.880859375, 0.63427734375, 0.529296875, 0.4677734375], "adversary_prediction": [0.43310365080833435, 0.35398945212364197, 0.42866501212120056, 0.6038746237754822, 0.5137403607368469, 0.39577534794807434, 0.4044612944126129, 0.5200669169425964, 0.5962870717048645, 0.594960629940033, 0.5769973397254944, 0.5656543374061584, 0.582071840763092, 0.6070069670677185, 0.5891568064689636, 0.5529680848121643, 0.5098033547401428, 0.476550430059433]}