{"accuracy": [0.45535317063331604, 0.6681475043296814, 0.6583740711212158, 0.7529986500740051, 0.6614837646484375, 0.801421582698822, 0.6574855446815491, 0.6823633909225464, 0.8214126825332642, 0.7250111103057861, 0.6792536377906799, 0.7583296298980713, 0.8382940888404846, 0.8094180226325989, 0.7836517095565796, 0.7907596826553345, 0.815637469291687, 0.8334074020385742], "val_accuracy": [0.6848946809768677, 0.6445540189743042, 0.7431644797325134, 0.6571044325828552, 0.7920215129852295, 0.6620349884033203, 0.6822052597999573, 0.8005378842353821, 0.6987897753715515, 0.6633796691894531, 0.7463021278381348, 0.8045719265937805, 0.8023307919502258, 0.7758852243423462, 0.7817122340202332, 0.7982967495918274, 0.8027790188789368, 0.7938144207000732], "p_rule": [0.76123046875, 0.47802734375, 0.9931640625, 0.5048828125, 0.72509765625, 0.3544921875, 0.37158203125, 0.6923828125, 0.701171875, 0.5625, 0.7939453125, 0.81689453125, 0.6220703125, 0.5458984375, 0.57421875, 0.673828125, 0.8291015625, 0.98876953125], "adversary_prediction": [0.47968366742134094, 0.4473683536052704, 0.6135002970695496, 0.5724037289619446, 0.5100881457328796, 0.33527645468711853, 0.33685818314552307, 0.46392813324928284, 0.49643513560295105, 0.5038670897483826, 0.5232616066932678, 0.5309140086174011, 0.5134344696998596, 0.4985298812389374, 0.5225022435188293, 0.5683373808860779, 0.5996022820472717, 0.6305822730064392]}