{"accuracy": [0.4448145627975464, 0.6888740658760071, 0.5987119674682617, 0.7117477059364319, 0.6477903723716736, 0.6158117055892944, 0.7703753113746643, 0.7561625838279724, 0.6622251868247986, 0.6553409099578857, 0.7195203304290771, 0.8012436032295227, 0.7994670271873474, 0.7328447699546814, 0.6939817667007446, 0.723517656326294, 0.7790362238883972, 0.8178991675376892], "val_accuracy": [0.6697288751602173, 0.5843603014945984, 0.6950481534004211, 0.6482186913490295, 0.6213309168815613, 0.762267529964447, 0.7349316477775574, 0.6493390202522278, 0.6414967775344849, 0.7075957655906677, 0.7772798538208008, 0.778400182723999, 0.7203674912452698, 0.690566897392273, 0.7084920406341553, 0.7598028182983398, 0.7963253259658813, 0.7974456548690796], "p_rule": [0.6826171875, 0.35595703125, 0.61474609375, 0.435302734375, 0.38818359375, 0.890625, 0.5498046875, 0.394775390625, 0.385009765625, 0.463623046875, 0.65185546875, 0.95458984375, 0.68212890625, 0.57763671875, 0.625, 0.83447265625, 0.88037109375, 0.70556640625], "adversary_prediction": [0.39443162083625793, 0.2900223433971405, 0.4961969554424286, 0.44274744391441345, 0.44633975625038147, 0.5721707940101624, 0.5067046284675598, 0.38003191351890564, 0.3617067039012909, 0.43700990080833435, 0.5168363451957703, 0.5606532692909241, 0.5650542378425598, 0.5750778317451477, 0.5694736838340759, 0.5771800875663757, 0.5730203986167908, 0.5490197539329529]}