{"accuracy": [0.42524057626724243, 0.4826054871082306, 0.5014804005622864, 0.7031828165054321, 0.5510732531547546, 0.5558845400810242, 0.6528497338294983, 0.7250185012817383, 0.6754255890846252, 0.6239822506904602, 0.5954848527908325, 0.5995559096336365, 0.6350851058959961, 0.6817172169685364, 0.7461140155792236, 0.7520355582237244, 0.7176165580749512, 0.6746854186058044], "val_accuracy": [0.4675130546092987, 0.48207616806030273, 0.6986557245254517, 0.5612397193908691, 0.5623599886894226, 0.6542195677757263, 0.711351752281189, 0.6725168228149414, 0.6157580018043518, 0.5828976631164551, 0.588125467300415, 0.6232262849807739, 0.6769977807998657, 0.7176997661590576, 0.7475728392601013, 0.7147125005722046, 0.6766243577003479, 0.6657953858375549], "p_rule": [0.2083740234375, 0.2232666015625, 0.9580078125, 0.258544921875, 0.260009765625, 0.50390625, 0.9599609375, 0.509765625, 0.34765625, 0.30859375, 0.311767578125, 0.35302734375, 0.467041015625, 0.7177734375, 0.90771484375, 0.65673828125, 0.50244140625, 0.464599609375], "adversary_prediction": [0.0038426993414759636, 0.03413420170545578, 0.4702637493610382, 0.3520890176296234, 0.3659437596797943, 0.41478845477104187, 0.4375896155834198, 0.3725120723247528, 0.29947587847709656, 0.2511739432811737, 0.2636485993862152, 0.2882052958011627, 0.33442583680152893, 0.3738127648830414, 0.384504109621048, 0.4133417308330536, 0.4140419065952301, 0.4070166051387787]}