{"accuracy": [0.4797927439212799, 0.5222797989845276, 0.5222797989845276, 0.5927461385726929, 0.6787564754486084, 0.6502590775489807, 0.606217622756958, 0.5958549380302429, 0.6212435364723206, 0.6673575043678284, 0.7233160734176636, 0.7015544176101685, 0.613471508026123, 0.5621761679649353, 0.5528497695922852, 0.5772020816802979, 0.6528497338294983, 0.7357512712478638], "val_accuracy": [0.5439330339431763, 0.5439330339431763, 0.5962343215942383, 0.6694560647010803, 0.6176778078079224, 0.5810669660568237, 0.5695606470108032, 0.5946652889251709, 0.6521966457366943, 0.7086820006370544, 0.7217572927474976, 0.6328451633453369, 0.573221743106842, 0.5695606470108032, 0.5962343215942383, 0.6720711588859558, 0.7531380653381348, 0.7615062594413757], "p_rule": [0.21923828125, 0.21923828125, 0.329345703125, 0.896484375, 0.63037109375, 0.457763671875, 0.40478515625, 0.43505859375, 0.57763671875, 0.85009765625, 0.65283203125, 0.384765625, 0.27734375, 0.2705078125, 0.322021484375, 0.46875, 0.802734375, 0.787109375], "adversary_prediction": [0.3450532853603363, 0.3451562821865082, 0.36235925555229187, 0.5300121903419495, 0.48489412665367126, 0.41060730814933777, 0.36860719323158264, 0.4038161337375641, 0.44772711396217346, 0.47366490960121155, 0.47370949387550354, 0.46050533652305603, 0.4463052451610565, 0.4514046609401703, 0.4516393840312958, 0.4546939432621002, 0.44413629174232483, 0.42515572905540466]}