{"accuracy": [0.49526065587997437, 0.5266587734222412, 0.5266587734222412, 0.5266587734222412, 0.5266587734222412, 0.5266587734222412, 0.5266587734222412, 0.5266587734222412, 0.5266587734222412, 0.6866113543510437, 0.5912322402000427, 0.5331753492355347, 0.5029621124267578, 0.4893364906311035, 0.4899289011955261, 0.4893364906311035, 0.4982227385044098, 0.5154028534889221], "val_accuracy": [0.5433353185653687, 0.5433353185653687, 0.5433353185653687, 0.5433353185653687, 0.5433353185653687, 0.5433353185653687, 0.5433353185653687, 0.5439330339431763, 0.6796174645423889, 0.5672444701194763, 0.5074716210365295, 0.4847579300403595, 0.4739988148212433, 0.47101014852523804, 0.47280335426330566, 0.48296472430229187, 0.4937238395214081, 0.520621657371521], "p_rule": [0.2357177734375, 0.2357177734375, 0.2357177734375, 0.2357177734375, 0.2357177734375, 0.2357177734375, 0.2357177734375, 0.2357177734375, 0.88818359375, 0.384765625, 0.28466796875, 0.250244140625, 0.2420654296875, 0.2420654296875, 0.2420654296875, 0.243896484375, 0.260498046875, 0.305419921875], "adversary_prediction": [0.34505316615104675, 0.34505316615104675, 0.34505340456962585, 0.34506669640541077, 0.3453895151615143, 0.3480994999408722, 0.3627799451351166, 0.3773777186870575, 0.39451637864112854, 0.30968788266181946, 0.22236332297325134, 0.17376643419265747, 0.15106698870658875, 0.14152371883392334, 0.15433219075202942, 0.17874404788017273, 0.2102457582950592, 0.24716001749038696]}