{"accuracy": [0.4655810594558716, 0.5173945426940918, 0.518504798412323, 0.6739452481269836, 0.6654329895973206, 0.6176906228065491, 0.6006661653518677, 0.6117690801620483, 0.6632124185562134, 0.7231680154800415, 0.6843079328536987, 0.5873426795005798, 0.5477424263954163, 0.552553653717041, 0.6036269664764404, 0.712435245513916, 0.7712805271148682, 0.7128053307533264], "val_accuracy": [0.5324869155883789, 0.5339806079864502, 0.68147873878479, 0.6486184000968933, 0.6053024530410767, 0.590739369392395, 0.6034353971481323, 0.647124707698822, 0.7124720215797424, 0.6859596967697144, 0.5970873832702637, 0.5552651286125183, 0.5571321845054626, 0.6120238900184631, 0.7191933989524841, 0.7673637270927429, 0.703136682510376, 0.6501120328903198], "p_rule": [0.20849609375, 0.2088623046875, 0.6396484375, 0.7099609375, 0.435791015625, 0.387939453125, 0.411865234375, 0.53662109375, 0.89453125, 0.59765625, 0.320556640625, 0.2578125, 0.26318359375, 0.362548828125, 0.70361328125, 0.76708984375, 0.50048828125, 0.387939453125], "adversary_prediction": [0.3450533449649811, 0.34635403752326965, 0.4730110466480255, 0.5467438101768494, 0.4466065466403961, 0.3922029435634613, 0.3979669511318207, 0.4450967013835907, 0.47272762656211853, 0.453792005777359, 0.44305071234703064, 0.43372341990470886, 0.42993780970573425, 0.42410364747047424, 0.40349820256233215, 0.39225801825523376, 0.35531505942344666, 0.33862414956092834]}