{"accuracy": [0.5092524290084839, 0.6115469932556152, 0.5973352789878845, 0.6759437322616577, 0.7230199575424194, 0.6618800759315491, 0.6152479648590088, 0.6304959058761597, 0.7227239012718201, 0.7717246413230896, 0.6704663038253784, 0.593782365322113, 0.5961509943008423, 0.6615840196609497, 0.7626942992210388, 0.8004441261291504, 0.7523316144943237, 0.6996299028396606], "val_accuracy": [0.6005974411964417, 0.5974608063697815, 0.6634802222251892, 0.7208364605903625, 0.6525765657424927, 0.5995519161224365, 0.6150858998298645, 0.7082897424697876, 0.7729648947715759, 0.6746826171875, 0.6017923951148987, 0.5997012853622437, 0.6690067052841187, 0.7617624998092651, 0.7870052456855774, 0.7405526638031006, 0.6858850121498108, 0.6715459227561951], "p_rule": [0.390869140625, 0.371826171875, 0.5654296875, 0.8125, 0.447998046875, 0.348876953125, 0.364013671875, 0.491943359375, 0.88916015625, 0.5751953125, 0.380859375, 0.381591796875, 0.53662109375, 0.91943359375, 0.69384765625, 0.517578125, 0.450439453125, 0.433837890625], "adversary_prediction": [0.3102940022945404, 0.3356597125530243, 0.3846496045589447, 0.5781499743461609, 0.3758542239665985, 0.2789364755153656, 0.27432623505592346, 0.3651575744152069, 0.42275258898735046, 0.4355063736438751, 0.4375285804271698, 0.427028626203537, 0.4120928943157196, 0.4051279127597809, 0.36498770117759705, 0.32145532965660095, 0.29332396388053894, 0.29366782307624817]}