{"accuracy": [0.4275984466075897, 0.5185075402259827, 0.5386437773704529, 0.6831507086753845, 0.6639028787612915, 0.6369558572769165, 0.6310334801673889, 0.6366597414016724, 0.6686407923698425, 0.7118744254112244, 0.7053598165512085, 0.6366597414016724, 0.5774356126785278, 0.5682558417320251, 0.6194847226142883, 0.7023985981941223, 0.7628072500228882, 0.7361563444137573], "val_accuracy": [0.5333133935928345, 0.5548252463340759, 0.6713474988937378, 0.6444576978683472, 0.6247385740280151, 0.6133851408958435, 0.6232447028160095, 0.6531221866607666, 0.6892739534378052, 0.694054365158081, 0.6396773457527161, 0.5853002667427063, 0.5841051936149597, 0.6232447028160095, 0.7104870080947876, 0.7505228519439697, 0.7131759524345398, 0.6587989330291748], "p_rule": [0.207763671875, 0.23876953125, 0.7841796875, 0.775390625, 0.5869140625, 0.51025390625, 0.529296875, 0.64306640625, 0.88818359375, 0.6943359375, 0.418212890625, 0.294677734375, 0.29052734375, 0.38916015625, 0.68310546875, 0.84228515625, 0.55078125, 0.421142578125], "adversary_prediction": [0.3450538218021393, 0.344161719083786, 0.5376768708229065, 0.5278343558311462, 0.47410622239112854, 0.43432971835136414, 0.43791016936302185, 0.4599960744380951, 0.48437371850013733, 0.4655810296535492, 0.4409787356853485, 0.42697200179100037, 0.4137937128543854, 0.4045887291431427, 0.38695499300956726, 0.36368027329444885, 0.32459744811058044, 0.30498847365379333]}