{"accuracy": [0.506885826587677, 0.47800976037979126, 0.47800976037979126, 0.47800976037979126, 0.47800976037979126, 0.47800976037979126, 0.4811195135116577, 0.5424255728721619, 0.6859173774719238, 0.5588627457618713, 0.5228787064552307, 0.5219902396202087, 0.5219902396202087, 0.5219902396202087, 0.5219902396202087, 0.5286539196968079, 0.616614818572998, 0.7094624638557434], "val_accuracy": [0.4639175236225128, 0.4639175236225128, 0.4639175236225128, 0.4639175236225128, 0.4639175236225128, 0.46436575055122375, 0.5177050828933716, 0.6718960404396057, 0.565665602684021, 0.5374271869659424, 0.5360824465751648, 0.5360824465751648, 0.5360824465751648, 0.5360824465751648, 0.5419094562530518, 0.6288659572601318, 0.7041685581207275, 0.6727924942970276], "p_rule": [0.21484375, 0.21484375, 0.21484375, 0.21484375, 0.21484375, 0.2154541015625, 0.27099609375, 0.83447265625, 0.282470703125, 0.2147216796875, 0.2147216796875, 0.2147216796875, 0.2147216796875, 0.2147216796875, 0.223388671875, 0.39208984375, 0.86328125, 0.6689453125], "adversary_prediction": [0.0038433284498751163, 0.003843332175165415, 0.003845360828563571, 0.004037448205053806, 0.008005685172975063, 0.020613599568605423, 0.08932466804981232, 0.22930866479873657, 0.3248215615749359, 0.33892837166786194, 0.34683671593666077, 0.35036203265190125, 0.34944167733192444, 0.3458375632762909, 0.3314201533794403, 0.3175693452358246, 0.29308685660362244, 0.26262834668159485]}