{"accuracy": [0.5103626847267151, 0.4826054871082306, 0.4826054871082306, 0.4826054871082306, 0.4826054871082306, 0.5125832557678223, 0.6506291627883911, 0.5588452816009521, 0.5192450284957886, 0.5177646279335022, 0.518504798412323, 0.5403404831886292, 0.655810534954071, 0.7305699586868286, 0.6739452481269836, 0.6032568216323853, 0.5706883668899536, 0.5632864832878113], "val_accuracy": [0.4675130546092987, 0.4675130546092987, 0.4675130546092987, 0.46788647770881653, 0.49738609790802, 0.6482449769973755, 0.5586258172988892, 0.5354742407798767, 0.5332337617874146, 0.5339806079864502, 0.550784170627594, 0.6504854559898376, 0.7158327102661133, 0.6590739488601685, 0.598954439163208, 0.5657206773757935, 0.5530246496200562, 0.5619865655899048], "p_rule": [0.2083740234375, 0.2083740234375, 0.2083740234375, 0.2083740234375, 0.2254638671875, 0.79931640625, 0.28125, 0.212646484375, 0.2088623046875, 0.2105712890625, 0.24169921875, 0.479736328125, 0.9091796875, 0.505859375, 0.3388671875, 0.299560546875, 0.2841796875, 0.29541015625], "adversary_prediction": [0.00384332868270576, 0.0038434562738984823, 0.003964592237025499, 0.01057679858058691, 0.07420462369918823, 0.3059660494327545, 0.3948120176792145, 0.4036523401737213, 0.3945123851299286, 0.3990151584148407, 0.39170554280281067, 0.3687937557697296, 0.3215056359767914, 0.28511157631874084, 0.252396821975708, 0.23239541053771973, 0.22588950395584106, 0.23027122020721436]}