{"accuracy": [0.5350111126899719, 0.5293856263160706, 0.5293856263160706, 0.5293856263160706, 0.5293856263160706, 0.5301258563995361, 0.6494448781013489, 0.6251665353775024, 0.5549963116645813, 0.5147298574447632, 0.5033308863639832, 0.5070318579673767, 0.5259807705879211, 0.5687638521194458, 0.6395262479782104, 0.6981495022773743, 0.6829015612602234, 0.5961509943008423], "val_accuracy": [0.5323375463485718, 0.5323375463485718, 0.5323375463485718, 0.5323375463485718, 0.5323375463485718, 0.6509335041046143, 0.6138909459114075, 0.5475727915763855, 0.51202392578125, 0.49947720766067505, 0.5036594271659851, 0.5238237380981445, 0.5626587271690369, 0.6277819275856018, 0.6848394274711609, 0.6778192520141602, 0.5959671139717102, 0.5418969392776489], "p_rule": [0.25, 0.25, 0.25, 0.25, 0.250732421875, 0.6396484375, 0.61474609375, 0.349365234375, 0.281982421875, 0.270263671875, 0.273681640625, 0.291748046875, 0.36181640625, 0.52685546875, 0.876953125, 0.65087890625, 0.359130859375, 0.2666015625], "adversary_prediction": [0.34505316615104675, 0.3450532853603363, 0.34508493542671204, 0.34662750363349915, 0.3668085038661957, 0.43862298130989075, 0.4001993238925934, 0.333606094121933, 0.2529694139957428, 0.24332749843597412, 0.24872949719429016, 0.27316346764564514, 0.3062996566295624, 0.32264086604118347, 0.344044953584671, 0.35393914580345154, 0.35377976298332214, 0.3590770661830902]}