{"accuracy": [0.48645448684692383, 0.47061437368392944, 0.47194671630859375, 0.5539600253105164, 0.6649888753890991, 0.6301998496055603, 0.5686158537864685, 0.5733530521392822, 0.6312361359596252, 0.7027387022972107, 0.7045151591300964, 0.644411563873291, 0.5945225954055786, 0.5689119100570679, 0.5819392800331116, 0.6173204779624939, 0.6759437322616577, 0.7304219007492065], "val_accuracy": [0.46766242384910583, 0.4688573479652405, 0.5522031188011169, 0.6534727215766907, 0.6286781430244446, 0.5701269507408142, 0.5738610625267029, 0.6309186220169067, 0.6964899301528931, 0.6827483177185059, 0.630022406578064, 0.587453305721283, 0.5692307949066162, 0.5784913897514343, 0.6146377921104431, 0.662135899066925, 0.7105302214622498, 0.7245705723762512], "p_rule": [0.25, 0.2509765625, 0.35498046875, 0.83349609375, 0.50537109375, 0.319580078125, 0.326416015625, 0.46044921875, 0.798828125, 0.728515625, 0.484130859375, 0.3818359375, 0.35400390625, 0.3662109375, 0.4169921875, 0.5439453125, 0.75732421875, 0.90625], "adversary_prediction": [0.003843348938971758, 0.005551700480282307, 0.05747322738170624, 0.3847578465938568, 0.5371279120445251, 0.4759645164012909, 0.4713422954082489, 0.4584980905056, 0.44260361790657043, 0.3532063066959381, 0.269429475069046, 0.22856077551841736, 0.20760825276374817, 0.22323429584503174, 0.24929893016815186, 0.29426243901252747, 0.33651331067085266, 0.37379786372184753]}