{"accuracy": [0.4705359935760498, 0.5185075402259827, 0.5185075402259827, 0.5185075402259827, 0.5185075402259827, 0.5510808229446411, 0.6872963905334473, 0.6046786904335022, 0.5451584458351135, 0.5250222086906433, 0.5229493379592896, 0.5398282408714294, 0.5842463970184326, 0.6399170756340027, 0.7133550643920898, 0.686704158782959, 0.6150429248809814, 0.5709209442138672], "val_accuracy": [0.5333133935928345, 0.5333133935928345, 0.5333133935928345, 0.5333133935928345, 0.5709590911865234, 0.6632805466651917, 0.5891843438148499, 0.5377950668334961, 0.5118016004562378, 0.5091126561164856, 0.527636706829071, 0.5667762160301208, 0.6331042647361755, 0.6815057992935181, 0.6853898763656616, 0.6316103935241699, 0.582013726234436, 0.5661786794662476], "p_rule": [0.207763671875, 0.207763671875, 0.207763671875, 0.207763671875, 0.259521484375, 0.9453125, 0.446044921875, 0.295166015625, 0.25439453125, 0.2498779296875, 0.27197265625, 0.34814453125, 0.55810546875, 0.94921875, 0.609375, 0.3662109375, 0.281982421875, 0.258544921875], "adversary_prediction": [0.34505316615104675, 0.3450532853603363, 0.34512707591056824, 0.34855136275291443, 0.36983367800712585, 0.42481985688209534, 0.35536596179008484, 0.26268818974494934, 0.2254677414894104, 0.22368788719177246, 0.256582647562027, 0.2955678403377533, 0.3245300352573395, 0.3596705496311188, 0.36865851283073425, 0.36529162526130676, 0.3726312220096588, 0.36608991026878357]}