{"accuracy": [0.5495335459709167, 0.6254997849464417, 0.5633051991462708, 0.5912927389144897, 0.7067970037460327, 0.7405597567558289, 0.6281652450561523, 0.6130608916282654, 0.6872501373291016, 0.7920923829078674, 0.7676588296890259, 0.6690359711647034, 0.6139493584632874, 0.6241670250892639, 0.6868058443069458, 0.7725455164909363, 0.8085295557975769, 0.7760995030403137], "val_accuracy": [0.6562079787254333, 0.5392200946807861, 0.5728372931480408, 0.6889287233352661, 0.7288211584091187, 0.6503809690475464, 0.6297624111175537, 0.6907216310501099, 0.7794710993766785, 0.7418197989463806, 0.6508291959762573, 0.6060062646865845, 0.6145226359367371, 0.6718960404396057, 0.7619901299476624, 0.8000896573066711, 0.7758852243423462, 0.7413715720176697], "p_rule": [0.423828125, 0.2841796875, 0.32861328125, 0.60693359375, 0.80517578125, 0.41455078125, 0.3583984375, 0.54052734375, 0.98681640625, 0.5966796875, 0.4013671875, 0.33740234375, 0.35107421875, 0.429443359375, 0.57763671875, 0.76513671875, 0.927734375, 0.68896484375], "adversary_prediction": [0.3955807387828827, 0.18856173753738403, 0.30362626910209656, 0.5405996441841125, 0.5790072083473206, 0.501706063747406, 0.49221107363700867, 0.5699363350868225, 0.5319691300392151, 0.4748965799808502, 0.38185635209083557, 0.3410526216030121, 0.3471091091632843, 0.3782537281513214, 0.44093742966651917, 0.48058846592903137, 0.5121766924858093, 0.5234983563423157]}