{"accuracy": [0.6099185943603516, 0.47061437368392944, 0.6888231039047241, 0.5293856263160706, 0.5293856263160706, 0.548334538936615, 0.7579570412635803, 0.6685418486595154, 0.5739452242851257, 0.5462620258331299, 0.5496669411659241, 0.5862324237823486, 0.6529977917671204, 0.7370836138725281, 0.7666913270950317, 0.6987416744232178, 0.6269429922103882, 0.6017764806747437], "val_accuracy": [0.46766242384910583, 0.6812546849250793, 0.5323375463485718, 0.5323375463485718, 0.5514563322067261, 0.7578790187835693, 0.6640776991844177, 0.5686333179473877, 0.5395070910453796, 0.5444361567497253, 0.5801344513893127, 0.6469006538391113, 0.7333831191062927, 0.7614637613296509, 0.6930544972419739, 0.6261389255523682, 0.6037341356277466, 0.6153846383094788], "p_rule": [0.25, 0.46044921875, 0.25, 0.25, 0.28759765625, 0.92578125, 0.4736328125, 0.334228515625, 0.30322265625, 0.31005859375, 0.34619140625, 0.446044921875, 0.66552734375, 0.93701171875, 0.583984375, 0.421142578125, 0.37353515625, 0.392333984375], "adversary_prediction": [0.0038580887485295534, 0.356430321931839, 0.347826212644577, 0.3527820408344269, 0.41116002202033997, 0.5664637684822083, 0.46690353751182556, 0.3130306303501129, 0.26654013991355896, 0.27026650309562683, 0.31312164664268494, 0.3729347288608551, 0.43056318163871765, 0.45749059319496155, 0.46039971709251404, 0.45552489161491394, 0.4508766233921051, 0.45370444655418396]}