{"accuracy": [0.41930708289146423, 0.4957062602043152, 0.6668640971183777, 0.6254071593284607, 0.6031981110572815, 0.6914421319961548, 0.7403020262718201, 0.6834468245506287, 0.6357713937759399, 0.6126739978790283, 0.6206692457199097, 0.6659756898880005, 0.742671012878418, 0.7776132822036743, 0.7323067784309387, 0.6730825901031494, 0.6372519731521606, 0.6473200917243958], "val_accuracy": [0.4804302453994751, 0.6540185213088989, 0.6402748823165894, 0.6097998023033142, 0.699133574962616, 0.7209441065788269, 0.6746339797973633, 0.6202569603919983, 0.5957573652267456, 0.6059157252311707, 0.651628315448761, 0.721541702747345, 0.7684493660926819, 0.7367792129516602, 0.671646237373352, 0.6399760842323303, 0.6507319808006287, 0.6898715496063232], "p_rule": [0.2161865234375, 0.53662109375, 0.404541015625, 0.343505859375, 0.595703125, 0.86767578125, 0.494140625, 0.363525390625, 0.31884765625, 0.33056640625, 0.38916015625, 0.5380859375, 0.845703125, 0.7509765625, 0.50732421875, 0.42626953125, 0.452392578125, 0.56591796875], "adversary_prediction": [0.019961271435022354, 0.566087543964386, 0.4034442603588104, 0.4069347679615021, 0.5183297991752625, 0.5374302268028259, 0.42756715416908264, 0.3239264190196991, 0.2718242108821869, 0.2752934992313385, 0.32347187399864197, 0.3853420317173004, 0.4421643316745758, 0.4667041599750519, 0.4694932997226715, 0.47051802277565, 0.4749322235584259, 0.4737977087497711]}