{"accuracy": [0.46935150027275085, 0.48149245977401733, 0.49067220091819763, 0.556114912033081, 0.6342908143997192, 0.6801894903182983, 0.6236304640769958, 0.592241644859314, 0.6177080273628235, 0.6787089109420776, 0.7118744254112244, 0.6739709973335266, 0.6058632135391235, 0.5599644780158997, 0.5531536936759949, 0.5812851786613464, 0.6470239758491516, 0.7175007462501526], "val_accuracy": [0.46668657660484314, 0.4747534990310669, 0.5357035994529724, 0.6372871398925781, 0.6573050618171692, 0.6331042647361755, 0.6029279828071594, 0.6265312433242798, 0.6728413701057434, 0.6815057992935181, 0.6570062637329102, 0.5906782150268555, 0.552136242389679, 0.5422766804695129, 0.57215416431427, 0.6307140588760376, 0.6937556266784668, 0.7212429046630859], "p_rule": [0.2078857421875, 0.215576171875, 0.29931640625, 0.5947265625, 0.8271484375, 0.451904296875, 0.35498046875, 0.416259765625, 0.6328125, 0.9072265625, 0.49462890625, 0.333251953125, 0.277587890625, 0.267333984375, 0.298095703125, 0.377197265625, 0.58447265625, 0.9521484375], "adversary_prediction": [0.0038502442184835672, 0.0034097591415047646, 0.16619202494621277, 0.3964758813381195, 0.451553076505661, 0.410285621881485, 0.3975773751735687, 0.4005154073238373, 0.40684691071510315, 0.35499539971351624, 0.29397842288017273, 0.23958787322044373, 0.21103712916374207, 0.20859956741333008, 0.2270689308643341, 0.25290700793266296, 0.28686419129371643, 0.31489256024360657]}