{"accuracy": [0.5420616269111633, 0.5266587734222412, 0.5266587734222412, 0.5266587734222412, 0.5515402555465698, 0.721563994884491, 0.6101895570755005, 0.5568720102310181, 0.5444312691688538, 0.5610189437866211, 0.6161137223243713, 0.6996445655822754, 0.7422986030578613, 0.6860189437866211, 0.6072275042533875, 0.5704976320266724, 0.5699052214622498, 0.6101895570755005], "val_accuracy": [0.5433353185653687, 0.5433353185653687, 0.5433353185653687, 0.5552899241447449, 0.7130902409553528, 0.5857740640640259, 0.5254034399986267, 0.5176330208778381, 0.5391512513160706, 0.591153621673584, 0.6814106106758118, 0.7381948828697205, 0.6981470584869385, 0.6138672828674316, 0.574417233467102, 0.5762103796005249, 0.6162582039833069, 0.6802151799201965], "p_rule": [0.2357177734375, 0.2357177734375, 0.2357177734375, 0.270263671875, 0.93408203125, 0.3857421875, 0.303466796875, 0.282470703125, 0.3154296875, 0.375732421875, 0.57763671875, 0.98828125, 0.5673828125, 0.362548828125, 0.301513671875, 0.306396484375, 0.36669921875, 0.5263671875], "adversary_prediction": [0.34505316615104675, 0.34505346417427063, 0.3455730974674225, 0.3988562524318695, 0.5710288882255554, 0.41670557856559753, 0.3057022988796234, 0.27613577246665955, 0.3190295994281769, 0.3788076341152191, 0.44150248169898987, 0.4689953625202179, 0.4731638729572296, 0.4562744200229645, 0.45594534277915955, 0.45613518357276917, 0.46812620759010315, 0.47981253266334534]}