{"accuracy": [0.48134714365005493, 0.5222797989845276, 0.5222797989845276, 0.5222797989845276, 0.5222797989845276, 0.5222797989845276, 0.5222797989845276, 0.5222797989845276, 0.5222797989845276, 0.6150258779525757, 0.504145085811615, 0.4803108870983124, 0.4777202010154724, 0.4777202010154724, 0.4777202010154724, 0.4777202010154724, 0.4777202010154724, 0.4803108870983124], "val_accuracy": [0.5439330339431763, 0.5439330339431763, 0.5439330339431763, 0.5439330339431763, 0.5439330339431763, 0.5439330339431763, 0.5439330339431763, 0.5439330339431763, 0.6009414196014404, 0.47332635521888733, 0.4592050313949585, 0.4555439352989197, 0.45606693625450134, 0.45606693625450134, 0.45606693625450134, 0.45606693625450134, 0.4592050313949585, 0.4696652591228485], "p_rule": [0.21923828125, 0.21923828125, 0.21923828125, 0.21923828125, 0.21923828125, 0.21923828125, 0.21923828125, 0.21923828125, 0.5703125, 0.233154296875, 0.21923828125, 0.21923828125, 0.21923828125, 0.21923828125, 0.21923828125, 0.21923828125, 0.220703125, 0.2269287109375], "adversary_prediction": [0.34505316615104675, 0.34505316615104675, 0.34505513310432434, 0.34511736035346985, 0.3455321490764618, 0.346264511346817, 0.3423546850681305, 0.3208622634410858, 0.2549881041049957, 0.18355032801628113, 0.1327994465827942, 0.10151535272598267, 0.09300999343395233, 0.09716519713401794, 0.10983914136886597, 0.12885235249996185, 0.15927380323410034, 0.1920381784439087]}