{"accuracy": [0.49407583475112915, 0.5266587734222412, 0.5266587734222412, 0.5266587734222412, 0.5266587734222412, 0.5266587734222412, 0.5266587734222412, 0.5266587734222412, 0.5266587734222412, 0.6860189437866211, 0.5657582879066467, 0.5154028534889221, 0.4911137521266937, 0.4840047359466553, 0.48045024275779724, 0.48341232538223267, 0.49229857325553894, 0.508293867111206], "val_accuracy": [0.5433353185653687, 0.5433353185653687, 0.5433353185653687, 0.5433353185653687, 0.5433353185653687, 0.5433353185653687, 0.5433353185653687, 0.5433353185653687, 0.6592946648597717, 0.5367603302001953, 0.48894202709198, 0.46742379665374756, 0.46204423904418945, 0.46084877848625183, 0.4638374149799347, 0.46742379665374756, 0.4895397424697876, 0.5146443247795105], "p_rule": [0.2357177734375, 0.2357177734375, 0.2357177734375, 0.2357177734375, 0.2357177734375, 0.2357177734375, 0.2357177734375, 0.2357177734375, 0.974609375, 0.34375, 0.262451171875, 0.2403564453125, 0.2384033203125, 0.2366943359375, 0.2374267578125, 0.2420654296875, 0.255859375, 0.303466796875], "adversary_prediction": [0.34505316615104675, 0.34505316615104675, 0.34505364298820496, 0.3450759947299957, 0.34541401267051697, 0.3480100929737091, 0.3531394302845001, 0.3612664043903351, 0.3427017629146576, 0.2727327048778534, 0.20245030522346497, 0.15741774439811707, 0.1366572380065918, 0.13676968216896057, 0.1510736048221588, 0.17407360672950745, 0.20857113599777222, 0.24429887533187866]}