{"accuracy": [0.5570857524871826, 0.5228787064552307, 0.6863616108894348, 0.6188360452651978, 0.6099511384963989, 0.719235897064209, 0.7414482235908508, 0.6130608916282654, 0.5872945189476013, 0.6494891047477722, 0.774322509765625, 0.7765437364578247, 0.6823633909225464, 0.6343846917152405, 0.6534873247146606, 0.7147934436798096, 0.7858729362487793, 0.828520655632019], "val_accuracy": [0.5356342196464539, 0.6727924942970276, 0.5916629433631897, 0.5952487587928772, 0.7005826830863953, 0.7463021278381348, 0.6104885935783386, 0.5885252952575684, 0.6553115248680115, 0.7731958627700806, 0.7606454491615295, 0.6781712174415588, 0.6288659572601318, 0.6373823285102844, 0.6974450945854187, 0.7660242319107056, 0.7978485226631165, 0.7911250591278076], "p_rule": [0.2161865234375, 0.921875, 0.37255859375, 0.339111328125, 0.5458984375, 0.79736328125, 0.37158203125, 0.318115234375, 0.461669921875, 0.95068359375, 0.57763671875, 0.4140625, 0.364013671875, 0.374267578125, 0.450439453125, 0.57080078125, 0.7724609375, 0.970703125], "adversary_prediction": [0.34506186842918396, 0.5405150055885315, 0.29445508122444153, 0.2619319260120392, 0.41736337542533875, 0.5676576495170593, 0.5243076682090759, 0.48415592312812805, 0.49921587109565735, 0.46257415413856506, 0.406823068857193, 0.33054283261299133, 0.3125929534435272, 0.32064875960350037, 0.37044718861579895, 0.4471832811832428, 0.49534621834754944, 0.5244801640510559]}