{"accuracy": [0.4811963140964508, 0.48149245977401733, 0.48149245977401733, 0.48326918482780457, 0.5617411732673645, 0.68463134765625, 0.587207555770874, 0.5380515456199646, 0.5433816909790039, 0.5952028632164001, 0.6896653771400452, 0.7151317596435547, 0.6644951105117798, 0.6120817065238953, 0.5812851786613464, 0.5759549736976624, 0.5954989790916443, 0.6387326121330261], "val_accuracy": [0.46668657660484314, 0.46668657660484314, 0.4699731171131134, 0.5515387058258057, 0.6746339797973633, 0.5963549613952637, 0.5473558306694031, 0.5515387058258057, 0.6050193905830383, 0.6785180568695068, 0.6931580305099487, 0.6570062637329102, 0.6035255193710327, 0.5682700872421265, 0.5640872716903687, 0.584702730178833, 0.6199581623077393, 0.6731401085853577], "p_rule": [0.2078857421875, 0.2078857421875, 0.2095947265625, 0.29638671875, 0.9013671875, 0.34375, 0.2381591796875, 0.2431640625, 0.34033203125, 0.6484375, 0.8115234375, 0.482177734375, 0.35400390625, 0.295166015625, 0.2900390625, 0.304931640625, 0.3671875, 0.4912109375], "adversary_prediction": [0.0038433317095041275, 0.0038922391831874847, 0.00903289020061493, 0.13045653700828552, 0.39773067831993103, 0.38494643568992615, 0.3701387941837311, 0.36564478278160095, 0.3815198838710785, 0.3760512173175812, 0.34240052103996277, 0.2767278254032135, 0.23550370335578918, 0.2145235538482666, 0.20894646644592285, 0.22501018643379211, 0.24603164196014404, 0.2782524526119232]}