{"accuracy": [0.4942256510257721, 0.5185075402259827, 0.5188036561012268, 0.657684326171875, 0.6591649651527405, 0.6135623455047607, 0.5907610058784485, 0.6165235638618469, 0.6837429404258728, 0.7296416759490967, 0.6547231078147888, 0.5644062757492065, 0.543677806854248, 0.5620372891426086, 0.6345869302749634, 0.7228308916091919, 0.7533313632011414, 0.7216464281082153], "val_accuracy": [0.5333133935928345, 0.5333133935928345, 0.6579025983810425, 0.6495369076728821, 0.6080071926116943, 0.5894831418991089, 0.6083059310913086, 0.6680609583854675, 0.7155661582946777, 0.6662682890892029, 0.5787272453308105, 0.5572153925895691, 0.5733492970466614, 0.6375858783721924, 0.7200478315353394, 0.7391694188117981, 0.7054077982902527, 0.6596952676773071], "p_rule": [0.207763671875, 0.207763671875, 0.548828125, 0.70556640625, 0.430908203125, 0.36865234375, 0.40771484375, 0.5986328125, 0.91845703125, 0.45703125, 0.2763671875, 0.2406005859375, 0.27197265625, 0.397705078125, 0.68505859375, 0.81787109375, 0.54296875, 0.430419921875], "adversary_prediction": [0.34505316615104675, 0.34504613280296326, 0.40956899523735046, 0.5238500237464905, 0.4025491774082184, 0.3470066487789154, 0.36496153473854065, 0.4150603711605072, 0.4093013107776642, 0.4158109724521637, 0.39982566237449646, 0.390545517206192, 0.389017790555954, 0.38556334376335144, 0.3791714012622833, 0.35482826828956604, 0.3311082422733307, 0.319898396730423]}