{"accuracy": [0.5415371060371399, 0.6494891047477722, 0.5397601127624512, 0.6143935918807983, 0.746334969997406, 0.6832519173622131, 0.6210573315620422, 0.6406041979789734, 0.7125722169876099, 0.7716570496559143, 0.746334969997406, 0.6432696580886841, 0.6108396053314209, 0.630386471748352, 0.71968013048172, 0.8000888228416443, 0.8080853223800659, 0.7658818364143372], "val_accuracy": [0.6243836879730225, 0.5535634160041809, 0.6172119975090027, 0.738682210445404, 0.6656208038330078, 0.6095921397209167, 0.620797872543335, 0.6916180849075317, 0.7606454491615295, 0.7346481680870056, 0.6544150710105896, 0.6154190897941589, 0.6432093381881714, 0.7108919620513916, 0.7785746455192566, 0.7799193263053894, 0.7512326240539551, 0.7176154255867004], "p_rule": [0.382568359375, 0.249755859375, 0.39013671875, 0.90087890625, 0.4375, 0.33349609375, 0.35498046875, 0.490966796875, 0.78955078125, 0.72900390625, 0.4228515625, 0.3583984375, 0.406005859375, 0.603515625, 0.9384765625, 0.76416015625, 0.5576171875, 0.48583984375], "adversary_prediction": [0.17575469613075256, 0.37204214930534363, 0.5180222392082214, 0.5924952626228333, 0.45062556862831116, 0.34786686301231384, 0.3673999607563019, 0.4668627679347992, 0.5518990159034729, 0.6010839343070984, 0.6044500470161438, 0.5893400311470032, 0.6008308529853821, 0.5832447409629822, 0.5579275488853455, 0.5217192769050598, 0.47884616255760193, 0.44758936762809753]}