{"accuracy": [0.4863744080066681, 0.5266587734222412, 0.5266587734222412, 0.5266587734222412, 0.5266587734222412, 0.5266587734222412, 0.5266587734222412, 0.5379146933555603, 0.6996445655822754, 0.578199028968811, 0.5154028534889221, 0.49289098381996155, 0.4840047359466553, 0.4887440800666809, 0.49644550681114197, 0.5142180323600769, 0.5556871891021729, 0.6350710988044739], "val_accuracy": [0.5433353185653687, 0.5433353185653687, 0.5433353185653687, 0.5433353185653687, 0.5433353185653687, 0.5433353185653687, 0.5534967184066772, 0.6676628589630127, 0.5391512513160706, 0.48236700892448425, 0.46682605147361755, 0.4644351601600647, 0.4650328755378723, 0.4704124331474304, 0.48296472430229187, 0.528989851474762, 0.6025104522705078, 0.6861924529075623], "p_rule": [0.2357177734375, 0.2357177734375, 0.2357177734375, 0.2357177734375, 0.2357177734375, 0.2357177734375, 0.2587890625, 0.86669921875, 0.338623046875, 0.250244140625, 0.243896484375, 0.2403564453125, 0.2412109375, 0.2467041015625, 0.255859375, 0.317626953125, 0.45654296875, 0.8349609375], "adversary_prediction": [0.34505316615104675, 0.34505316615104675, 0.3450566232204437, 0.34527668356895447, 0.34800609946250916, 0.36035898327827454, 0.3762715756893158, 0.3773954212665558, 0.28918662667274475, 0.2098923921585083, 0.169587641954422, 0.15910488367080688, 0.1647355854511261, 0.19221168756484985, 0.2199762761592865, 0.2572336494922638, 0.3006393611431122, 0.32738038897514343]}