{"accuracy": [0.4744633734226227, 0.6465581059455872, 0.5433012843132019, 0.6905995607376099, 0.678386390209198, 0.5843819379806519, 0.6284233927726746, 0.753515899181366, 0.7524056434631348, 0.6535899043083191, 0.6095485091209412, 0.6310140490531921, 0.7105847597122192, 0.7871946692466736, 0.8001480102539062, 0.7612879276275635, 0.7128053307533264, 0.7120651602745056], "val_accuracy": [0.6474981307983398, 0.5601195096969604, 0.703136682510376, 0.6728902459144592, 0.5802838206291199, 0.6250933408737183, 0.7352501749992371, 0.7490664720535278, 0.6613144278526306, 0.6161314249038696, 0.6355488896369934, 0.6975354552268982, 0.7737117409706116, 0.788648247718811, 0.7415981888771057, 0.703136682510376, 0.7020164132118225, 0.7352501749992371], "p_rule": [0.57275390625, 0.25146484375, 0.6044921875, 0.443359375, 0.301025390625, 0.337646484375, 0.61279296875, 0.8095703125, 0.44873046875, 0.356201171875, 0.391357421875, 0.5732421875, 0.921875, 0.71337890625, 0.5283203125, 0.4541015625, 0.447998046875, 0.5078125], "adversary_prediction": [0.40954074263572693, 0.35822340846061707, 0.5653610825538635, 0.3912383019924164, 0.22887259721755981, 0.3021915853023529, 0.4556245505809784, 0.5647990107536316, 0.5293826460838318, 0.4983397424221039, 0.5061162114143372, 0.519685685634613, 0.5023536086082458, 0.4694729745388031, 0.40411052107810974, 0.388595849275589, 0.3820832669734955, 0.40796712040901184]}