{"accuracy": [0.4880829155445099, 0.5293856263160706, 0.5293856263160706, 0.5293856263160706, 0.5293856263160706, 0.5293856263160706, 0.5293856263160706, 0.5293856263160706, 0.5415247678756714, 0.6411547064781189, 0.5056994557380676, 0.47668394446372986, 0.4717986583709717, 0.4709104299545288, 0.47061437368392944, 0.471650630235672, 0.4762398302555084, 0.48985937237739563], "val_accuracy": [0.5323375463485718, 0.5323375463485718, 0.5323375463485718, 0.5323375463485718, 0.5323375463485718, 0.5323375463485718, 0.5323375463485718, 0.5450336337089539, 0.6404779553413391, 0.49947720766067505, 0.4728902280330658, 0.4688573479652405, 0.4685586392879486, 0.4685586392879486, 0.4685586392879486, 0.471545934677124, 0.48528751730918884, 0.5318894982337952], "p_rule": [0.25, 0.25, 0.25, 0.25, 0.25, 0.25, 0.25, 0.27001953125, 0.60693359375, 0.269287109375, 0.251953125, 0.250732421875, 0.25, 0.25, 0.250244140625, 0.2509765625, 0.255126953125, 0.307373046875], "adversary_prediction": [0.34505316615104675, 0.34505316615104675, 0.34505364298820496, 0.3450956642627716, 0.3456081449985504, 0.34738889336586, 0.3511163294315338, 0.3427291810512543, 0.2851230204105377, 0.20012220740318298, 0.1436929702758789, 0.11712463200092316, 0.10597249865531921, 0.11229386925697327, 0.12541505694389343, 0.14843422174453735, 0.18285581469535828, 0.21689698100090027]}