{"accuracy": [0.5002221465110779, 0.47800976037979126, 0.47800976037979126, 0.4788982570171356, 0.5126610398292542, 0.6246112585067749, 0.6721457242965698, 0.5437583327293396, 0.5250999331474304, 0.5286539196968079, 0.5681918859481812, 0.677920937538147, 0.720124363899231, 0.6868058443069458, 0.6401599049568176, 0.6041759252548218, 0.58907151222229, 0.5979564785957336], "val_accuracy": [0.4639175236225128, 0.4639175236225128, 0.4639175236225128, 0.493500679731369, 0.6073509454727173, 0.682653546333313, 0.55311518907547, 0.5369789600372314, 0.5410130023956299, 0.5813536643981934, 0.6790676712989807, 0.7019273638725281, 0.6727924942970276, 0.6252801418304443, 0.5934558510780334, 0.5813536643981934, 0.5889735817909241, 0.6051098108291626], "p_rule": [0.21484375, 0.21484375, 0.2161865234375, 0.254638671875, 0.47509765625, 0.67236328125, 0.249755859375, 0.21875, 0.2265625, 0.302001953125, 0.56103515625, 0.98681640625, 0.6455078125, 0.430908203125, 0.35693359375, 0.33740234375, 0.34130859375, 0.368408203125], "adversary_prediction": [0.0038433296140283346, 0.0038812982384115458, 0.00677059730514884, 0.06151166558265686, 0.3290918171405792, 0.43763354420661926, 0.3848075568675995, 0.39027872681617737, 0.3875962793827057, 0.4022164046764374, 0.40327486395835876, 0.38079187273979187, 0.34034857153892517, 0.29324498772621155, 0.2622668445110321, 0.24880436062812805, 0.2537710964679718, 0.26833298802375793]}