{"accuracy": [0.5191709995269775, 0.5222797989845276, 0.5259067416191101, 0.7020725607872009, 0.6424870491027832, 0.6119170784950256, 0.6150258779525757, 0.6559585332870483, 0.7440414428710938, 0.6663212180137634, 0.5621761679649353, 0.5466321110725403, 0.5642486810684204, 0.6590673327445984, 0.7590673565864563, 0.7554404139518738, 0.6880828738212585, 0.6476684212684631], "val_accuracy": [0.5439330339431763, 0.5460250973701477, 0.6882845163345337, 0.6093096137046814, 0.5716527104377747, 0.5758368372917175, 0.6385983228683472, 0.7097280621528625, 0.6814853549003601, 0.5768828392028809, 0.5622385144233704, 0.5794979333877563, 0.660041868686676, 0.767259418964386, 0.7437238693237305, 0.6647489666938782, 0.624476969242096, 0.6317991614341736], "p_rule": [0.21923828125, 0.22314453125, 0.94140625, 0.51123046875, 0.380615234375, 0.371826171875, 0.4755859375, 0.85400390625, 0.50439453125, 0.292724609375, 0.253173828125, 0.28662109375, 0.478515625, 0.98095703125, 0.56396484375, 0.422119140625, 0.364990234375, 0.37451171875], "adversary_prediction": [0.3450532853603363, 0.37241342663764954, 0.5419759154319763, 0.4180072844028473, 0.3480072319507599, 0.35273370146751404, 0.4283654987812042, 0.4885333478450775, 0.491878479719162, 0.47211435437202454, 0.44338086247444153, 0.4426439702510834, 0.43608585000038147, 0.4111967384815216, 0.3790421783924103, 0.35367682576179504, 0.3397086560726166, 0.34871456027030945]}