{"accuracy": [0.5056994557380676, 0.5652849674224854, 0.6067357659339905, 0.6378238201141357, 0.7321243286132812, 0.7160621881484985, 0.6476684212684631, 0.6238341927528381, 0.695854902267456, 0.7870466113090515, 0.7476683855056763, 0.6440414786338806, 0.625906765460968, 0.6663212180137634, 0.7694300413131714, 0.8134714961051941, 0.8093264102935791, 0.776165783405304], "val_accuracy": [0.5455020666122437, 0.616108775138855, 0.6443514823913574, 0.7290794849395752, 0.6872385144233704, 0.6260460019111633, 0.60721755027771, 0.6673640012741089, 0.7615062594413757, 0.7222803235054016, 0.6516736149787903, 0.6265690326690674, 0.6705020666122437, 0.7384937405586243, 0.7970711588859558, 0.7860878705978394, 0.7646443247795105, 0.7405857443809509], "p_rule": [0.296142578125, 0.380615234375, 0.447998046875, 0.86865234375, 0.5830078125, 0.361083984375, 0.345947265625, 0.43505859375, 0.72802734375, 0.73974609375, 0.467529296875, 0.423095703125, 0.5185546875, 0.7998046875, 0.83447265625, 0.66796875, 0.5341796875, 0.50537109375], "adversary_prediction": [0.22743555903434753, 0.3644368350505829, 0.37811169028282166, 0.5802879929542542, 0.5648204684257507, 0.4249763786792755, 0.3778786361217499, 0.43245014548301697, 0.4709090292453766, 0.5184720158576965, 0.511421263217926, 0.5033791661262512, 0.5183975100517273, 0.5040178894996643, 0.5112267136573792, 0.479584664106369, 0.46249064803123474, 0.4630267322063446]}