{"accuracy": [0.4552183449268341, 0.49555885791778564, 0.6902294754981995, 0.5840118527412415, 0.6550703048706055, 0.7294596433639526, 0.6713545322418213, 0.6065877079963684, 0.6084381937980652, 0.6761658191680908, 0.7772020697593689, 0.7301998734474182, 0.6413767337799072, 0.5954848527908325, 0.6236121654510498, 0.6976313591003418, 0.7908956408500671, 0.7927461266517639], "val_accuracy": [0.4813293516635895, 0.6833457946777344, 0.601568341255188, 0.6695294976234436, 0.7147125005722046, 0.660567581653595, 0.598954439163208, 0.5944734811782837, 0.668782651424408, 0.7561613321304321, 0.7318894863128662, 0.6486184000968933, 0.6086632013320923, 0.6318147778511047, 0.7012696266174316, 0.7759522199630737, 0.7811799645423889, 0.74607914686203], "p_rule": [0.22412109375, 0.9248046875, 0.311279296875, 0.474853515625, 0.9599609375, 0.462890625, 0.343505859375, 0.3388671875, 0.423583984375, 0.708984375, 0.71484375, 0.423583984375, 0.34765625, 0.40087890625, 0.5751953125, 0.97802734375, 0.6953125, 0.5400390625], "adversary_prediction": [0.008729671128094196, 0.5361436009407043, 0.359620064496994, 0.4056834280490875, 0.5354953408241272, 0.4162643253803253, 0.29563966393470764, 0.29209497570991516, 0.3536650240421295, 0.42146846652030945, 0.44183728098869324, 0.43281492590904236, 0.4453519880771637, 0.44300737977027893, 0.4409734904766083, 0.439778596162796, 0.40822574496269226, 0.38098588585853577]}