{"accuracy": [0.4778682589530945, 0.5293856263160706, 0.5293856263160706, 0.5293856263160706, 0.5293856263160706, 0.5293856263160706, 0.5293856263160706, 0.5293856263160706, 0.6786084175109863, 0.5714285969734192, 0.500074028968811, 0.48497408628463745, 0.4806809723377228, 0.4811250865459442, 0.4854182004928589, 0.49652108550071716, 0.535159170627594, 0.6279792785644531], "val_accuracy": [0.5323375463485718, 0.5323375463485718, 0.5323375463485718, 0.5323375463485718, 0.5323375463485718, 0.5323375463485718, 0.5327856540679932, 0.6790142059326172, 0.5693801641464233, 0.4957430958747864, 0.47901418805122375, 0.4752800464630127, 0.4754294157028198, 0.4784167408943176, 0.49066466093063354, 0.529649019241333, 0.6204630136489868, 0.6954443454742432], "p_rule": [0.25, 0.25, 0.25, 0.25, 0.25, 0.25, 0.25, 0.84765625, 0.3671875, 0.2666015625, 0.253173828125, 0.250732421875, 0.250244140625, 0.25439453125, 0.26318359375, 0.302001953125, 0.46240234375, 0.96142578125], "adversary_prediction": [0.34505316615104675, 0.34505316615104675, 0.3450547158718109, 0.34513571858406067, 0.3463601768016815, 0.352621465921402, 0.371112197637558, 0.3706800043582916, 0.29722437262535095, 0.20609763264656067, 0.1590002179145813, 0.14875522255897522, 0.15678861737251282, 0.17929252982139587, 0.20898175239562988, 0.25236833095550537, 0.2828228175640106, 0.30958643555641174]}