{"accuracy": [0.48911595344543457, 0.5219902396202087, 0.5219902396202087, 0.5219902396202087, 0.5299866795539856, 0.6219457983970642, 0.6570413112640381, 0.6192803382873535, 0.5792980790138245, 0.5664149522781372, 0.5597512125968933, 0.5792980790138245, 0.6330519914627075, 0.6988005042076111, 0.7205686569213867, 0.6374944448471069, 0.5659706592559814, 0.5406485795974731], "val_accuracy": [0.5360824465751648, 0.5360824465751648, 0.5360824465751648, 0.5450470447540283, 0.6297624111175537, 0.6324518322944641, 0.5916629433631897, 0.5553563237190247, 0.5392200946807861, 0.5414612293243408, 0.5589421987533569, 0.6154190897941589, 0.6835500001907349, 0.7162707448005676, 0.6499327421188354, 0.5750784277915955, 0.5558045506477356, 0.5580457448959351], "p_rule": [0.2147216796875, 0.2147216796875, 0.2147216796875, 0.2320556640625, 0.54052734375, 0.84814453125, 0.487548828125, 0.35205078125, 0.30810546875, 0.298095703125, 0.328125, 0.432861328125, 0.67626953125, 0.81640625, 0.4375, 0.28466796875, 0.2442626953125, 0.246337890625], "adversary_prediction": [0.34505316615104675, 0.3450533449649811, 0.34512999653816223, 0.3580555021762848, 0.4725225865840912, 0.5479007363319397, 0.4657675325870514, 0.4257792532444, 0.38401874899864197, 0.3695986568927765, 0.3722902834415436, 0.38462385535240173, 0.37745776772499084, 0.38963618874549866, 0.38156333565711975, 0.3814031779766083, 0.37606021761894226, 0.36845049262046814]}