{"accuracy": [0.4461880028247833, 0.4926720857620239, 0.6985936164855957, 0.5859363675117493, 0.6297557353973389, 0.7210955023765564, 0.6879348754882812, 0.6235381364822388, 0.5964470505714417, 0.6106587648391724, 0.6717986464500427, 0.7548482418060303, 0.7313101291656494, 0.6349371075630188, 0.5859363675117493, 0.5955588221549988, 0.6479644775390625, 0.7347150444984436], "val_accuracy": [0.48737862706184387, 0.6863330602645874, 0.5859596729278564, 0.6279312968254089, 0.7147125005722046, 0.6793129444122314, 0.6147871613502502, 0.5893950462341309, 0.6025391817092896, 0.6678118109703064, 0.7459297776222229, 0.7260642051696777, 0.6333084106445312, 0.5931292176246643, 0.6016430258750916, 0.6512322425842285, 0.7345780730247498, 0.7755041122436523], "p_rule": [0.26220703125, 0.95458984375, 0.34765625, 0.44140625, 0.89599609375, 0.607421875, 0.405517578125, 0.361328125, 0.373779296875, 0.47509765625, 0.78564453125, 0.73779296875, 0.435791015625, 0.349365234375, 0.364501953125, 0.46923828125, 0.73583984375, 0.89794921875], "adversary_prediction": [0.073998361825943, 0.4150371253490448, 0.3460719883441925, 0.3851917088031769, 0.5040528178215027, 0.5056719183921814, 0.39941176772117615, 0.3441707193851471, 0.33648017048835754, 0.39071300625801086, 0.4254031479358673, 0.45136335492134094, 0.4577396810054779, 0.44277897477149963, 0.4498700797557831, 0.4470672905445099, 0.43146154284477234, 0.4276770055294037]}