{"accuracy": [0.5437453985214233, 0.5293856263160706, 0.5293856263160706, 0.5293856263160706, 0.5293856263160706, 0.5293856263160706, 0.5293856263160706, 0.5293856263160706, 0.6242783069610596, 0.6037009358406067, 0.5110288858413696, 0.48423388600349426, 0.47890451550483704, 0.4777202010154724, 0.4811250865459442, 0.4879348576068878, 0.5096965432167053, 0.5686158537864685], "val_accuracy": [0.5323375463485718, 0.5323375463485718, 0.5323375463485718, 0.5323375463485718, 0.5323375463485718, 0.5323375463485718, 0.5323375463485718, 0.6250933408737183, 0.5955190658569336, 0.5061986446380615, 0.48005974292755127, 0.47453323006629944, 0.4737864136695862, 0.4754294157028198, 0.48185211420059204, 0.5048543810844421, 0.5629574060440063, 0.6589992642402649], "p_rule": [0.25, 0.25, 0.25, 0.25, 0.25, 0.25, 0.25, 0.455810546875, 0.466796875, 0.275390625, 0.2529296875, 0.2509765625, 0.25146484375, 0.25146484375, 0.25634765625, 0.274658203125, 0.365234375, 0.62890625], "adversary_prediction": [0.34505316615104675, 0.34505316615104675, 0.3450545370578766, 0.3451105058193207, 0.34579578042030334, 0.3492831885814667, 0.3604062497615814, 0.35992422699928284, 0.3168754279613495, 0.23838242888450623, 0.18688565492630005, 0.16315403580665588, 0.16490858793258667, 0.17765715718269348, 0.2071046233177185, 0.2349075973033905, 0.2712916433811188, 0.3026857078075409]}