{"accuracy": [0.4575066566467285, 0.5223571062088013, 0.6884809136390686, 0.6103050112724304, 0.6251110434532166, 0.703879177570343, 0.7405981421470642, 0.6541308760643005, 0.5774356126785278, 0.5869114398956299, 0.6929227113723755, 0.7867929935455322, 0.7533313632011414, 0.6754515767097473, 0.6428782939910889, 0.6644951105117798, 0.730826199054718, 0.7989339828491211], "val_accuracy": [0.5360023975372314, 0.6638780832290649, 0.6041231155395508, 0.6160740852355957, 0.6806095242500305, 0.7266208529472351, 0.6635793447494507, 0.5939647555351257, 0.6026292443275452, 0.6877800822257996, 0.7681505680084229, 0.7382730841636658, 0.6602928042411804, 0.6298177242279053, 0.6573050618171692, 0.7248281836509705, 0.7723334431648254, 0.7753211855888367], "p_rule": [0.2117919921875, 0.70458984375, 0.377197265625, 0.390625, 0.6005859375, 0.919921875, 0.454345703125, 0.30126953125, 0.322265625, 0.55224609375, 0.90966796875, 0.5390625, 0.39794921875, 0.3583984375, 0.3974609375, 0.4912109375, 0.6572265625, 0.916015625], "adversary_prediction": [0.34613320231437683, 0.582714855670929, 0.28592565655708313, 0.35700705647468567, 0.482498437166214, 0.5748135447502136, 0.5277041792869568, 0.486992746591568, 0.4782664477825165, 0.46831580996513367, 0.4129306375980377, 0.347405344247818, 0.2930409014225006, 0.2790570557117462, 0.29557880759239197, 0.3415707051753998, 0.3956066071987152, 0.4346650540828705]}