{"accuracy": [0.5043304562568665, 0.47723740339279175, 0.5045525431632996, 0.7077503800392151, 0.5587385892868042, 0.5591827630996704, 0.6906507015228271, 0.7417277097702026, 0.6764379143714905, 0.6226959824562073, 0.6082611680030823, 0.6340217590332031, 0.6888740658760071, 0.7537197470664978, 0.7679324746131897, 0.7144126296043396, 0.6735509634017944, 0.6602265238761902], "val_accuracy": [0.4732242822647095, 0.49764731526374817, 0.6800358295440674, 0.5601613521575928, 0.5588169097900391, 0.6791396141052246, 0.7212637066841125, 0.6515796780586243, 0.6056464314460754, 0.5948913097381592, 0.6204347014427185, 0.6733139157295227, 0.7320188283920288, 0.7595787644386292, 0.7134214639663696, 0.6643513441085815, 0.6580775380134583, 0.6775711178779602], "p_rule": [0.2193603515625, 0.2425537109375, 0.91796875, 0.2861328125, 0.281982421875, 0.5947265625, 0.7255859375, 0.424560546875, 0.3447265625, 0.33251953125, 0.3603515625, 0.44287109375, 0.630859375, 0.9833984375, 0.66748046875, 0.50390625, 0.47314453125, 0.5400390625], "adversary_prediction": [0.003844651160761714, 0.034272726625204086, 0.5193154215812683, 0.3896196186542511, 0.40040817856788635, 0.48673179745674133, 0.5127713084220886, 0.46385619044303894, 0.36753198504447937, 0.3583109676837921, 0.3779729902744293, 0.41779443621635437, 0.45242926478385925, 0.48271092772483826, 0.48320135474205017, 0.47197631001472473, 0.4787023365497589, 0.4828701317310333]}