{"accuracy": [0.44041451811790466, 0.5173945426940918, 0.5173945426940918, 0.6532198190689087, 0.6602516770362854, 0.5951147079467773, 0.5806809663772583, 0.5891931653022766, 0.6461880207061768, 0.7301998734474182, 0.6843079328536987, 0.5592153668403625, 0.5307179689407349, 0.5310880541801453, 0.5725388526916504, 0.6839378476142883, 0.767949640750885, 0.7516654133796692], "val_accuracy": [0.5324869155883789, 0.5324869155883789, 0.6710231304168701, 0.6583271026611328, 0.5941000580787659, 0.5750560164451599, 0.5870051980018616, 0.6411501169204712, 0.7143390774726868, 0.692307710647583, 0.5758028626441956, 0.5433158874511719, 0.5470500588417053, 0.5847647786140442, 0.692307710647583, 0.7505601048469543, 0.7412247657775879, 0.6919342875480652], "p_rule": [0.20849609375, 0.20849609375, 0.533203125, 0.681640625, 0.388427734375, 0.337646484375, 0.344970703125, 0.472412109375, 0.87548828125, 0.529296875, 0.27197265625, 0.2293701171875, 0.234375, 0.28857421875, 0.5205078125, 0.9560546875, 0.65576171875, 0.467041015625], "adversary_prediction": [0.34505316615104675, 0.34495505690574646, 0.3781108558177948, 0.5041844248771667, 0.4033307731151581, 0.35203447937965393, 0.3610439598560333, 0.3891865313053131, 0.40888819098472595, 0.40412983298301697, 0.39376792311668396, 0.38566353917121887, 0.38280436396598816, 0.3835276663303375, 0.38431474566459656, 0.3590855896472931, 0.34648361802101135, 0.32911399006843567]}