{"accuracy": [0.4979274570941925, 0.5782383680343628, 0.6777201890945435, 0.6264248490333557, 0.6419689059257507, 0.7062175869941711, 0.7538859844207764, 0.6756476759910583, 0.5994818806648254, 0.6186528205871582, 0.7316062450408936, 0.8098445534706116, 0.712435245513916, 0.6243523359298706, 0.614507794380188, 0.6834197044372559, 0.7709844708442688, 0.8207253813743591], "val_accuracy": [0.5978033542633057, 0.6605648398399353, 0.5951882600784302, 0.6192468404769897, 0.6877614855766296, 0.7353556752204895, 0.6841003894805908, 0.6030334830284119, 0.6176778078079224, 0.7285565137863159, 0.7860878705978394, 0.6966527104377747, 0.5930962562561035, 0.589958131313324, 0.6474895477294922, 0.7557531595230103, 0.8002092242240906, 0.7866109013557434], "p_rule": [0.31103515625, 0.646484375, 0.409912109375, 0.421142578125, 0.65234375, 0.92822265625, 0.5146484375, 0.3505859375, 0.395263671875, 0.70654296875, 0.72802734375, 0.4755859375, 0.35888671875, 0.346923828125, 0.420166015625, 0.5439453125, 0.7138671875, 0.97119140625], "adversary_prediction": [0.35611650347709656, 0.5507885813713074, 0.39946362376213074, 0.4362662136554718, 0.5394908785820007, 0.5632390379905701, 0.503336489200592, 0.47799012064933777, 0.4681510627269745, 0.4699682295322418, 0.43260887265205383, 0.3641556203365326, 0.3214327394962311, 0.32847943902015686, 0.35593125224113464, 0.4047749936580658, 0.4402352273464203, 0.4658885896205902]}