{"accuracy": [0.46657782793045044, 0.47723740339279175, 0.47723740339279175, 0.5554075241088867, 0.6620030999183655, 0.5303131341934204, 0.5263158082962036, 0.5429713726043701, 0.6580057740211487, 0.7517210841178894, 0.6968687772750854, 0.6360204219818115, 0.6098156571388245, 0.6069287061691284, 0.628247857093811, 0.6646680235862732, 0.7150788307189941, 0.7550522089004517], "val_accuracy": [0.4732242822647095, 0.4732242822647095, 0.5487340092658997, 0.6585256457328796, 0.5337216854095459, 0.5285682082176208, 0.5458211898803711, 0.6527000069618225, 0.7282097339630127, 0.6786914467811584, 0.6253641247749329, 0.6025094985961914, 0.6000447869300842, 0.6170737147331238, 0.6509074568748474, 0.6883262395858765, 0.7232803106307983, 0.7351557016372681], "p_rule": [0.2193603515625, 0.2196044921875, 0.300048828125, 0.5625, 0.2298583984375, 0.224609375, 0.2447509765625, 0.476806640625, 0.93505859375, 0.54296875, 0.3896484375, 0.3388671875, 0.33740234375, 0.367431640625, 0.437744140625, 0.58154296875, 0.7958984375, 0.90234375], "adversary_prediction": [0.0038436262402683496, 0.007839290425181389, 0.18360570073127747, 0.4165286719799042, 0.3663010895252228, 0.37185075879096985, 0.3898872435092926, 0.43195852637290955, 0.43230190873146057, 0.4036039412021637, 0.36492857336997986, 0.3338092863559723, 0.3324960172176361, 0.35340288281440735, 0.3786689341068268, 0.4041041433811188, 0.4360421597957611, 0.4479774534702301]}