{"accuracy": [0.49611368775367737, 0.5227625966072083, 0.5227625966072083, 0.5227625966072083, 0.5227625966072083, 0.5227625966072083, 0.5227625966072083, 0.5924938917160034, 0.6575616002082825, 0.5443037748336792, 0.5045525431632996, 0.4970020055770874, 0.4963357746601105, 0.504996657371521, 0.5280923843383789, 0.5678436756134033, 0.6404619216918945, 0.7095269560813904], "val_accuracy": [0.5267757177352905, 0.5267757177352905, 0.5267757177352905, 0.5267757177352905, 0.5267757177352905, 0.5267757177352905, 0.5897378325462341, 0.6314138174057007, 0.5317051410675049, 0.4989916980266571, 0.48980507254600525, 0.4893569350242615, 0.496751070022583, 0.5133318305015564, 0.5641945004463196, 0.6345507502555847, 0.6726416945457458, 0.674434244632721], "p_rule": [0.2193603515625, 0.2193603515625, 0.2193603515625, 0.2193603515625, 0.2193603515625, 0.2193603515625, 0.340087890625, 0.62451171875, 0.297607421875, 0.235107421875, 0.22998046875, 0.229736328125, 0.234619140625, 0.260986328125, 0.326171875, 0.4970703125, 0.873046875, 0.59033203125], "adversary_prediction": [0.34505316615104675, 0.34505316615104675, 0.34505394101142883, 0.3451245129108429, 0.3464890420436859, 0.3580242693424225, 0.3898390829563141, 0.3891679346561432, 0.2656983435153961, 0.18486803770065308, 0.1598816215991974, 0.1658969223499298, 0.18828606605529785, 0.23579096794128418, 0.28493866324424744, 0.3406846821308136, 0.3737845718860626, 0.3814406096935272]}