{"accuracy": [0.48589828610420227, 0.4805684983730316, 0.6771041750907898, 0.5913835167884827, 0.5802798271179199, 0.6837663650512695, 0.7439484596252441, 0.6835442781448364, 0.6246946454048157, 0.606484591960907, 0.6204752326011658, 0.6733288764953613, 0.7541638612747192, 0.781256914138794, 0.7259604930877686, 0.6573395729064941, 0.63379967212677, 0.6471241116523743], "val_accuracy": [0.47568899393081665, 0.6544924974441528, 0.5915303826332092, 0.5809993147850037, 0.6789155006408691, 0.7127492427825928, 0.6600940823554993, 0.6175218224525452, 0.5964598059654236, 0.6134886741638184, 0.6591978669166565, 0.731346607208252, 0.7604750394821167, 0.7246246933937073, 0.6580775380134583, 0.6325341463088989, 0.6428411602973938, 0.691239058971405], "p_rule": [0.2203369140625, 0.5751953125, 0.32763671875, 0.30615234375, 0.572265625, 0.8701171875, 0.5, 0.369140625, 0.33251953125, 0.3515625, 0.423095703125, 0.591796875, 0.90283203125, 0.705078125, 0.475341796875, 0.4072265625, 0.431396484375, 0.57275390625], "adversary_prediction": [0.005242926999926567, 0.4065881669521332, 0.3895748555660248, 0.38947007060050964, 0.45739224553108215, 0.47145453095436096, 0.377040833234787, 0.26659002900123596, 0.23456773161888123, 0.24832221865653992, 0.30256375670433044, 0.35663941502571106, 0.40757766366004944, 0.430623322725296, 0.4156093895435333, 0.4174520671367645, 0.4275268018245697, 0.42317160964012146]}