{"accuracy": [0.47853124141693115, 0.5185075402259827, 0.5185075402259827, 0.5185075402259827, 0.5185075402259827, 0.5185075402259827, 0.5185075402259827, 0.5300562381744385, 0.6733787655830383, 0.5484157800674438, 0.5102161765098572, 0.4933372735977173, 0.4909683167934418, 0.4909683167934418, 0.4942256510257721, 0.5039976239204407, 0.5353864431381226, 0.5987563133239746], "val_accuracy": [0.5333133935928345, 0.5333133935928345, 0.5333133935928345, 0.5333133935928345, 0.5333133935928345, 0.5333133935928345, 0.5455631613731384, 0.6611891388893127, 0.5354048609733582, 0.4923812448978424, 0.47863757610321045, 0.47654616832733154, 0.4756498336791992, 0.47923514246940613, 0.4902898073196411, 0.5192710161209106, 0.5930684208869934, 0.686585009098053], "p_rule": [0.207763671875, 0.207763671875, 0.207763671875, 0.207763671875, 0.207763671875, 0.207763671875, 0.2249755859375, 0.80859375, 0.30712890625, 0.22802734375, 0.2152099609375, 0.2130126953125, 0.2130126953125, 0.21484375, 0.2216796875, 0.260498046875, 0.369384765625, 0.79638671875], "adversary_prediction": [0.34505316615104675, 0.34505316615104675, 0.3450540006160736, 0.34513893723487854, 0.3468235433101654, 0.3559521734714508, 0.3876202404499054, 0.3921140134334564, 0.3032597601413727, 0.2200266718864441, 0.17379280924797058, 0.16024687886238098, 0.16579636931419373, 0.18872714042663574, 0.22075632214546204, 0.26184383034706116, 0.30449607968330383, 0.3415980637073517]}