{"accuracy": [0.5250222086906433, 0.7610304951667786, 0.8098904490470886, 0.7974533438682556, 0.5377554297447205, 0.715723991394043, 0.6452472805976868, 0.8326917290687561, 0.7423748970031738, 0.7272727489471436, 0.8092982172966003, 0.8285460472106934, 0.783831775188446, 0.7856085300445557, 0.8380219340324402, 0.851643443107605, 0.8229197263717651, 0.8104826807975769], "val_accuracy": [0.7478339076042175, 0.7881684899330139, 0.7806991338729858, 0.5500448346138, 0.6821033954620361, 0.6160740852355957, 0.810875415802002, 0.7269196510314941, 0.7158649563789368, 0.7905586957931519, 0.808485209941864, 0.7681505680084229, 0.7753211855888367, 0.8135643601417542, 0.8255153894424438, 0.8004182577133179, 0.7941440343856812, 0.8099790811538696], "p_rule": [0.8974609375, 0.78662109375, 0.66796875, 0.2337646484375, 0.45556640625, 0.3681640625, 0.810546875, 0.5927734375, 0.560546875, 0.82568359375, 0.72705078125, 0.57763671875, 0.57470703125, 0.673828125, 0.85205078125, 0.88427734375, 0.84716796875, 0.94970703125], "adversary_prediction": [0.6192824244499207, 0.6834506392478943, 0.6052173972129822, 0.46343687176704407, 0.4939514696598053, 0.4366684854030609, 0.5720681548118591, 0.5288791060447693, 0.5325875878334045, 0.5757641196250916, 0.6110391020774841, 0.5825428366661072, 0.5687676072120667, 0.6175102591514587, 0.6468357443809509, 0.6313468813896179, 0.6404450535774231, 0.6381459832191467]}