{"accuracy": [0.5298689603805542, 0.47723740339279175, 0.5514101982116699, 0.704863429069519, 0.6047079563140869, 0.5996002554893494, 0.6808794140815735, 0.7304019331932068, 0.6928713917732239, 0.6373528838157654, 0.60493004322052, 0.6118143200874329, 0.6433488726615906, 0.72640460729599, 0.781479001045227, 0.7277370691299438, 0.6364645957946777, 0.6015989184379578], "val_accuracy": [0.47344836592674255, 0.5476137399673462, 0.6867578029632568, 0.6087833046913147, 0.6043020486831665, 0.6636791229248047, 0.7107326984405518, 0.6739861369132996, 0.6282769441604614, 0.5953394770622253, 0.5944432020187378, 0.6349988579750061, 0.7107326984405518, 0.7620434761047363, 0.7176786661148071, 0.629173219203949, 0.5930988192558289, 0.6081111431121826], "p_rule": [0.2193603515625, 0.306884765625, 0.9990234375, 0.367919921875, 0.348876953125, 0.57421875, 0.96435546875, 0.5712890625, 0.40625, 0.353271484375, 0.353271484375, 0.410400390625, 0.537109375, 0.84619140625, 0.7265625, 0.441650390625, 0.363037109375, 0.39990234375], "adversary_prediction": [0.005328008439391851, 0.17375800013542175, 0.5454609990119934, 0.3742195665836334, 0.39524200558662415, 0.4930850565433502, 0.5526420474052429, 0.4795866310596466, 0.3858031928539276, 0.32027414441108704, 0.31965896487236023, 0.35772863030433655, 0.39925143122673035, 0.44048383831977844, 0.4719836413860321, 0.4780319631099701, 0.4811495840549469, 0.485441654920578]}