{"accuracy": [0.5105847716331482, 0.5293856263160706, 0.5293856263160706, 0.5293856263160706, 0.5293856263160706, 0.5641747117042542, 0.6882309317588806, 0.6230940222740173, 0.5588452816009521, 0.5403404831886292, 0.5367875695228577, 0.5530717968940735, 0.6029607653617859, 0.6667653322219849, 0.7224278450012207, 0.6678016185760498, 0.5705403685569763, 0.54108065366745], "val_accuracy": [0.5323375463485718, 0.5323375463485718, 0.5323375463485718, 0.5323375463485718, 0.5683345794677734, 0.6825989484786987, 0.6122479438781738, 0.5601195096969604, 0.5342792868614197, 0.532636284828186, 0.5526512265205383, 0.5959671139717102, 0.6598954200744629, 0.7106795907020569, 0.6664674878120422, 0.5717699527740479, 0.5402539372444153, 0.5375653505325317], "p_rule": [0.25, 0.25, 0.25, 0.25, 0.3095703125, 0.92431640625, 0.53515625, 0.357666015625, 0.3095703125, 0.30322265625, 0.330078125, 0.414794921875, 0.60986328125, 0.994140625, 0.5439453125, 0.318359375, 0.267333984375, 0.260498046875], "adversary_prediction": [0.34505316615104675, 0.34505316615104675, 0.34505435824394226, 0.34567734599113464, 0.37637850642204285, 0.4628492295742035, 0.41024503111839294, 0.3208552896976471, 0.2722993791103363, 0.2656680643558502, 0.28979864716529846, 0.3292448818683624, 0.364266961812973, 0.38533827662467957, 0.3825673758983612, 0.39272233843803406, 0.3851386606693268, 0.3858039677143097]}