{"accuracy": [0.4566987454891205, 0.5173945426940918, 0.5173945426940918, 0.5173945426940918, 0.5173945426940918, 0.5173945426940918, 0.5173945426940918, 0.5222057700157166, 0.6709844470024109, 0.5754996538162231, 0.5129533410072327, 0.4918578863143921, 0.48667654395103455, 0.48630642890930176, 0.48593634366989136, 0.4922279715538025, 0.5085121989250183, 0.5610658526420593], "val_accuracy": [0.5324869155883789, 0.5324869155883789, 0.5324869155883789, 0.5324869155883789, 0.5324869155883789, 0.5324869155883789, 0.5365944504737854, 0.6699029207229614, 0.5702016353607178, 0.5007468461990356, 0.4775952100753784, 0.4716206192970276, 0.47124719619750977, 0.47124719619750977, 0.4757281541824341, 0.4947722256183624, 0.5463032126426697, 0.638909637928009], "p_rule": [0.20849609375, 0.20849609375, 0.20849609375, 0.20849609375, 0.20849609375, 0.20849609375, 0.213134765625, 0.9208984375, 0.352294921875, 0.2353515625, 0.21533203125, 0.2105712890625, 0.2105712890625, 0.2105712890625, 0.213134765625, 0.232666015625, 0.307861328125, 0.5849609375], "adversary_prediction": [0.34505316615104675, 0.3450533449649811, 0.34505710005760193, 0.34519311785697937, 0.34717801213264465, 0.35546043515205383, 0.36476239562034607, 0.31629106402397156, 0.24204057455062866, 0.1725507378578186, 0.13382789492607117, 0.11949886381626129, 0.11859673261642456, 0.13528472185134888, 0.1581348180770874, 0.18700096011161804, 0.22485008835792542, 0.2528718113899231]}