{"accuracy": [0.4968171715736389, 0.5293856263160706, 0.529829740524292, 0.6852701902389526, 0.6466321349143982, 0.6039970517158508, 0.6063656806945801, 0.6509252190589905, 0.7271650433540344, 0.6934123039245605, 0.5780903100967407, 0.5498149394989014, 0.5659511685371399, 0.6498889923095703, 0.7729089856147766, 0.772168755531311, 0.689711332321167, 0.6438193917274475], "val_accuracy": [0.5323375463485718, 0.5333831310272217, 0.6766243577003479, 0.6348021030426025, 0.5931292176246643, 0.5955190658569336, 0.6422703266143799, 0.7121732831001282, 0.6876773834228516, 0.5828229784965515, 0.5535474419593811, 0.5702763199806213, 0.6498879790306091, 0.7602688670158386, 0.7598207592964172, 0.6790142059326172, 0.6291261911392212, 0.6337565183639526], "p_rule": [0.25, 0.250732421875, 0.71337890625, 0.60888671875, 0.441162109375, 0.423583984375, 0.5283203125, 0.8740234375, 0.58935546875, 0.32958984375, 0.282470703125, 0.31103515625, 0.50390625, 0.97509765625, 0.603515625, 0.445068359375, 0.390869140625, 0.3916015625], "adversary_prediction": [0.34505316615104675, 0.34507259726524353, 0.4240650236606598, 0.4621410071849823, 0.3390410840511322, 0.32793691754341125, 0.3749442398548126, 0.39931580424308777, 0.39893487095832825, 0.380603164434433, 0.37364742159843445, 0.3711065351963043, 0.35339370369911194, 0.3542230427265167, 0.31222984194755554, 0.29405805468559265, 0.279337078332901, 0.28762343525886536]}