{"accuracy": [0.4840047359466553, 0.5266587734222412, 0.5266587734222412, 0.5266587734222412, 0.5266587734222412, 0.5266587734222412, 0.5266587734222412, 0.5479857921600342, 0.6966824531555176, 0.5823459625244141, 0.5130331516265869, 0.4893364906311035, 0.4845971465110779, 0.4845971465110779, 0.49407583475112915, 0.5349525809288025, 0.5841231942176819, 0.6605450510978699], "val_accuracy": [0.5433353185653687, 0.5433353185653687, 0.5433353185653687, 0.5433353185653687, 0.5433353185653687, 0.5433353185653687, 0.5654512643814087, 0.6646742224693298, 0.5558876395225525, 0.4937238395214081, 0.47280335426330566, 0.46622833609580994, 0.46622833609580994, 0.479976087808609, 0.5032874941825867, 0.559473991394043, 0.6563060283660889, 0.6951584219932556], "p_rule": [0.2357177734375, 0.2357177734375, 0.2357177734375, 0.2357177734375, 0.2357177734375, 0.2357177734375, 0.26904296875, 0.9921875, 0.3916015625, 0.263427734375, 0.243896484375, 0.2420654296875, 0.2393798828125, 0.24755859375, 0.282470703125, 0.364501953125, 0.6279296875, 0.86328125], "adversary_prediction": [0.34505316615104675, 0.3450533449649811, 0.3450547158718109, 0.34513142704963684, 0.3461218774318695, 0.3500072658061981, 0.36696651577949524, 0.3851030766963959, 0.33051618933677673, 0.24676427245140076, 0.19976305961608887, 0.1834096908569336, 0.19412550330162048, 0.21876370906829834, 0.2536901533603668, 0.29277315735816956, 0.3220594823360443, 0.34129878878593445]}