{"accuracy": [0.46817171573638916, 0.4826054871082306, 0.482975572347641, 0.5218356847763062, 0.6724648475646973, 0.6158401370048523, 0.5458919405937195, 0.5592153668403625, 0.643227219581604, 0.7128053307533264, 0.6754255890846252, 0.609178364276886, 0.5673575401306152, 0.5610658526420593, 0.5903034806251526, 0.6398963928222656, 0.7083641886711121, 0.7564767003059387], "val_accuracy": [0.4675130546092987, 0.4675130546092987, 0.5126960277557373, 0.6616878509521484, 0.6157580018043518, 0.558999240398407, 0.5690814256668091, 0.6486184000968933, 0.7094846963882446, 0.6609410047531128, 0.601568341255188, 0.5492905378341675, 0.5463032126426697, 0.5791635513305664, 0.6366691589355469, 0.6934279203414917, 0.7236743569374084, 0.7225541472434998], "p_rule": [0.2083740234375, 0.2083740234375, 0.242919921875, 0.6650390625, 0.419921875, 0.269287109375, 0.28466796875, 0.491943359375, 0.98828125, 0.54052734375, 0.3271484375, 0.27734375, 0.27392578125, 0.2978515625, 0.392822265625, 0.61376953125, 0.87744140625, 0.79443359375], "adversary_prediction": [0.0038433338049799204, 0.0038160455878823996, 0.0733068585395813, 0.3788069784641266, 0.4138295352458954, 0.3906249701976776, 0.38599249720573425, 0.4070036709308624, 0.36758068203926086, 0.3051491677761078, 0.24645206332206726, 0.21331563591957092, 0.21752575039863586, 0.23772624135017395, 0.28074923157691956, 0.323468953371048, 0.3526444733142853, 0.3842150866985321]}