{"accuracy": [0.4662322402000427, 0.48045024275779724, 0.6374407410621643, 0.6913506984710693, 0.6255924105644226, 0.6356635093688965, 0.696090042591095, 0.7233412265777588, 0.6883886456489563, 0.6439573168754578, 0.6107819676399231, 0.6232227683067322, 0.6919431090354919, 0.7600710988044739, 0.7577013969421387, 0.6664692163467407, 0.6066350936889648, 0.5983412265777588], "val_accuracy": [0.4596533179283142, 0.6264196038246155, 0.683801531791687, 0.6294082403182983, 0.6395696401596069, 0.6927675008773804, 0.7053197622299194, 0.6676628589630127, 0.6180514097213745, 0.5839808583259583, 0.5989241003990173, 0.6545128226280212, 0.7375971078872681, 0.7507471442222595, 0.6718469858169556, 0.6168559193611145, 0.6090855002403259, 0.6431559920310974], "p_rule": [0.2420654296875, 0.5029296875, 0.73681640625, 0.419677734375, 0.456787109375, 0.70849609375, 0.865234375, 0.5595703125, 0.398681640625, 0.34375, 0.354736328125, 0.4638671875, 0.70361328125, 0.91162109375, 0.533203125, 0.38232421875, 0.371337890625, 0.461181640625], "adversary_prediction": [0.004229964688420296, 0.31630584597587585, 0.51188725233078, 0.41964974999427795, 0.4692922532558441, 0.5053358674049377, 0.4996640980243683, 0.3891822397708893, 0.2995624840259552, 0.2770675718784332, 0.2882634103298187, 0.34662261605262756, 0.42286673188209534, 0.4609411060810089, 0.46346160769462585, 0.4715026915073395, 0.4754476249217987, 0.47843894362449646]}