{"accuracy": [0.4663212299346924, 0.4777202010154724, 0.48704662919044495, 0.6455958485603333, 0.6575129628181458, 0.5870466232299805, 0.6336787343025208, 0.719689130783081, 0.709326446056366, 0.6419689059257507, 0.590673565864563, 0.5740932822227478, 0.6056994795799255, 0.6709844470024109, 0.7419689297676086, 0.7564767003059387, 0.7212435007095337, 0.6678756475448608], "val_accuracy": [0.45606693625450134, 0.4592050313949585, 0.625, 0.6569037437438965, 0.5998954176902771, 0.6380752921104431, 0.7060669660568237, 0.6872385144233704, 0.6087865829467773, 0.5580543875694275, 0.5481171607971191, 0.5805439352989197, 0.6317991614341736, 0.7128661274909973, 0.741108775138855, 0.7123430967330933, 0.6673640012741089, 0.6521966457366943], "p_rule": [0.21923828125, 0.2222900390625, 0.442138671875, 0.52099609375, 0.332763671875, 0.433837890625, 0.8271484375, 0.6396484375, 0.389404296875, 0.3095703125, 0.29541015625, 0.334716796875, 0.438232421875, 0.66796875, 0.97509765625, 0.6552734375, 0.51708984375, 0.467529296875], "adversary_prediction": [0.0038451794534921646, 0.002420526696369052, 0.39743563532829285, 0.40848585963249207, 0.381371408700943, 0.40544959902763367, 0.431755930185318, 0.3928961455821991, 0.31353631615638733, 0.2566893994808197, 0.24926385283470154, 0.2698867619037628, 0.31296417117118835, 0.3582095205783844, 0.38819608092308044, 0.40554192662239075, 0.413309782743454, 0.42245903611183167]}