{"accuracy": [0.5423051118850708, 0.5227625966072083, 0.6326892971992493, 0.6528980731964111, 0.586053729057312, 0.6002665162086487, 0.6622251868247986, 0.742393970489502, 0.6957584023475647, 0.5942704677581787, 0.5720630884170532, 0.6084832549095154, 0.7046413421630859, 0.7777037620544434, 0.7490561604499817, 0.6939817667007446, 0.6584499478340149, 0.6577836871147156], "val_accuracy": [0.5267757177352905, 0.6327582597732544, 0.6367914080619812, 0.5736051797866821, 0.5843603014945984, 0.6486667990684509, 0.7140936851501465, 0.6849652528762817, 0.5984763503074646, 0.5801030993461609, 0.6121442914009094, 0.7004257440567017, 0.7582343816757202, 0.7349316477775574, 0.6800358295440674, 0.6406005024909973, 0.6423929929733276, 0.6773470640182495], "p_rule": [0.2193603515625, 0.41259765625, 0.4970703125, 0.33349609375, 0.34130859375, 0.483642578125, 0.8857421875, 0.5810546875, 0.34423828125, 0.295166015625, 0.366455078125, 0.6015625, 0.958984375, 0.57666015625, 0.4228515625, 0.36767578125, 0.3681640625, 0.41552734375], "adversary_prediction": [0.34505322575569153, 0.3621787130832672, 0.5404470562934875, 0.36437103152275085, 0.401474267244339, 0.5028180480003357, 0.5298780798912048, 0.4819657504558563, 0.44608274102211, 0.4454191029071808, 0.4590841829776764, 0.4795186221599579, 0.4817480146884918, 0.4618109166622162, 0.41989007592201233, 0.39296022057533264, 0.39747539162635803, 0.4135684072971344]}