{"accuracy": [0.4491337239742279, 0.47845402359962463, 0.5655264258384705, 0.6885828375816345, 0.6459351181983948, 0.6023989319801331, 0.6352732181549072, 0.691692590713501, 0.7285650968551636, 0.6574855446815491, 0.5952909588813782, 0.5704131722450256, 0.589515745639801, 0.6588183045387268, 0.7538871765136719, 0.7716570496559143, 0.706352710723877, 0.6392714381217957], "val_accuracy": [0.46436575055122375, 0.5499776005744934, 0.6633796691894531, 0.6414164304733276, 0.6069027185440063, 0.6315553784370422, 0.6916180849075317, 0.6987897753715515, 0.6414164304733276, 0.5750784277915955, 0.55311518907547, 0.5692514777183533, 0.6355894207954407, 0.7301658391952515, 0.7687135934829712, 0.7055132389068604, 0.6409682035446167, 0.6225907802581787], "p_rule": [0.2154541015625, 0.311279296875, 0.8505859375, 0.5029296875, 0.3759765625, 0.459228515625, 0.748046875, 0.73974609375, 0.435546875, 0.30712890625, 0.287841796875, 0.2958984375, 0.3759765625, 0.55126953125, 0.94384765625, 0.6337890625, 0.430908203125, 0.37255859375], "adversary_prediction": [0.005493716336786747, 0.1277606040239334, 0.41297903656959534, 0.3944600522518158, 0.36951133608818054, 0.4052862226963043, 0.40643975138664246, 0.36756113171577454, 0.2653929889202118, 0.19739192724227905, 0.18526098132133484, 0.20270156860351562, 0.24538126587867737, 0.2969532907009125, 0.335547536611557, 0.3623109757900238, 0.37201324105262756, 0.3780718147754669]}