{"accuracy": [0.526502788066864, 0.5185075402259827, 0.6348830461502075, 0.6316257119178772, 0.5898726582527161, 0.625999391078949, 0.7201658487319946, 0.7142434120178223, 0.5877998471260071, 0.5575954914093018, 0.5987563133239746, 0.7115783095359802, 0.7835356593132019, 0.7340835332870483, 0.6707136631011963, 0.6434705257415771, 0.672194242477417, 0.7305300831794739], "val_accuracy": [0.5333133935928345, 0.6474454998970032, 0.6127875447273254, 0.5685688853263855, 0.6029279828071594, 0.7060053944587708, 0.7155661582946777, 0.5987451672554016, 0.5727517008781433, 0.6127875447273254, 0.7200478315353394, 0.7744248509407043, 0.7275171875953674, 0.661786675453186, 0.6366895437240601, 0.6599940061569214, 0.7128772139549255, 0.7687481045722961], "p_rule": [0.207763671875, 0.4345703125, 0.47021484375, 0.32275390625, 0.374755859375, 0.6875, 0.61083984375, 0.309814453125, 0.26953125, 0.337646484375, 0.61083984375, 0.8505859375, 0.51708984375, 0.38720703125, 0.354736328125, 0.3896484375, 0.48095703125, 0.6298828125], "adversary_prediction": [0.34505316615104675, 0.3869372308254242, 0.36517706513404846, 0.2500581443309784, 0.31645897030830383, 0.44223806262016296, 0.49968114495277405, 0.4682582914829254, 0.45799800753593445, 0.46974167227745056, 0.4629157483577728, 0.4301268756389618, 0.37258943915367126, 0.3093300759792328, 0.3044341504573822, 0.32056924700737, 0.3742195665836334, 0.4254664480686188]}