{"accuracy": [0.5455218553543091, 0.4826054871082306, 0.4826054871082306, 0.4826054871082306, 0.5373797416687012, 0.7087342739105225, 0.5618060827255249, 0.5277572274208069, 0.5303478837013245, 0.5714285969734192, 0.677276074886322, 0.7357512712478638, 0.6943005323410034, 0.6302738785743713, 0.5965951085090637, 0.5873426795005798, 0.605107307434082, 0.647298276424408], "val_accuracy": [0.4675130546092987, 0.4675130546092987, 0.46788647770881653, 0.5276325345039368, 0.694921612739563, 0.5754294395446777, 0.5403286218643188, 0.5436893105506897, 0.5851381421089172, 0.6773711442947388, 0.7229275703430176, 0.6848394274711609, 0.6265870332717896, 0.5899925231933594, 0.5791635513305664, 0.6019417643547058, 0.6385362148284912, 0.6751306653022766], "p_rule": [0.2083740234375, 0.2083740234375, 0.2080078125, 0.2486572265625, 0.99658203125, 0.285400390625, 0.2197265625, 0.2237548828125, 0.296142578125, 0.54052734375, 0.97900390625, 0.56640625, 0.384033203125, 0.306640625, 0.30712890625, 0.3251953125, 0.3935546875, 0.55029296875], "adversary_prediction": [0.003843337530270219, 0.004149104934185743, 0.018748292699456215, 0.24763360619544983, 0.4454173147678375, 0.3783266246318817, 0.36728528141975403, 0.3795749843120575, 0.4019635021686554, 0.4319111406803131, 0.41695621609687805, 0.3794676959514618, 0.33989718556404114, 0.3060726821422577, 0.30291494727134705, 0.30960193276405334, 0.33475878834724426, 0.3630237281322479]}