{"accuracy": [0.49988895654678345, 0.47723740339279175, 0.48167887330055237, 0.578725278377533, 0.7177437543869019, 0.5722851157188416, 0.5400843620300293, 0.5887186527252197, 0.6973128914833069, 0.7346213459968567, 0.6744392514228821, 0.6200311183929443, 0.6022651791572571, 0.6122584939002991, 0.649789035320282, 0.7068620920181274, 0.7537197470664978, 0.7548301219940186], "val_accuracy": [0.4732242822647095, 0.4786018431186676, 0.5709164142608643, 0.6887743473052979, 0.5733811259269714, 0.5438045859336853, 0.5895137786865234, 0.6901187300682068, 0.7058032751083374, 0.6513555645942688, 0.6114721298217773, 0.5886175036430359, 0.6007170081138611, 0.6309657096862793, 0.6755545735359192, 0.7232803106307983, 0.7270894050598145, 0.6988572478294373], "p_rule": [0.2193603515625, 0.2216796875, 0.345703125, 0.95361328125, 0.297119140625, 0.2447509765625, 0.321044921875, 0.6318359375, 0.8115234375, 0.476806640625, 0.353759765625, 0.32861328125, 0.335693359375, 0.38916015625, 0.5400390625, 0.7783203125, 0.88671875, 0.61962890625], "adversary_prediction": [0.003951394464820623, 0.0109003446996212, 0.22003993391990662, 0.499379426240921, 0.3820805847644806, 0.3812779486179352, 0.3966047465801239, 0.39273199439048767, 0.36027416586875916, 0.3041398227214813, 0.25812938809394836, 0.2369702160358429, 0.24116894602775574, 0.2632467448711395, 0.297545462846756, 0.3273484408855438, 0.35096630454063416, 0.3643493950366974]}