{"accuracy": [0.5821613669395447, 0.5173945426940918, 0.7024426460266113, 0.5943745374679565, 0.5840118527412415, 0.6569207906723022, 0.7509252429008484, 0.6484085917472839, 0.5595855116844177, 0.5610658526420593, 0.6509992480278015, 0.7590673565864563, 0.750555157661438, 0.6698741912841797, 0.6143597364425659, 0.6236121654510498, 0.6661732196807861, 0.7461140155792236], "val_accuracy": [0.5324869155883789, 0.6893203854560852, 0.5955937504768372, 0.5810306072235107, 0.6564600467681885, 0.7274085283279419, 0.6609410047531128, 0.5772964954376221, 0.5810306072235107, 0.6598207354545593, 0.74346524477005, 0.7374906539916992, 0.660567581653595, 0.6165048480033875, 0.6194921731948853, 0.6672890186309814, 0.7318894863128662, 0.7766990065574646], "p_rule": [0.20849609375, 0.7998046875, 0.375732421875, 0.3349609375, 0.4677734375, 0.98291015625, 0.427001953125, 0.266357421875, 0.271728515625, 0.441650390625, 0.83935546875, 0.6328125, 0.417724609375, 0.34765625, 0.349609375, 0.388427734375, 0.5439453125, 0.751953125], "adversary_prediction": [0.3450535237789154, 0.5623988509178162, 0.39145079255104065, 0.32753488421440125, 0.4744803011417389, 0.6082424521446228, 0.5262317061424255, 0.4801013171672821, 0.47997578978538513, 0.4942465126514435, 0.4660259783267975, 0.40543892979621887, 0.3383978307247162, 0.3083065450191498, 0.31131860613822937, 0.33069297671318054, 0.3815559446811676, 0.4241339862346649]}