dist,adult,utk,cifar
0.1,0.29290128,0.27484733,0.37891167
0.2,0.24803197,0.3760082,0.33837262
0.3,0.41366032,0.42236623,0.3068717
0.4,0.51766515,0.47667214,0.32162377
0.5,0.5921355,0.5431321,0.5416798
0.6,0.618554,0.58170485,0.5606562
0.7,0.7270807,0.5959058,0.615737
0.8,0.6593976,0.63321024,0.6735314
0.9,0.65592515,0.64048094,0.7246678
