dist,adult,utk,cifar
0.1,0.19290127,0.17484735,0.2789116
0.2,0.04880801,0.17600821,0.13837264
0.3,0.11366033,0.12236618,0.044110894
0.4,0.11766518,0.085059844,0.087120555
0.5,0.09213549,0.05526917,0.064873174
0.6,0.02931243,0.053429887,0.061440688
0.7,0.03231824,0.10544886,0.08833109
0.8,0.14060241,0.16678973,0.12881975
0.9,0.24407482,0.259519,0.17533214
