,dist,utk,cifar
0,0.1,0.09359901,0.4511328
1,0.2,0.21448511,0.38811004
2,0.3,0.36983597,0.34906772
3,0.4,0.4720241,0.34949586
4,0.5,0.5682048,0.35675773
5,0.6,0.620875,0.45573235
6,0.7,0.6815449,0.60958815
7,0.8,0.7226862,0.7390651
8,0.9,0.74826056,0.87239337
