dist,utk,cifar
0.1,0.025130322,0.3511328
0.2,0.03922014,0.18811007
0.3,0.07855163,0.05223444
0.4,0.08005384,0.05121453
0.5,0.083696306,0.1432423
0.6,0.0638503,0.14457516
0.7,0.06336475,0.093326166
0.8,0.08502324,0.07568662
0.9,0.15213047,0.053421985
