{"accuracy": [0.5316061973571777, 0.5222797989845276, 0.5222797989845276, 0.5222797989845276, 0.5222797989845276, 0.5222797989845276, 0.6238341927528381, 0.6787564754486084, 0.5911917090415955, 0.5440414547920227, 0.5181347131729126, 0.5170984268188477], "val_accuracy": [0.5439330339431763, 0.5439330339431763, 0.5439330339431763, 0.5439330339431763, 0.5444560647010803, 0.6433054208755493, 0.6652719378471375, 0.5658996105194092, 0.5251045823097229, 0.4984309673309326, 0.4905857741832733, 0.5010460019111633], "p_rule": [0.21923828125, 0.21923828125, 0.21923828125, 0.21923828125, 0.21923828125, 0.449951171875, 0.81396484375, 0.3935546875, 0.27978515625, 0.249267578125, 0.2412109375, 0.25244140625], "adversary_prediction": [0.34505316615104675, 0.34505322575569153, 0.34506478905677795, 0.3458850681781769, 0.3564281165599823, 0.39697709679603577, 0.4223025143146515, 0.31996241211891174, 0.25032976269721985, 0.22030150890350342, 0.21194112300872803, 0.23127859830856323]}