{"accuracy": [0.5699481964111328, 0.5177646279335022, 0.6965211033821106, 0.6010362505912781, 0.610288679599762, 0.7261288166046143, 0.7272390723228455, 0.6243523359298706, 0.5932642221450806, 0.6624722480773926, 0.7809030413627625, 0.7772020697593689, 0.6739452481269836, 0.6406365633010864, 0.6539600491523743], "val_accuracy": [0.5324869155883789, 0.6915608644485474, 0.5855115652084351, 0.6109036803245544, 0.7038834691047668, 0.7277819514274597, 0.6280806660652161, 0.6090365648269653, 0.6639283299446106, 0.7636295557022095, 0.7625093460083008, 0.6762509346008301, 0.6359223127365112, 0.6493651866912842, 0.7162061333656311], "p_rule": [0.2088623046875, 0.8271484375, 0.322021484375, 0.343017578125, 0.63818359375, 0.72509765625, 0.388427734375, 0.3310546875, 0.467041015625, 0.9248046875, 0.59716796875, 0.402099609375, 0.357177734375, 0.371826171875, 0.45654296875], "adversary_prediction": [0.3453587591648102, 0.6444304585456848, 0.3724854290485382, 0.3900463283061981, 0.5226938128471375, 0.5626735091209412, 0.5225690007209778, 0.5279802680015564, 0.5031904578208923, 0.4889809191226959, 0.4056871831417084, 0.33422067761421204, 0.298027366399765, 0.31883105635643005, 0.36461296677589417]}