{"accuracy": [0.498519629240036, 0.6924500465393066, 0.7413027286529541, 0.5481125116348267, 0.6809770464897156, 0.6028867363929749, 0.8038489818572998, 0.7512953281402588, 0.7220577597618103, 0.7742413282394409, 0.8149518966674805, 0.7890451550483704, 0.7623982429504395, 0.7709104418754578, 0.8153219819068909, 0.8297557234764099, 0.8127313256263733, 0.8001480102539062, 0.806069552898407, 0.8275351524353027, 0.8449296951293945, 0.8353071808815002, 0.8319762945175171, 0.8282753229141235, 0.8393782377243042, 0.8519614934921265, 0.8552923798561096, 0.8534418940544128, 0.8545522093772888, 0.8601036071777344, 0.8660251498222351, 0.8663952350616455, 0.8604737520217896, 0.8593634366989136, 0.8660251498222351, 0.8737971782684326, 0.8756476640701294, 0.8767579793930054, 0.8789785504341125, 0.8837897777557373, 0.8867505788803101, 0.8811991214752197, 0.8874907493591309, 0.8882309198379517, 0.8926721215248108, 0.8960029482841492, 0.8967431783676147, 0.8989637494087219, 0.9019244909286499, 0.8967431783676147, 0.9052553772926331, 0.9059955477714539, 0.9041450619697571, 0.9034048914909363, 0.909326434135437, 0.9156180620193481, 0.9185788035392761, 0.9200592041015625, 0.9215396046638489], "val_accuracy": [0.6792382597923279, 0.7330096960067749, 0.5380881428718567, 0.6706497669219971, 0.5982075929641724, 0.7879014015197754, 0.7475728392601013, 0.7165795564651489, 0.7737117409706116, 0.7961165308952332, 0.7748319506645203, 0.7554144859313965, 0.7684839367866516, 0.799477219581604, 0.8054518103599548, 0.7957431077957153, 0.7864077687263489, 0.7920089364051819, 0.805078387260437, 0.8196415305137634, 0.8147871494293213, 0.8073188662528992, 0.8065720796585083, 0.810306191444397, 0.8267363905906677, 0.8293502330780029, 0.8293502330780029, 0.8278566002845764, 0.8345780372619629, 0.8371919393539429, 0.8330844044685364, 0.8345780372619629, 0.8334578275680542, 0.8424197435379028, 0.8412994742393494, 0.8472740650177002, 0.847647488117218, 0.8487677574157715, 0.8517550230026245, 0.8513815999031067, 0.8517550230026245, 0.852875292301178, 0.8551157712936401, 0.8614637851715088, 0.8607169389724731, 0.8618372082710266, 0.8618372082710266, 0.861090362071991, 0.8599701523780823, 0.8614637851715088, 0.8670649528503418, 0.8681852221488953, 0.8674383759498596, 0.8715459108352661, 0.8681852221488953, 0.8670649528503418, 0.8663181662559509, 0.8659447431564331, 0.8678117990493774], "p_rule": [0.96337890625, 0.85498046875, 0.2626953125, 0.625, 0.384765625, 0.9013671875, 0.491943359375, 0.4443359375, 0.5546875, 0.8125, 0.8857421875, 0.72265625, 0.78515625, 0.986328125, 0.80419921875, 0.63818359375, 0.58935546875, 0.59765625, 0.6689453125, 0.79541015625, 0.91064453125, 0.9951171875, 0.97314453125, 0.9482421875, 0.84326171875, 0.77783203125, 0.71337890625, 0.6962890625, 0.72412109375, 0.7890625, 0.853515625, 0.9228515625, 0.93408203125, 0.8984375, 0.83203125, 0.78369140625, 0.7626953125, 0.771484375, 0.8046875, 0.845703125, 0.89990234375, 0.9140625, 0.8701171875, 0.83203125, 0.8046875, 0.8095703125, 0.8447265625, 0.88427734375, 0.91552734375, 0.908203125, 0.8828125, 0.849609375, 0.845703125, 0.87158203125, 0.8984375, 0.91064453125, 0.908203125, 0.88427734375, 0.87158203125], "adversary_prediction": [0.5364457964897156, 0.6162391304969788, 0.1813945770263672, 0.4757525622844696, 0.45500943064689636, 0.5174229741096497, 0.45746299624443054, 0.4681870639324188, 0.5155790448188782, 0.5942378640174866, 0.595090925693512, 0.5778365731239319, 0.5877990126609802, 0.6127309203147888, 0.6167411208152771, 0.5824630856513977, 0.5909032225608826, 0.5823543667793274, 0.60466068983078, 0.6302701830863953, 0.6427798867225647, 0.6452341675758362, 0.658598005771637, 0.6473730206489563, 0.6580857634544373, 0.6608749032020569, 0.6546493172645569, 0.6834942698478699, 0.6647023558616638, 0.6871768832206726, 0.6880832314491272, 0.6899588704109192, 0.6919159293174744, 0.6902238726615906, 0.6991531252861023, 0.7067559361457825, 0.6871883273124695, 0.7049713730812073, 0.6944872736930847, 0.7120571732521057, 0.7115139365196228, 0.7027300000190735, 0.7020033001899719, 0.7166480422019958, 0.6962705254554749, 0.7165232300758362, 0.7076404690742493, 0.6973341107368469, 0.7103968262672424, 0.7013925909996033, 0.7004744410514832, 0.7124701142311096, 0.7131877541542053, 0.7346876263618469, 0.7190101742744446, 0.7035635113716125, 0.687816321849823, 0.6931700110435486, 0.719616711139679]}