{"accuracy": [0.4233160614967346, 0.5222797989845276, 0.5222797989845276, 0.5238341689109802, 0.6725388765335083, 0.681347131729126, 0.6196891069412231, 0.5839378237724304, 0.5880829095840454], "val_accuracy": [0.5439330339431763, 0.5439330339431763, 0.5460250973701477, 0.680962324142456, 0.6433054208755493, 0.5852510333061218, 0.5543932914733887, 0.5570083856582642, 0.5747907757759094], "p_rule": [0.21923828125, 0.21923828125, 0.21923828125, 0.626953125, 0.70654296875, 0.411865234375, 0.34765625, 0.34375, 0.364990234375], "adversary_prediction": [0.34505316615104675, 0.3450540602207184, 0.34733936190605164, 0.43299975991249084, 0.5493401885032654, 0.46593567728996277, 0.3773106634616852, 0.37287381291389465, 0.38953450322151184]}