{"accuracy": [0.49145013093948364, 0.5227625966072083, 0.5227625966072083, 0.6611148118972778, 0.6722185015678406, 0.612036406993866, 0.6015989184379578, 0.6318010091781616, 0.6993115544319153, 0.7350655198097229, 0.6420164108276367, 0.5640683770179749, 0.5514101982116699, 0.5789473652839661], "val_accuracy": [0.5267757177352905, 0.5267757177352905, 0.6547165513038635, 0.6544924974441528, 0.5948913097381592, 0.585928738117218, 0.6168496608734131, 0.6773470640182495, 0.71185302734375, 0.6506834030151367, 0.5666592121124268, 0.555007815361023, 0.5823436975479126, 0.6695048213005066], "p_rule": [0.2193603515625, 0.2193603515625, 0.50732421875, 0.6171875, 0.39111328125, 0.357666015625, 0.4140625, 0.6103515625, 0.8984375, 0.446044921875, 0.283447265625, 0.26220703125, 0.3076171875, 0.49853515625], "adversary_prediction": [0.34505316615104675, 0.3450620472431183, 0.4377816617488861, 0.5178465247154236, 0.3817305862903595, 0.35223087668418884, 0.3828437626361847, 0.4419849216938019, 0.45499011874198914, 0.43429598212242126, 0.4203468859195709, 0.410476416349411, 0.4088952839374542, 0.4076370894908905]}