{"accuracy": [0.4673575162887573, 0.5854922533035278, 0.6797927618026733, 0.6647668480873108, 0.7300518155097961, 0.7409326434135437, 0.7005181312561035, 0.6787564754486084, 0.7352331876754761, 0.8181347250938416, 0.7580310702323914, 0.6440414786338806, 0.6331606507301331, 0.6989637017250061], "val_accuracy": [0.560669481754303, 0.694037675857544, 0.6799163222312927, 0.7353556752204895, 0.7264644503593445, 0.6689330339431763, 0.6501045823097229, 0.7055439352989197, 0.7897489666938782, 0.7437238693237305, 0.6417363882064819, 0.6265690326690674, 0.6793932914733887, 0.7724895477294922], "p_rule": [0.333984375, 0.615234375, 0.52587890625, 0.83447265625, 0.6826171875, 0.44677734375, 0.398681640625, 0.46875, 0.66650390625, 0.8720703125, 0.50439453125, 0.465576171875, 0.6201171875, 0.9892578125], "adversary_prediction": [0.20597141981124878, 0.4822956621646881, 0.4928111135959625, 0.6067652106285095, 0.6081704497337341, 0.4732385575771332, 0.3935895264148712, 0.4439322054386139, 0.5184070467948914, 0.5359638333320618, 0.5308658480644226, 0.5229170918464661, 0.5321571230888367, 0.5318532586097717]}