{"accuracy": [0.4722427725791931, 0.4826054871082306, 0.4826054871082306, 0.5018504858016968, 0.5769799947738647, 0.6569207906723022, 0.6491487622261047, 0.5903034806251526, 0.5569947957992554, 0.5814211964607239, 0.6421169638633728, 0.6954107880592346, 0.6898593902587891, 0.6439674496650696, 0.5899333953857422, 0.5706883668899536], "val_accuracy": [0.4675130546092987, 0.4675130546092987, 0.4813293516635895, 0.5660941004753113, 0.6460044980049133, 0.6530992984771729, 0.5970873832702637, 0.5709484815597534, 0.5929798483848572, 0.649738609790802, 0.6882001757621765, 0.6680358648300171, 0.6321882009506226, 0.5814040303230286, 0.5631067752838135, 0.5657206773757935], "p_rule": [0.2083740234375, 0.2083740234375, 0.221923828125, 0.370849609375, 0.728515625, 0.61669921875, 0.342041015625, 0.28076171875, 0.324462890625, 0.50244140625, 0.8896484375, 0.701171875, 0.429443359375, 0.330322265625, 0.296142578125, 0.29443359375], "adversary_prediction": [0.0038433296140283346, 0.0038502125535160303, 0.006671733222901821, 0.15071430802345276, 0.32868561148643494, 0.4170512855052948, 0.38499459624290466, 0.3734668791294098, 0.36568549275398254, 0.35866478085517883, 0.3221755921840668, 0.2759004533290863, 0.2202368974685669, 0.1952633559703827, 0.18403229117393494, 0.193165123462677]}