{"accuracy": [0.4875647723674774, 0.5222797989845276, 0.5222797989845276, 0.5222797989845276, 0.5222797989845276, 0.5222797989845276], "val_accuracy": [0.5439330339431763, 0.5439330339431763, 0.5439330339431763, 0.5439330339431763, 0.5439330339431763, 0.5439330339431763], "p_rule": [0.21923828125, 0.21923828125, 0.21923828125, 0.21923828125, 0.21923828125, 0.21923828125], "adversary_prediction": [0.34505316615104675, 0.34505316615104675, 0.3450535237789154, 0.3450693190097809, 0.34529152512550354, 0.34593746066093445]}