{"accuracy": [0.4729829728603363, 0.5192450284957886, 0.6909696459770203, 0.6424870491027832, 0.6243523359298706, 0.6709844470024109, 0.7324204444885254, 0.7131754159927368, 0.6191709637641907, 0.5977054238319397, 0.6554403901100159, 0.7809030413627625, 0.7760917544364929, 0.696891188621521, 0.6632124185562134, 0.6802368760108948, 0.735011100769043, 0.8053293824195862, 0.8160621523857117, 0.7731310129165649, 0.7450037002563477, 0.7368615865707397, 0.7475943565368652], "val_accuracy": [0.5336071848869324, 0.6960418224334717, 0.644137442111969, 0.6191187500953674, 0.6489917635917664, 0.7229275703430176, 0.7143390774726868, 0.6318147778511047, 0.6079163551330566, 0.663181483745575, 0.756908118724823, 0.7640029788017273, 0.6904406547546387, 0.655339777469635, 0.6747573018074036, 0.7277819514274597, 0.7837938666343689, 0.7845407128334045, 0.7628827691078186, 0.7359970211982727, 0.7266616821289062, 0.743091881275177, 0.767737090587616], "p_rule": [0.2122802734375, 0.88818359375, 0.5205078125, 0.414794921875, 0.52587890625, 0.87744140625, 0.64501953125, 0.380615234375, 0.33544921875, 0.472412109375, 0.876953125, 0.65673828125, 0.46923828125, 0.4013671875, 0.43115234375, 0.513671875, 0.669921875, 0.908203125, 0.8203125, 0.69384765625, 0.6650390625, 0.7109375, 0.8203125], "adversary_prediction": [0.3450417220592499, 0.6477721333503723, 0.566425621509552, 0.45736363530158997, 0.5449941754341125, 0.6259792447090149, 0.5845890641212463, 0.5202894806861877, 0.49581673741340637, 0.5177426934242249, 0.4845714271068573, 0.41782626509666443, 0.34947195649147034, 0.310773104429245, 0.33383557200431824, 0.3770638406276703, 0.43326207995414734, 0.48405852913856506, 0.5113148093223572, 0.5183835625648499, 0.5258064866065979, 0.542971670627594, 0.5482147336006165]}