{"accuracy": [0.4827892482280731, 0.5107706189155579, 0.7137463688850403, 0.5647346377372742, 0.6528980731964111, 0.7594936490058899, 0.6848767399787903, 0.6235842704772949, 0.6133688688278198, 0.6540084481239319], "val_accuracy": [0.5059376955032349, 0.6979610323905945, 0.5644185543060303, 0.6423929929733276, 0.7311225533485413, 0.6728658080101013, 0.6141608953475952, 0.6074389219284058, 0.6428411602973938, 0.7212637066841125], "p_rule": [0.2474365234375, 0.94921875, 0.283447265625, 0.451171875, 0.90283203125, 0.4599609375, 0.352294921875, 0.338623046875, 0.3759765625, 0.51708984375], "adversary_prediction": [0.07363627851009369, 0.5769630074501038, 0.41316625475883484, 0.5032909512519836, 0.6168304085731506, 0.4986884891986847, 0.3847202956676483, 0.35445651412010193, 0.4127129018306732, 0.4811843931674957]}