{"accuracy": [0.4365978240966797, 0.5227625966072083, 0.5227625966072083, 0.5227625966072083, 0.5982677936553955, 0.6995336413383484, 0.6269153952598572, 0.5862758159637451, 0.5665112137794495, 0.5685098767280579], "val_accuracy": [0.5267757177352905, 0.5267757177352905, 0.5267757177352905, 0.6011651158332825, 0.6645753979682922, 0.6199865341186523, 0.5756217837333679, 0.5547837615013123, 0.5570244193077087, 0.5792068243026733], "p_rule": [0.2193603515625, 0.2193603515625, 0.2193603515625, 0.361083984375, 0.927734375, 0.51123046875, 0.3623046875, 0.327880859375, 0.32861328125, 0.35302734375], "adversary_prediction": [0.34505316615104675, 0.34505560994148254, 0.34526327252388, 0.4086836874485016, 0.5448673367500305, 0.46278318762779236, 0.3692777454853058, 0.3202195465564728, 0.32163307070732117, 0.3537159264087677]}