{"accuracy": [0.5176165699958801, 0.5227979421615601, 0.7025906443595886, 0.6238341927528381, 0.6569948196411133, 0.7378238439559937, 0.7253885865211487, 0.6528497338294983, 0.6202072501182556, 0.6435233354568481], "val_accuracy": [0.49267783761024475, 0.6888075470924377, 0.6270920634269714, 0.6652719378471375, 0.7191422581672668, 0.6914225816726685, 0.633368194103241, 0.5957112908363342, 0.6140167117118835, 0.6966527104377747], "p_rule": [0.25, 0.8388671875, 0.40283203125, 0.5009765625, 0.88671875, 0.62890625, 0.3955078125, 0.342041015625, 0.370849609375, 0.5126953125], "adversary_prediction": [0.040578633546829224, 0.5307145714759827, 0.41176512837409973, 0.4793691337108612, 0.5888695120811462, 0.5218554139137268, 0.37946680188179016, 0.318524032831192, 0.34334126114845276, 0.4040849506855011]}