{"accuracy": [0.5314581990242004, 0.5173945426940918, 0.6761658191680908, 0.620651364326477, 0.5803108811378479, 0.6417468786239624, 0.7501850724220276, 0.6809770464897156, 0.5895633101463318, 0.5725388526916504, 0.5999259948730469], "val_accuracy": [0.5324869155883789, 0.6837192177772522, 0.6008214950561523, 0.5698282122612, 0.6321882009506226, 0.7277819514274597, 0.6982823014259338, 0.5914861559867859, 0.5754294395446777, 0.6120238900184631, 0.7132188081741333], "p_rule": [0.20849609375, 0.69091796875, 0.370849609375, 0.301513671875, 0.37451171875, 0.72802734375, 0.59033203125, 0.324462890625, 0.28955078125, 0.358642578125, 0.6337890625], "adversary_prediction": [0.3450528681278229, 0.528837263584137, 0.3271430432796478, 0.27527639269828796, 0.38827207684516907, 0.5155956149101257, 0.534647524356842, 0.487911194562912, 0.4985564649105072, 0.4919135868549347, 0.4797956645488739]}