{"accuracy": [0.4581791162490845, 0.5851221084594727, 0.6495188474655151, 0.6613619327545166, 0.7294596433639526, 0.7187268733978271, 0.658771276473999, 0.6591413617134094, 0.7568467855453491, 0.7949666976928711, 0.6606217622756958, 0.6106587648391724, 0.6739452481269836, 0.769059956073761, 0.817542552947998, 0.7801628708839417, 0.749444842338562, 0.7564767003059387, 0.7868245840072632], "val_accuracy": [0.5806571841239929, 0.6669155955314636, 0.6781179904937744, 0.7206870913505554, 0.6997759342193604, 0.6508588790893555, 0.6545929908752441, 0.7438386678695679, 0.7572815418243408, 0.6560866236686707, 0.6243465542793274, 0.660567581653595, 0.7479462027549744, 0.8002240657806396, 0.7658700346946716, 0.7382375001907349, 0.7457057237625122, 0.7666168808937073, 0.793876051902771], "p_rule": [0.322509765625, 0.48388671875, 0.5078125, 0.92578125, 0.6318359375, 0.405517578125, 0.388427734375, 0.5673828125, 0.9716796875, 0.490478515625, 0.391357421875, 0.515625, 0.84716796875, 0.7412109375, 0.5625, 0.49609375, 0.5078125, 0.57763671875, 0.67724609375], "adversary_prediction": [0.23244085907936096, 0.4008779227733612, 0.4037036597728729, 0.5251298546791077, 0.48497673869132996, 0.3785758316516876, 0.3516175448894501, 0.38363656401634216, 0.39559057354927063, 0.4087671935558319, 0.4054056704044342, 0.3995454013347626, 0.4128231108188629, 0.38735291361808777, 0.37402215600013733, 0.36547210812568665, 0.3828313648700714, 0.4222773015499115, 0.4523144066333771]}