{"accuracy": [0.4885631799697876, 0.5236508846282959, 0.6984232664108276, 0.657117486000061, 0.6280257701873779, 0.649789035320282, 0.6999778151512146, 0.7255163192749023, 0.6613368988037109, 0.607594907283783, 0.6162558197975159, 0.7139684557914734, 0.7859205007553101, 0.7157450318336487, 0.6464579105377197, 0.6349100470542908, 0.678658664226532], "val_accuracy": [0.5269997715950012, 0.6735379695892334, 0.6293972730636597, 0.6155052781105042, 0.63118976354599, 0.6742101907730103, 0.6975128650665283, 0.6605422496795654, 0.6078870892524719, 0.6188662052154541, 0.6975128650665283, 0.762267529964447, 0.700873851776123, 0.6385838985443115, 0.6269325613975525, 0.6677123308181763, 0.7371723055839539], "p_rule": [0.219970703125, 0.85888671875, 0.6162109375, 0.494140625, 0.5439453125, 0.748046875, 0.84619140625, 0.486328125, 0.353271484375, 0.381591796875, 0.67236328125, 0.740234375, 0.478271484375, 0.369873046875, 0.358642578125, 0.4111328125, 0.52587890625], "adversary_prediction": [0.34507057070732117, 0.5151030421257019, 0.49831560254096985, 0.4155503213405609, 0.4217468202114105, 0.4610256850719452, 0.4629487693309784, 0.4583527147769928, 0.4161020815372467, 0.4122879207134247, 0.38880595564842224, 0.34094735980033875, 0.2806265652179718, 0.246562659740448, 0.24746590852737427, 0.2763408124446869, 0.32373306155204773]}