{"accuracy": [0.5366395115852356, 0.5173945426940918, 0.5173945426940918, 0.5173945426940918, 0.5173945426940918, 0.5173945426940918], "val_accuracy": [0.5324869155883789, 0.5324869155883789, 0.5324869155883789, 0.5324869155883789, 0.5324869155883789, 0.5324869155883789], "p_rule": [0.20849609375, 0.20849609375, 0.20849609375, 0.20849609375, 0.20849609375, 0.20849609375], "adversary_prediction": [0.34505316615104675, 0.34505316615104675, 0.34506097435951233, 0.34531012177467346, 0.3477940261363983, 0.3612422049045563]}