{"accuracy": [0.5569620132446289, 0.5278702974319458, 0.700421929359436, 0.6342438459396362, 0.6377969980239868, 0.6882078647613525, 0.7512769103050232, 0.6844326257705688, 0.6029313802719116, 0.6244725584983826, 0.733733057975769, 0.7879191637039185, 0.7088607549667358, 0.6366866827011108, 0.6442371606826782, 0.7030868530273438], "val_accuracy": [0.5321532487869263, 0.679587721824646, 0.6228994131088257, 0.6237956285476685, 0.6706251502037048, 0.7210396528244019, 0.6883262395858765, 0.6081111431121826, 0.6269325613975525, 0.7241765856742859, 0.7754873633384705, 0.6914631128311157, 0.6273806691169739, 0.6307416558265686, 0.6903428435325623, 0.7674210071563721], "p_rule": [0.2281494140625, 0.857421875, 0.45458984375, 0.431884765625, 0.57861328125, 0.9794921875, 0.548828125, 0.355224609375, 0.392333984375, 0.70751953125, 0.74267578125, 0.435791015625, 0.35595703125, 0.357177734375, 0.42529296875, 0.57861328125], "adversary_prediction": [0.34566786885261536, 0.548241913318634, 0.34932461380958557, 0.35007867217063904, 0.4228202998638153, 0.4905863106250763, 0.4617503583431244, 0.4425574839115143, 0.4353732168674469, 0.4170866310596466, 0.3666934669017792, 0.29832974076271057, 0.26046475768089294, 0.2721082270145416, 0.3078118860721588, 0.36498698592185974]}