{"accuracy": [0.5358993411064148, 0.5551443099975586, 0.6121391654014587, 0.5954848527908325, 0.6891191601753235, 0.7590673565864563, 0.7061436176300049, 0.6543301343917847, 0.682457447052002, 0.7683197855949402, 0.8101406097412109, 0.7424130439758301, 0.6802368760108948, 0.6798667907714844, 0.7239082455635071], "val_accuracy": [0.5657206773757935, 0.6049290299415588, 0.5955937504768372, 0.6725168228149414, 0.743091881275177, 0.7001493573188782, 0.655339777469635, 0.6807318925857544, 0.756908118724823, 0.8009708523750305, 0.7359970211982727, 0.6680358648300171, 0.6657953858375549, 0.7180731892585754, 0.7849141359329224], "p_rule": [0.259033203125, 0.3291015625, 0.314453125, 0.52587890625, 0.986328125, 0.59033203125, 0.442626953125, 0.5078125, 0.7763671875, 0.74755859375, 0.490478515625, 0.388427734375, 0.384765625, 0.45556640625, 0.57373046875], "adversary_prediction": [0.34941765666007996, 0.33691152930259705, 0.285491019487381, 0.5408310294151306, 0.6711702942848206, 0.5793295502662659, 0.5320716500282288, 0.5483365654945374, 0.6037723422050476, 0.5409978032112122, 0.4490029513835907, 0.3789668381214142, 0.38573768734931946, 0.43032702803611755, 0.49233493208885193]}