{"accuracy": [0.46528497338294983, 0.5222797989845276, 0.5222797989845276, 0.5222797989845276, 0.5222797989845276, 0.5388600826263428, 0.6709844470024109, 0.6544041633605957, 0.593782365322113, 0.5497409105300903, 0.5305699706077576], "val_accuracy": [0.5439330339431763, 0.5439330339431763, 0.5439330339431763, 0.5439330339431763, 0.555962324142456, 0.6793932914733887, 0.6281380653381348, 0.5601464509963989, 0.5151673555374146, 0.5020920634269714, 0.4984309673309326], "p_rule": [0.21923828125, 0.21923828125, 0.21923828125, 0.21923828125, 0.2381591796875, 0.67236328125, 0.67236328125, 0.37841796875, 0.292724609375, 0.262451171875, 0.260498046875], "adversary_prediction": [0.34505316615104675, 0.34505316615104675, 0.34505495429039, 0.345308393239975, 0.36177465319633484, 0.43075475096702576, 0.42932525277137756, 0.36011257767677307, 0.2779235541820526, 0.24714922904968262, 0.24412590265274048]}