{"accuracy": [0.46002960205078125, 0.5173945426940918, 0.6306439638137817, 0.662842333316803, 0.5951147079467773, 0.5973352789878845, 0.655810534954071, 0.7394522428512573, 0.6843079328536987, 0.5880829095840454, 0.5632864832878113, 0.5991857647895813], "val_accuracy": [0.5324869155883789, 0.6501120328903198, 0.654966413974762, 0.590739369392395, 0.6008214950561523, 0.6609410047531128, 0.7345033884048462, 0.6997759342193604, 0.6008214950561523, 0.5743091702461243, 0.6079163551330566, 0.7008962035179138], "p_rule": [0.20849609375, 0.41943359375, 0.59326171875, 0.353515625, 0.350830078125, 0.50048828125, 0.908203125, 0.54541015625, 0.31640625, 0.2724609375, 0.32568359375, 0.56396484375], "adversary_prediction": [0.34505346417427063, 0.3868654668331146, 0.5292813181877136, 0.39947256445884705, 0.38334473967552185, 0.4631212055683136, 0.5149808526039124, 0.5011082291603088, 0.4734760820865631, 0.48432937264442444, 0.46183207631111145, 0.47356733679771423]}