{"accuracy": [0.5229846835136414, 0.47723740339279175, 0.47723740339279175, 0.47723740339279175, 0.47723740339279175, 0.47723740339279175], "val_accuracy": [0.4732242822647095, 0.4732242822647095, 0.4732242822647095, 0.4732242822647095, 0.4732242822647095, 0.4732242822647095], "p_rule": [0.2193603515625, 0.2193603515625, 0.2193603515625, 0.2193603515625, 0.2193603515625, 0.2193603515625], "adversary_prediction": [0.00384332868270576, 0.003843340091407299, 0.003846844658255577, 0.004090334754437208, 0.008173946291208267, 0.020076308399438858]}