{"accuracy": [0.47002220153808594, 0.5573649406433105, 0.6509992480278015, 0.6154700517654419, 0.6802368760108948, 0.7453737854957581, 0.6883789896965027, 0.610288679599762, 0.624722421169281, 0.7268689870834351, 0.7979274392127991, 0.7416728138923645, 0.6524796485900879, 0.6317542791366577, 0.6680237054824829], "val_accuracy": [0.5743091702461243, 0.6437640190124512, 0.6168782711029053, 0.6654219627380371, 0.7303957939147949, 0.6908140182495117, 0.6265870332717896, 0.6407766938209534, 0.7300224304199219, 0.7800597548484802, 0.7270351052284241, 0.6474981307983398, 0.6258401870727539, 0.663181483745575, 0.7348767518997192], "p_rule": [0.266845703125, 0.458984375, 0.3701171875, 0.51025390625, 0.98486328125, 0.515625, 0.358642578125, 0.3935546875, 0.6376953125, 0.8203125, 0.51611328125, 0.372314453125, 0.34912109375, 0.389404296875, 0.51220703125], "adversary_prediction": [0.3456965386867523, 0.4340507686138153, 0.33241185545921326, 0.46631595492362976, 0.566756546497345, 0.48639824986457825, 0.46548905968666077, 0.4816742241382599, 0.48443689942359924, 0.4723910987377167, 0.3870725929737091, 0.32563820481300354, 0.31659558415412903, 0.34264054894447327, 0.40054938197135925]}