{"accuracy": [0.5284973978996277, 0.4777202010154724, 0.4777202010154724, 0.4777202010154724, 0.4777202010154724, 0.4777202010154724, 0.4823834300041199, 0.6238341927528381, 0.6186528205871582, 0.5233160853385925, 0.5222797989845276, 0.5227979421615601, 0.5222797989845276], "val_accuracy": [0.45606693625450134, 0.45606693625450134, 0.45606693625450134, 0.45606693625450134, 0.45606693625450134, 0.4581589996814728, 0.5873430967330933, 0.625, 0.543410062789917, 0.543410062789917, 0.5439330339431763, 0.5439330339431763, 0.5439330339431763], "p_rule": [0.21923828125, 0.21923828125, 0.21923828125, 0.21923828125, 0.21923828125, 0.2247314453125, 0.383544921875, 0.395263671875, 0.220703125, 0.219970703125, 0.219970703125, 0.21923828125, 0.220703125], "adversary_prediction": [0.00384332868270576, 0.0038433740846812725, 0.0038711135275661945, 0.005249524023383856, 0.012980944477021694, 0.053284093737602234, 0.2129197120666504, 0.37236377596855164, 0.3732491433620453, 0.37780454754829407, 0.38094088435173035, 0.3821723163127899, 0.38399043679237366]}