{"accuracy": [0.4056994915008545, 0.7108808159828186, 0.7590673565864563, 0.6233160495758057, 0.5761657953262329, 0.6875647902488708, 0.7430051565170288], "val_accuracy": [0.6950836777687073, 0.7364016771316528, 0.6145397424697876, 0.5549163222312927, 0.6778242588043213, 0.723849356174469, 0.6391213536262512], "p_rule": [0.947265625, 0.72021484375, 0.430908203125, 0.3095703125, 0.407470703125, 0.76708984375, 0.464111328125], "adversary_prediction": [0.5555446743965149, 0.6464843153953552, 0.4821912944316864, 0.26718154549598694, 0.4116177260875702, 0.5716497302055359, 0.532951295375824]}