{"accuracy": [0.481495201587677, 0.5173945426940918, 0.5173945426940918, 0.5173945426940918, 0.5173945426940918, 0.5173945426940918], "val_accuracy": [0.5324869155883789, 0.5324869155883789, 0.5324869155883789, 0.5324869155883789, 0.5324869155883789, 0.5324869155883789], "p_rule": [0.20849609375, 0.20849609375, 0.20849609375, 0.20849609375, 0.20849609375, 0.20849609375], "adversary_prediction": [0.34505316615104675, 0.34505316615104675, 0.3450535833835602, 0.34507933259010315, 0.3457399904727936, 0.3516024053096771]}