{"accuracy": [0.43770819902420044, 0.6828780770301819, 0.5651787519454956, 0.740839421749115, 0.6386853456497192, 0.5853875279426575, 0.6777703762054443, 0.7888074517250061, 0.6813235878944397, 0.5880523920059204, 0.5902731418609619, 0.674217164516449, 0.7865867018699646, 0.8056851029396057, 0.742393970489502, 0.6977570652961731, 0.6966466903686523, 0.7357317209243774], "val_accuracy": [0.652475893497467, 0.564642608165741, 0.7311225533485413, 0.6269325613975525, 0.5756217837333679, 0.6656957268714905, 0.7707819938659668, 0.6715214252471924, 0.5821196436882019, 0.5854806303977966, 0.6614384651184082, 0.7750391960144043, 0.789379358291626, 0.7277615666389465, 0.684069037437439, 0.684069037437439, 0.7203674912452698, 0.7674210071563721], "p_rule": [0.6416015625, 0.281982421875, 0.90869140625, 0.36376953125, 0.3037109375, 0.412353515625, 0.80224609375, 0.5283203125, 0.327880859375, 0.33544921875, 0.5166015625, 0.970703125, 0.66015625, 0.4794921875, 0.42431640625, 0.42529296875, 0.470458984375, 0.57666015625], "adversary_prediction": [0.5257828831672668, 0.36334046721458435, 0.600396454334259, 0.33225253224372864, 0.22684529423713684, 0.35041090846061707, 0.4970616400241852, 0.5179154276847839, 0.5035496354103088, 0.4928170144557953, 0.49863049387931824, 0.48179885745048523, 0.43951764702796936, 0.38579657673835754, 0.3693331182003021, 0.37278005480766296, 0.40972015261650085, 0.45790305733680725]}