{"accuracy": [0.4736842215061188, 0.5862758159637451, 0.661558985710144, 0.6664445996284485, 0.7268487811088562, 0.7081945538520813, 0.6713302135467529, 0.6604486107826233, 0.7130801677703857, 0.7981345653533936, 0.7252942323684692, 0.6173661947250366, 0.6113702058792114, 0.6853209137916565], "val_accuracy": [0.5724848508834839, 0.6511315107345581, 0.6576293706893921, 0.6937037706375122, 0.676450788974762, 0.6484427452087402, 0.6414967775344849, 0.695720374584198, 0.7790723443031311, 0.7158861756324768, 0.6054223775863647, 0.5995966792106628, 0.6654716730117798, 0.7694376111030579], "p_rule": [0.3505859375, 0.5400390625, 0.54296875, 0.91162109375, 0.6728515625, 0.451416015625, 0.38916015625, 0.4736328125, 0.7373046875, 0.68798828125, 0.40087890625, 0.3896484375, 0.56689453125, 0.9716796875], "adversary_prediction": [0.14559611678123474, 0.44009336829185486, 0.4277752935886383, 0.5251753926277161, 0.49904361367225647, 0.39019861817359924, 0.34289154410362244, 0.363690048456192, 0.4232606589794159, 0.4395681917667389, 0.43099287152290344, 0.42955008149147034, 0.43212583661079407, 0.4085775911808014]}