{"accuracy": [0.5176165699958801, 0.5222797989845276, 0.708290159702301, 0.6098445653915405, 0.5984455943107605, 0.6808289885520935, 0.772020697593689, 0.712435245513916, 0.598963737487793, 0.5813471674919128, 0.6202072501182556], "val_accuracy": [0.5439330339431763, 0.7144351601600647, 0.5857740640640259, 0.5653765797615051, 0.6516736149787903, 0.7463389039039612, 0.7050209045410156, 0.6082636117935181, 0.5894351601600647, 0.625523030757904, 0.7160041928291321], "p_rule": [0.21923828125, 0.75439453125, 0.370849609375, 0.335693359375, 0.437255859375, 0.79345703125, 0.60595703125, 0.3505859375, 0.31396484375, 0.385498046875, 0.65673828125], "adversary_prediction": [0.34598132967948914, 0.6007359623908997, 0.37054988741874695, 0.33959588408470154, 0.5164384245872498, 0.6867795586585999, 0.6194601655006409, 0.546774685382843, 0.5388756394386292, 0.5622491240501404, 0.597156822681427]}