{"accuracy": [0.5336787700653076, 0.5222797989845276, 0.7129533886909485, 0.5891191959381104, 0.5797927379608154, 0.6730570197105408, 0.7709844708442688, 0.6476684212684631, 0.5616580247879028, 0.5658031105995178, 0.669948160648346, 0.7886010408401489, 0.7782383561134338, 0.6880828738212585, 0.6471502780914307, 0.6445595622062683], "val_accuracy": [0.5439330339431763, 0.7180962562561035, 0.5528242588043213, 0.5465481281280518, 0.6553347110748291, 0.758368194103241, 0.6516736149787903, 0.573221743106842, 0.5821129679679871, 0.6715481281280518, 0.767259418964386, 0.7515690326690674, 0.6705020666122437, 0.6223849654197693, 0.6197698712348938, 0.6548117399215698], "p_rule": [0.21923828125, 0.818359375, 0.3193359375, 0.3076171875, 0.438232421875, 0.92822265625, 0.439208984375, 0.2783203125, 0.298828125, 0.49365234375, 0.97900390625, 0.6328125, 0.43505859375, 0.377685546875, 0.37255859375, 0.407470703125], "adversary_prediction": [0.3450533449649811, 0.5912575125694275, 0.21482017636299133, 0.21157562732696533, 0.4156201183795929, 0.5972564816474915, 0.5386130213737488, 0.5134126543998718, 0.503810465335846, 0.5351570248603821, 0.5463370680809021, 0.4929066002368927, 0.410914808511734, 0.3700731098651886, 0.3618215024471283, 0.3977627456188202]}