{"accuracy": [0.4622501730918884, 0.482975572347641, 0.5928941369056702, 0.6658031344413757, 0.5914137959480286, 0.6376758217811584, 0.7146558165550232, 0.7076239585876465, 0.6424870491027832, 0.5973352789878845, 0.5984455943107605], "val_accuracy": [0.46788647770881653, 0.5922330021858215, 0.6624346375465393, 0.6056758761405945, 0.6519790887832642, 0.7053771615028381, 0.695294976234436, 0.636295735836029, 0.5836445093154907, 0.5843913555145264, 0.6348021030426025], "p_rule": [0.2088623046875, 0.346923828125, 0.5615234375, 0.337646484375, 0.438720703125, 0.80908203125, 0.6953125, 0.40380859375, 0.342041015625, 0.3369140625, 0.40380859375], "adversary_prediction": [0.005425319075584412, 0.3075648844242096, 0.4153309762477875, 0.37234827876091003, 0.41131392121315, 0.5035939812660217, 0.5227399468421936, 0.4052720367908478, 0.3202958405017853, 0.3156495988368988, 0.35066649317741394]}