{"accuracy": [0.4885270297527313, 0.5655070543289185, 0.6572908759117126, 0.6202812790870667, 0.6469281911849976, 0.6965211033821106, 0.7364915013313293, 0.6632124185562134, 0.6069577932357788, 0.6410066485404968, 0.7601776719093323, 0.7609178423881531, 0.6543301343917847, 0.602146565914154, 0.6310140490531921, 0.7261288166046143, 0.7949666976928711, 0.7957068681716919, 0.7376017570495605, 0.7068837881088257, 0.7135455012321472, 0.7516654133796692], "val_accuracy": [0.579910397529602, 0.6329350471496582, 0.6094099879264832, 0.630694568157196, 0.6855862736701965, 0.7277819514274597, 0.6713965535163879, 0.6183719038963318, 0.6508588790893555, 0.7617624998092651, 0.7628827691078186, 0.6467512845993042, 0.5997012853622437, 0.6299477219581604, 0.7188200354576111, 0.7834204435348511, 0.7841672897338867, 0.7270351052284241, 0.6990291476249695, 0.7083644270896912, 0.7412247657775879, 0.7759522199630737], "p_rule": [0.29931640625, 0.63671875, 0.441162109375, 0.4638671875, 0.6611328125, 0.8857421875, 0.49365234375, 0.358642578125, 0.45361328125, 0.91748046875, 0.5537109375, 0.35888671875, 0.328369140625, 0.357666015625, 0.457275390625, 0.62890625, 0.92822265625, 0.71337890625, 0.59423828125, 0.6162109375, 0.73583984375, 0.94384765625], "adversary_prediction": [0.37435391545295715, 0.4963180720806122, 0.40255364775657654, 0.4278285801410675, 0.5231533646583557, 0.5458076596260071, 0.5062009692192078, 0.43229129910469055, 0.45097771286964417, 0.3967778980731964, 0.3452078402042389, 0.2687627375125885, 0.25278446078300476, 0.270578533411026, 0.30810341238975525, 0.37003281712532043, 0.41320815682411194, 0.4293932020664215, 0.44241729378700256, 0.462922602891922, 0.45532140135765076, 0.4579239785671234]}