{"accuracy": [0.5575129389762878, 0.4777202010154724, 0.4777202010154724, 0.4777202010154724, 0.5129533410072327, 0.7186528444290161, 0.6238341927528381, 0.5430051684379578, 0.5398963689804077, 0.5652849674224854], "val_accuracy": [0.45606693625450134, 0.45606693625450134, 0.45606693625450134, 0.4843096137046814, 0.6804393529891968, 0.6344142556190491, 0.5596234202384949, 0.5549163222312927, 0.5753138065338135, 0.660041868686676], "p_rule": [0.21923828125, 0.21923828125, 0.21923828125, 0.2340087890625, 0.67822265625, 0.429443359375, 0.25, 0.2403564453125, 0.28564453125, 0.466796875], "adversary_prediction": [0.0038433305453509092, 0.003852865193039179, 0.006418226286768913, 0.07723815739154816, 0.4055663049221039, 0.44334498047828674, 0.41412433981895447, 0.40416625142097473, 0.4214113652706146, 0.41919055581092834]}