{"accuracy": [0.5037009716033936, 0.5173945426940918, 0.5173945426940918, 0.6106587648391724, 0.6739452481269836, 0.5940044522285461, 0.5758697390556335, 0.5962250232696533, 0.677276074886322, 0.7420429587364197, 0.6239822506904602, 0.5470021963119507, 0.5407105684280396, 0.5754996538162231], "val_accuracy": [0.5324869155883789, 0.5324869155883789, 0.6295742988586426, 0.6587005257606506, 0.5795369744300842, 0.5597460865974426, 0.5877520442008972, 0.6732636094093323, 0.740477979183197, 0.6404032707214355, 0.5612397193908691, 0.5552651286125183, 0.5851381421089172, 0.6818521022796631], "p_rule": [0.20849609375, 0.20849609375, 0.383056640625, 0.65966796875, 0.35498046875, 0.312255859375, 0.334228515625, 0.5068359375, 0.87744140625, 0.39697265625, 0.258544921875, 0.2490234375, 0.296875, 0.50244140625], "adversary_prediction": [0.34505316615104675, 0.3450563848018646, 0.3662112057209015, 0.5155094265937805, 0.34263405203819275, 0.29810699820518494, 0.3406570255756378, 0.4193635880947113, 0.44045963883399963, 0.4205048978328705, 0.40894660353660583, 0.4064713418483734, 0.4092072546482086, 0.4199880063533783]}