{"accuracy": [0.5455958843231201, 0.5222797989845276, 0.5222797989845276, 0.5222797989845276, 0.5222797989845276, 0.5222797989845276], "val_accuracy": [0.5439330339431763, 0.5439330339431763, 0.5439330339431763, 0.5439330339431763, 0.5439330339431763, 0.5439330339431763], "p_rule": [0.21923828125, 0.21923828125, 0.21923828125, 0.21923828125, 0.21923828125, 0.21923828125], "adversary_prediction": [0.34505316615104675, 0.34505316615104675, 0.34505483508110046, 0.34525182843208313, 0.34788957238197327, 0.3615345060825348]}