{"accuracy": [0.49666914343833923, 0.4826054871082306, 0.4826054871082306, 0.4826054871082306, 0.4826054871082306, 0.48704662919044495, 0.6321243643760681, 0.6687638759613037, 0.5299777984619141, 0.5173945426940918, 0.5173945426940918, 0.5210955142974854], "val_accuracy": [0.4675130546092987, 0.4675130546092987, 0.4675130546092987, 0.4675130546092987, 0.474607914686203, 0.6262136101722717, 0.6699029207229614, 0.5407020449638367, 0.5343539714813232, 0.5339806079864502, 0.5351008176803589, 0.5489171147346497], "p_rule": [0.2083740234375, 0.2083740234375, 0.2083740234375, 0.2083740234375, 0.2122802734375, 0.420654296875, 0.58203125, 0.2255859375, 0.2110595703125, 0.2105712890625, 0.212646484375, 0.236572265625], "adversary_prediction": [0.00384332868270576, 0.0038434313610196114, 0.003913122229278088, 0.009912287816405296, 0.06834673881530762, 0.2870614230632782, 0.40470585227012634, 0.381723552942276, 0.36876872181892395, 0.3699382245540619, 0.3771413266658783, 0.3815973699092865]}