{"accuracy": [0.4470762312412262, 0.4903774857521057, 0.7190969586372375, 0.5488526821136475, 0.6106587648391724, 0.7376017570495605, 0.7024426460266113, 0.6410066485404968, 0.606217622756958, 0.6169503927230835], "val_accuracy": [0.47386109828948975, 0.7083644270896912, 0.5593726634979248, 0.6250933408737183, 0.7240477800369263, 0.6990291476249695, 0.6336818337440491, 0.5967139601707458, 0.6142643690109253, 0.6680358648300171], "p_rule": [0.21484375, 0.8544921875, 0.253662109375, 0.370849609375, 0.849609375, 0.55810546875, 0.366943359375, 0.31396484375, 0.322509765625, 0.405517578125], "adversary_prediction": [0.005078312009572983, 0.5404564738273621, 0.364275723695755, 0.4359469711780548, 0.5476621985435486, 0.4337032735347748, 0.28455933928489685, 0.24455255270004272, 0.2594042122364044, 0.3239084780216217]}