{"accuracy": [0.4683544337749481, 0.47723740339279175, 0.49966689944267273, 0.6404619216918945, 0.6917610764503479, 0.6204752326011658, 0.5909394025802612, 0.6349100470542908, 0.7015323042869568, 0.7141905426979065, 0.6648900508880615, 0.5956029295921326, 0.5625138878822327], "val_accuracy": [0.4732242822647095, 0.49361416697502136, 0.6190903186798096, 0.6589738130569458, 0.6166256070137024, 0.5892897248268127, 0.6338785290718079, 0.6726416945457458, 0.6715214252471924, 0.6470983624458313, 0.5843603014945984, 0.5570244193077087, 0.5606094598770142], "p_rule": [0.2193603515625, 0.2354736328125, 0.513671875, 0.83203125, 0.41015625, 0.33544921875, 0.45068359375, 0.755859375, 0.78662109375, 0.446044921875, 0.333984375, 0.290283203125, 0.296630859375], "adversary_prediction": [0.0038522237446159124, 0.02222122810781002, 0.24227169156074524, 0.4626099765300751, 0.36659160256385803, 0.3733680546283722, 0.3964860141277313, 0.40629443526268005, 0.34498265385627747, 0.26988664269447327, 0.2152286171913147, 0.19592717289924622, 0.20027783513069153]}