{"accuracy": [0.4555884599685669, 0.5421909689903259, 0.6195411086082458, 0.6609918475151062, 0.7316802144050598, 0.6946706175804138, 0.6502590775489807, 0.6565507054328918, 0.7405625581741333, 0.7912657260894775, 0.6746854186058044, 0.6039970517158508, 0.6284233927726746, 0.71650630235672, 0.804219126701355, 0.8005181550979614, 0.7512953281402588, 0.7376017570495605, 0.7572168707847595], "val_accuracy": [0.531740128993988, 0.6232262849807739, 0.6639283299446106, 0.7236743569374084, 0.6762509346008301, 0.6374160051345825, 0.6437640190124512, 0.7229275703430176, 0.7722180485725403, 0.6743838787078857, 0.6060492992401123, 0.6299477219581604, 0.7132188081741333, 0.7927557826042175, 0.7819268107414246, 0.7352501749992371, 0.7259148359298706, 0.7382375001907349, 0.7744585275650024], "p_rule": [0.26025390625, 0.395751953125, 0.51025390625, 0.98388671875, 0.5849609375, 0.386962890625, 0.386962890625, 0.5400390625, 0.9921875, 0.50244140625, 0.351806640625, 0.3984375, 0.68017578125, 0.86474609375, 0.6337890625, 0.51025390625, 0.49267578125, 0.51611328125, 0.583984375], "adversary_prediction": [0.11549913883209229, 0.37176617980003357, 0.4084073603153229, 0.5711660981178284, 0.4621177613735199, 0.3428901135921478, 0.3076694905757904, 0.37064650654792786, 0.42992308735847473, 0.441692978143692, 0.45197024941444397, 0.4470979869365692, 0.434302419424057, 0.40541699528694153, 0.37487128376960754, 0.3505043089389801, 0.3461972773075104, 0.36736127734184265, 0.41151294112205505]}