{"accuracy": [0.4918578863143921, 0.5173945426940918, 0.7205773591995239, 0.5962250232696533, 0.6047372221946716, 0.6983715891838074, 0.763878583908081, 0.6683937907218933, 0.605107307434082, 0.6306439638137817, 0.733900785446167, 0.807179868221283, 0.7772020697593689, 0.7102146744728088, 0.677276074886322, 0.6868985891342163], "val_accuracy": [0.5324869155883789, 0.695294976234436, 0.5896191000938416, 0.6011949181556702, 0.6904406547546387, 0.7479462027549744, 0.6792382597923279, 0.6228528618812561, 0.6396564841270447, 0.7292755842208862, 0.7867811918258667, 0.7494398951530457, 0.6904406547546387, 0.660567581653595, 0.6684092879295349, 0.7236743569374084], "p_rule": [0.20849609375, 0.90673828125, 0.335693359375, 0.344970703125, 0.55126953125, 0.93017578125, 0.488037109375, 0.3544921875, 0.404541015625, 0.662109375, 0.86474609375, 0.5703125, 0.43017578125, 0.380615234375, 0.399169921875, 0.472412109375], "adversary_prediction": [0.3454184830188751, 0.5696105360984802, 0.23784464597702026, 0.24753352999687195, 0.4304409921169281, 0.5755965113639832, 0.5788640379905701, 0.5355002284049988, 0.5472320914268494, 0.5561434626579285, 0.5146778225898743, 0.4438805878162384, 0.3742953836917877, 0.3583540618419647, 0.37443646788597107, 0.41198697686195374]}