{"accuracy": [0.4992597997188568, 0.4907476007938385, 0.6532198190689087, 0.6302738785743713, 0.591783881187439, 0.6794966459274292, 0.7446336150169373, 0.6909696459770203, 0.620651364326477, 0.5903034806251526, 0.6117690801620483], "val_accuracy": [0.4749813377857208, 0.6545929908752441, 0.6396564841270447, 0.6056758761405945, 0.6825989484786987, 0.7303957939147949, 0.6784914135932922, 0.6109036803245544, 0.5784167051315308, 0.593726634979248, 0.6639283299446106], "p_rule": [0.2138671875, 0.5380859375, 0.416259765625, 0.3271484375, 0.54736328125, 0.97265625, 0.513671875, 0.338134765625, 0.2978515625, 0.311767578125, 0.404296875], "adversary_prediction": [0.0030570707749575377, 0.4144594371318817, 0.4900725781917572, 0.45275238156318665, 0.5711959004402161, 0.584896981716156, 0.41980335116386414, 0.2868381440639496, 0.24579861760139465, 0.26748427748680115, 0.33058199286460876]}