{"accuracy": [0.4538860023021698, 0.5310880541801453, 0.7046632170677185, 0.6336787343025208, 0.6932642459869385, 0.7398963570594788, 0.7015544176101685, 0.6487046480178833, 0.6497409343719482, 0.696891188621521, 0.7886010408401489, 0.7575129270553589, 0.6393782496452332, 0.6025906801223755, 0.6367875933647156], "val_accuracy": [0.4989539682865143, 0.6825313568115234, 0.64278244972229, 0.685669481754303, 0.7170501947402954, 0.6725941300392151, 0.6187238693237305, 0.6056485176086426, 0.6736401915550232, 0.7609832882881165, 0.7421548366546631, 0.6433054208755493, 0.6056485176086426, 0.6417363882064819, 0.724372386932373], "p_rule": [0.25732421875, 0.76416015625, 0.449951171875, 0.615234375, 0.89990234375, 0.53173828125, 0.388427734375, 0.36767578125, 0.43505859375, 0.66357421875, 0.84716796875, 0.449951171875, 0.369873046875, 0.44677734375, 0.72607421875], "adversary_prediction": [0.07494238018989563, 0.4916100800037384, 0.4232039749622345, 0.48929622769355774, 0.5167095065116882, 0.43897101283073425, 0.354005366563797, 0.3322519361972809, 0.3762207329273224, 0.4500372111797333, 0.47693732380867004, 0.48714277148246765, 0.4746784269809723, 0.48830291628837585, 0.49639448523521423]}