{"accuracy": [0.4696868658065796, 0.5691760778427124, 0.6400177478790283, 0.6111481189727783, 0.6604486107826233, 0.7430601716041565, 0.7277370691299438, 0.6371307969093323, 0.6284698843955994, 0.701976478099823, 0.793026864528656, 0.7683766484260559, 0.680213212966919, 0.6466799974441528, 0.6668887138366699], "val_accuracy": [0.5745014548301697, 0.629173219203949, 0.6013892292976379, 0.6470983624458313, 0.7156621217727661, 0.71185302734375, 0.6394801735877991, 0.6296213269233704, 0.6954963207244873, 0.7734707593917847, 0.7494958639144897, 0.6766749024391174, 0.6383598446846008, 0.6656957268714905, 0.7304503917694092], "p_rule": [0.29833984375, 0.439453125, 0.37109375, 0.46044921875, 0.78125, 0.68798828125, 0.430908203125, 0.39697265625, 0.58154296875, 0.9345703125, 0.56640625, 0.411376953125, 0.373291015625, 0.400390625, 0.490966796875], "adversary_prediction": [0.3732377588748932, 0.39354488253593445, 0.2638305723667145, 0.3871665894985199, 0.5604611039161682, 0.5815278887748718, 0.5675175786018372, 0.5608944296836853, 0.5478450655937195, 0.48398706316947937, 0.3831871449947357, 0.3130125105381012, 0.27601560950279236, 0.3086259067058563, 0.3604488670825958]}