{"accuracy": [0.42642486095428467, 0.5222797989845276, 0.5222797989845276, 0.5222797989845276, 0.5222797989845276, 0.5984455943107605, 0.7020725607872009, 0.6207253932952881, 0.5689119100570679, 0.5492228269577026, 0.5507771968841553], "val_accuracy": [0.5439330339431763, 0.5439330339431763, 0.5439330339431763, 0.5439330339431763, 0.6014644503593445, 0.6950836777687073, 0.6093096137046814, 0.5413179993629456, 0.5203974843025208, 0.5188284516334534, 0.5339958071708679], "p_rule": [0.21923828125, 0.21923828125, 0.21923828125, 0.21923828125, 0.349609375, 0.98095703125, 0.448974609375, 0.32275390625, 0.284912109375, 0.281494140625, 0.31201171875], "adversary_prediction": [0.34505316615104675, 0.34505316615104675, 0.34510794281959534, 0.35032352805137634, 0.3846973478794098, 0.4613151252269745, 0.40275856852531433, 0.2986254394054413, 0.25095903873443604, 0.2500762939453125, 0.27709123492240906]}