{"accuracy": [0.5207253694534302, 0.5173945426940918, 0.5173945426940918, 0.5173945426940918, 0.5173945426940918, 0.5173945426940918], "val_accuracy": [0.5324869155883789, 0.5324869155883789, 0.5324869155883789, 0.5324869155883789, 0.5324869155883789, 0.5324869155883789], "p_rule": [0.20849609375, 0.20849609375, 0.20849609375, 0.20849609375, 0.20849609375, 0.20849609375], "adversary_prediction": [0.34505316615104675, 0.34505316615104675, 0.3450547158718109, 0.3451322615146637, 0.34594711661338806, 0.34993913769721985]}