{"accuracy": [0.5447816252708435, 0.5173945426940918, 0.5173945426940918, 0.6498889923095703, 0.6539600491523743, 0.5717986822128296, 0.5673575401306152, 0.6324944496154785, 0.7401924729347229, 0.6920799612998962, 0.5740192532539368, 0.538119912147522, 0.5521835684776306], "val_accuracy": [0.5324869155883789, 0.5324869155883789, 0.6710231304168701, 0.6348021030426025, 0.5634801983833313, 0.561613142490387, 0.6258401870727539, 0.7128453850746155, 0.7008962035179138, 0.590739369392395, 0.5586258172988892, 0.5724421143531799, 0.6355488896369934], "p_rule": [0.20849609375, 0.20849609375, 0.51318359375, 0.489501953125, 0.287841796875, 0.2822265625, 0.3662109375, 0.74755859375, 0.60791015625, 0.305419921875, 0.2452392578125, 0.2685546875, 0.38623046875], "adversary_prediction": [0.34505316615104675, 0.3451239764690399, 0.4634675681591034, 0.4452112019062042, 0.24791571497917175, 0.24176457524299622, 0.3243979513645172, 0.40791597962379456, 0.424112468957901, 0.4171311557292938, 0.41755005717277527, 0.416316419839859, 0.4180762469768524]}