{"accuracy": [0.5434154868125916, 0.5227625966072083, 0.7288474440574646, 0.6213635206222534, 0.680213212966919, 0.781256914138794, 0.6997557282447815, 0.6124805808067322, 0.6457917094230652, 0.7510548233985901, 0.8156784176826477, 0.7739284634590149, 0.7133022546768188, 0.6957584023475647, 0.7255163192749023], "val_accuracy": [0.5267757177352905, 0.7051310539245605, 0.6094555258750916, 0.6607663035392761, 0.765404462814331, 0.691239058971405, 0.6112480163574219, 0.636343240737915, 0.7421017289161682, 0.8034954071044922, 0.7559937238693237, 0.7028904557228088, 0.6869818568229675, 0.713869571685791, 0.7629397511482239], "p_rule": [0.2193603515625, 0.6083984375, 0.35546875, 0.43212890625, 0.775390625, 0.57763671875, 0.3681640625, 0.43603515625, 0.72509765625, 0.787109375, 0.5517578125, 0.45068359375, 0.4267578125, 0.461669921875, 0.5517578125], "adversary_prediction": [0.34535732865333557, 0.6665839552879333, 0.4442184269428253, 0.5500559210777283, 0.6594570279121399, 0.5935731530189514, 0.5330539345741272, 0.5450257658958435, 0.5798887610435486, 0.5964662432670593, 0.5289605259895325, 0.4768141210079193, 0.46653780341148376, 0.4777280390262604, 0.5225743651390076]}