{"accuracy": [0.5062916278839111, 0.4826054871082306, 0.4840858578681946, 0.5980755090713501, 0.663952648639679, 0.5692079663276672, 0.5891931653022766, 0.6717246770858765, 0.7150259017944336, 0.681347131729126, 0.6358253359794617, 0.6017764806747437, 0.6014063954353333], "val_accuracy": [0.4675130546092987, 0.46975353360176086, 0.5855115652084351, 0.6411501169204712, 0.579910397529602, 0.598954439163208, 0.6717699766159058, 0.6859596967697144, 0.6601941585540771, 0.6239731311798096, 0.5959671139717102, 0.5955937504768372, 0.6228528618812561], "p_rule": [0.2083740234375, 0.211669921875, 0.407958984375, 0.63427734375, 0.296142578125, 0.337646484375, 0.57373046875, 0.92626953125, 0.5595703125, 0.40380859375, 0.3388671875, 0.337646484375, 0.365234375], "adversary_prediction": [0.003843356156721711, 0.006137331016361713, 0.18292295932769775, 0.37686923146247864, 0.38091060519218445, 0.3840225040912628, 0.3928764760494232, 0.358948677778244, 0.29752835631370544, 0.23963412642478943, 0.22272425889968872, 0.21818605065345764, 0.24990031123161316]}