{"accuracy": [0.5326424837112427, 0.5222797989845276, 0.5222797989845276, 0.5222797989845276, 0.5222797989845276, 0.6191709637641907, 0.6621761918067932, 0.5678756237030029, 0.5367875695228577, 0.526943027973175, 0.5466321110725403], "val_accuracy": [0.5439330339431763, 0.5439330339431763, 0.5439330339431763, 0.5439330339431763, 0.6182008385658264, 0.6239539980888367, 0.5376569032669067, 0.5041841268539429, 0.4921548068523407, 0.508891224861145, 0.560669481754303], "p_rule": [0.21923828125, 0.21923828125, 0.21923828125, 0.21923828125, 0.48583984375, 0.61767578125, 0.314697265625, 0.269775390625, 0.260498046875, 0.27734375, 0.3291015625], "adversary_prediction": [0.34505316615104675, 0.3450535237789154, 0.3451959788799286, 0.36043646931648254, 0.4494243562221527, 0.4452403485774994, 0.29741498827934265, 0.23555991053581238, 0.2219957411289215, 0.2523292899131775, 0.2973177134990692]}