{"accuracy": [0.5170984268188477, 0.4777202010154724, 0.4777202010154724, 0.4777202010154724, 0.48082903027534485, 0.6611399054527283, 0.583419680595398, 0.5248704552650452, 0.5222797989845276, 0.5233160853385925], "val_accuracy": [0.45606693625450134, 0.45606693625450134, 0.45606693625450134, 0.45711296796798706, 0.625523030757904, 0.5842050313949585, 0.5444560647010803, 0.5444560647010803, 0.5444560647010803, 0.5470711588859558], "p_rule": [0.21923828125, 0.21923828125, 0.21923828125, 0.22314453125, 0.4765625, 0.32470703125, 0.221435546875, 0.21923828125, 0.221435546875, 0.2322998046875], "adversary_prediction": [0.003843330778181553, 0.0038445526733994484, 0.0054918620735406876, 0.04499240219593048, 0.26714208722114563, 0.3464635908603668, 0.34943732619285583, 0.36985597014427185, 0.3701839745044708, 0.37749460339546204]}