{"accuracy": [0.5310880541801453, 0.6891191601753235, 0.5932642221450806, 0.6730570197105408, 0.7471502423286438, 0.6227979063987732, 0.6207253932952881, 0.7507771849632263, 0.7979274392127991, 0.6792746186256409, 0.6124352216720581, 0.6487046480178833, 0.7461140155792236, 0.8259067535400391, 0.8150259256362915, 0.7383419871330261, 0.7098445892333984, 0.7284973859786987], "val_accuracy": [0.6976987719535828, 0.5632845163345337, 0.6574267745018005, 0.7447698712348938, 0.633368194103241, 0.6307531595230103, 0.7421548366546631, 0.7834727764129639, 0.6516736149787903, 0.5894351601600647, 0.6218619346618652, 0.732740581035614, 0.8075313568115234, 0.7892259359359741, 0.732740581035614, 0.7039749026298523, 0.7180962562561035, 0.7594142556190491], "p_rule": [0.611328125, 0.34375, 0.478759765625, 0.84326171875, 0.383544921875, 0.380615234375, 0.7314453125, 0.681640625, 0.433837890625, 0.37255859375, 0.3955078125, 0.5283203125, 0.7373046875, 0.94140625, 0.64794921875, 0.57666015625, 0.61376953125, 0.75], "adversary_prediction": [0.5003324151039124, 0.19224238395690918, 0.4055381715297699, 0.6771323084831238, 0.5532673001289368, 0.5827533602714539, 0.6142929196357727, 0.47838321328163147, 0.31847718358039856, 0.2809179127216339, 0.30812761187553406, 0.3979434669017792, 0.4906598627567291, 0.5369132161140442, 0.5565400719642639, 0.5670616030693054, 0.5642479062080383, 0.5798059105873108]}