{"accuracy": [0.4696868658065796, 0.47723740339279175, 0.5609593391418457, 0.7121918797492981, 0.6218076944351196, 0.6169220805168152, 0.6791028380393982, 0.7221851944923401, 0.6893182396888733, 0.6444592475891113, 0.6171441078186035, 0.6175882816314697], "val_accuracy": [0.4732242822647095, 0.555007815361023, 0.6849652528762817, 0.6211068630218506, 0.6146090030670166, 0.667936384677887, 0.7002016305923462, 0.6755545735359192, 0.6309657096862793, 0.6029576659202576, 0.6058704853057861, 0.6323100924491882], "p_rule": [0.2193603515625, 0.311279296875, 0.97900390625, 0.4111328125, 0.380859375, 0.58740234375, 0.9931640625, 0.60791015625, 0.43212890625, 0.36865234375, 0.364501953125, 0.407470703125], "adversary_prediction": [0.0035465362016111612, 0.2229541540145874, 0.4519791305065155, 0.35379019379615784, 0.3579557240009308, 0.3963775336742401, 0.4550943672657013, 0.41290339827537537, 0.3340218961238861, 0.2801463305950165, 0.26261213421821594, 0.29017308354377747]}