{"accuracy": [0.5425271987915039, 0.47723740339279175, 0.47723740339279175, 0.47723740339279175, 0.47723740339279175, 0.4781256914138794, 0.6588940620422363, 0.5374194979667664, 0.5227625966072083, 0.5227625966072083, 0.5227625966072083], "val_accuracy": [0.4732242822647095, 0.4732242822647095, 0.4732242822647095, 0.4732242822647095, 0.47344836592674255, 0.6385838985443115, 0.5404436588287354, 0.5267757177352905, 0.5267757177352905, 0.5267757177352905, 0.5267757177352905], "p_rule": [0.2193603515625, 0.2193603515625, 0.2193603515625, 0.2193603515625, 0.220947265625, 0.449462890625, 0.246337890625, 0.2193603515625, 0.2193603515625, 0.2193603515625, 0.2193603515625], "adversary_prediction": [0.00384332868270576, 0.003843652782961726, 0.004233363084495068, 0.012774694710969925, 0.07398392260074615, 0.22927722334861755, 0.3361595571041107, 0.35163775086402893, 0.3520459234714508, 0.3592521846294403, 0.35640713572502136]}