{"accuracy": [0.520986020565033, 0.47723740339279175, 0.5431933999061584, 0.6622251868247986, 0.657117486000061, 0.626471221446991, 0.63979572057724, 0.7101932168006897, 0.721963107585907, 0.6588940620422363, 0.5940484404563904, 0.5747279524803162], "val_accuracy": [0.47344836592674255, 0.5368586182594299, 0.6379117369651794, 0.6430652141571045, 0.6159533858299255, 0.6352229714393616, 0.6914631128311157, 0.6907909512519836, 0.6403764486312866, 0.5937709808349609, 0.5704683065414429, 0.5881693959236145], "p_rule": [0.2193603515625, 0.295166015625, 0.701171875, 0.62646484375, 0.422119140625, 0.470703125, 0.7373046875, 0.76220703125, 0.434814453125, 0.314453125, 0.284423828125, 0.30517578125], "adversary_prediction": [0.00891906674951315, 0.16020908951759338, 0.4046649634838104, 0.40002378821372986, 0.36481282114982605, 0.3998619019985199, 0.45366939902305603, 0.4163300693035126, 0.3195441663265228, 0.24455001950263977, 0.22122779488563538, 0.237677663564682]}