{"accuracy": [0.5347546339035034, 0.47723740339279175, 0.47723740339279175, 0.47723740339279175, 0.47723740339279175, 0.47723740339279175, 0.4830113351345062, 0.616477906703949, 0.6231401562690735, 0.5243171453475952, 0.5227625966072083, 0.5227625966072083, 0.5227625966072083], "val_accuracy": [0.4732242822647095, 0.4732242822647095, 0.4732242822647095, 0.4732242822647095, 0.4732242822647095, 0.47927403450012207, 0.6009410619735718, 0.6202106475830078, 0.5292404294013977, 0.5267757177352905, 0.5267757177352905, 0.5267757177352905, 0.5267757177352905], "p_rule": [0.2193603515625, 0.2193603515625, 0.2193603515625, 0.2193603515625, 0.2193603515625, 0.224853515625, 0.446044921875, 0.461669921875, 0.2237548828125, 0.2193603515625, 0.2193603515625, 0.2193603515625, 0.2193603515625], "adversary_prediction": [0.003843329381197691, 0.003843470010906458, 0.003909833263605833, 0.006896477658301592, 0.01945752464234829, 0.07943552732467651, 0.23449045419692993, 0.3344508707523346, 0.3509800136089325, 0.34999391436576843, 0.3524602949619293, 0.34725621342658997, 0.3491980731487274]}