{"accuracy": [0.4699089527130127, 0.5227625966072083, 0.5227625966072083, 0.5227625966072083, 0.5365312099456787, 0.6935376524925232, 0.6655563116073608, 0.5947146415710449, 0.5747279524803162, 0.5696202516555786], "val_accuracy": [0.5267757177352905, 0.5267757177352905, 0.5267757177352905, 0.5377548933029175, 0.6807080507278442, 0.6430652141571045, 0.5913062691688538, 0.5650907754898071, 0.5657629370689392, 0.5895137786865234], "p_rule": [0.2193603515625, 0.2193603515625, 0.2193603515625, 0.2354736328125, 0.72998046875, 0.62451171875, 0.38916015625, 0.326171875, 0.31787109375, 0.346923828125], "adversary_prediction": [0.34505316615104675, 0.34505316615104675, 0.3450951874256134, 0.3529917299747467, 0.5139254927635193, 0.56143718957901, 0.44979992508888245, 0.38511231541633606, 0.3673637807369232, 0.3963439166545868]}