{"accuracy": [0.5875647664070129, 0.4777202010154724, 0.4777202010154724, 0.5103626847267151, 0.7056995034217834, 0.5673575401306152, 0.5445595979690552, 0.5994818806648254, 0.699999988079071, 0.7202072739601135, 0.6797927618026733, 0.6331606507301331, 0.6113989353179932, 0.617616593837738], "val_accuracy": [0.45606693625450134, 0.45606693625450134, 0.4816945493221283, 0.6825313568115234, 0.5862970948219299, 0.5627614855766296, 0.6051255464553833, 0.6956067085266113, 0.6961296796798706, 0.6516736149787903, 0.589958131313324, 0.5768828392028809, 0.5831589698791504, 0.60721755027771], "p_rule": [0.21923828125, 0.21923828125, 0.2467041015625, 0.91796875, 0.284912109375, 0.2452392578125, 0.33544921875, 0.64501953125, 0.83154296875, 0.5185546875, 0.3857421875, 0.33935546875, 0.34375, 0.391357421875], "adversary_prediction": [0.0038433359004557133, 0.004016980528831482, 0.13456392288208008, 0.4995706379413605, 0.39754197001457214, 0.39108172059059143, 0.43379971385002136, 0.4911387860774994, 0.4816429913043976, 0.4287770688533783, 0.3657817542552948, 0.34130391478538513, 0.3392162621021271, 0.35457900166511536]}