{"accuracy": [0.47768154740333557, 0.5558516383171082, 0.6489007472991943, 0.5996002554893494, 0.6489007472991943, 0.727959156036377, 0.694648027420044, 0.606484591960907, 0.602043092250824, 0.7057517170906067, 0.7914723753929138, 0.72640460729599, 0.648234486579895, 0.6302465200424194, 0.6728847622871399], "val_accuracy": [0.5599372386932373, 0.6300694346427917, 0.589065670967102, 0.6300694346427917, 0.7019941806793213, 0.689222514629364, 0.6078870892524719, 0.6087833046913147, 0.6984091401100159, 0.7615953683853149, 0.713869571685791, 0.6314138174057007, 0.6141608953475952, 0.6591978669166565, 0.7362760305404663], "p_rule": [0.274169921875, 0.52783203125, 0.378173828125, 0.473388671875, 0.86376953125, 0.5810546875, 0.351318359375, 0.348876953125, 0.59228515625, 0.83935546875, 0.489013671875, 0.3603515625, 0.338623046875, 0.38818359375, 0.50732421875], "adversary_prediction": [0.3452102839946747, 0.5063485503196716, 0.3498855531215668, 0.4658202826976776, 0.5536976456642151, 0.4743320643901825, 0.43861696124076843, 0.44815877079963684, 0.4625879228115082, 0.4530809223651886, 0.3581208884716034, 0.3077957332134247, 0.2939566671848297, 0.323564738035202, 0.39850708842277527]}