{"accuracy": [0.4818652868270874, 0.4826054871082306, 0.49666914343833923, 0.6073278784751892, 0.6894892454147339, 0.6080681085586548, 0.5651369094848633, 0.5888230800628662, 0.6695040464401245, 0.7202072739601135, 0.6695040464401245, 0.605107307434082, 0.5625462532043457, 0.552553653717041], "val_accuracy": [0.4675130546092987, 0.47834205627441406, 0.593726634979248, 0.6657953858375549, 0.6213592290878296, 0.5791635513305664, 0.5955937504768372, 0.6788648366928101, 0.708737850189209, 0.6661688089370728, 0.5982075929641724, 0.5474234223365784, 0.5365944504737854, 0.5541448593139648], "p_rule": [0.2083740234375, 0.21923828125, 0.4140625, 0.89453125, 0.389404296875, 0.28173828125, 0.3291015625, 0.552734375, 0.97705078125, 0.5146484375, 0.3369140625, 0.264892578125, 0.26025390625, 0.270263671875], "adversary_prediction": [0.0038463356904685497, 0.020649107173085213, 0.28244468569755554, 0.48262670636177063, 0.3858889043331146, 0.38278087973594666, 0.3953576385974884, 0.42508646845817566, 0.3917076289653778, 0.3241763412952423, 0.2544139325618744, 0.21557998657226562, 0.21435263752937317, 0.22135379910469055]}