{"accuracy": [0.509438157081604, 0.47723740339279175, 0.48123472929000854, 0.583166778087616, 0.6924272775650024, 0.6679990887641907, 0.5969353914260864, 0.6115922927856445, 0.687541663646698, 0.7317343950271606, 0.7190761566162109, 0.6771041750907898, 0.6246946454048157, 0.6044858694076538], "val_accuracy": [0.4732242822647095, 0.47725746035575867, 0.5776383876800537, 0.6668160557746887, 0.6562849879264832, 0.5991485714912415, 0.6101276874542236, 0.6735379695892334, 0.7064754366874695, 0.6874299645423889, 0.6576293706893921, 0.6166256070137024, 0.5982522964477539, 0.6047501564025879], "p_rule": [0.2193603515625, 0.220947265625, 0.342041015625, 0.8056640625, 0.56396484375, 0.372802734375, 0.396484375, 0.5869140625, 0.9482421875, 0.67529296875, 0.46044921875, 0.356201171875, 0.32568359375, 0.3291015625], "adversary_prediction": [0.0038425647653639317, 0.003520280821248889, 0.12930163741111755, 0.43196359276771545, 0.4754757583141327, 0.4236476719379425, 0.439256876707077, 0.4535587728023529, 0.4573553502559662, 0.38825497031211853, 0.3292149007320404, 0.28640714287757874, 0.26799139380455017, 0.289572149515152]}