{"accuracy": [0.5507771968841553, 0.5222797989845276, 0.5222797989845276, 0.5222797989845276, 0.5222797989845276, 0.5222797989845276, 0.6663212180137634, 0.6165803074836731, 0.5248704552650452, 0.5, 0.49740931391716003], "val_accuracy": [0.5439330339431763, 0.5439330339431763, 0.5439330339431763, 0.5439330339431763, 0.5439330339431763, 0.6872385144233704, 0.5794979333877563, 0.4963389039039612, 0.47594141960144043, 0.47437238693237305, 0.48117154836654663], "p_rule": [0.21923828125, 0.21923828125, 0.21923828125, 0.21923828125, 0.21923828125, 0.67529296875, 0.40185546875, 0.251708984375, 0.231689453125, 0.2254638671875, 0.23876953125], "adversary_prediction": [0.34505316615104675, 0.3450532853603363, 0.3450973331928253, 0.34685590863227844, 0.36324647068977356, 0.41460421681404114, 0.3645416796207428, 0.27320024371147156, 0.22128483653068542, 0.22311729192733765, 0.24128717184066772]}