{"accuracy": [0.4823834300041199, 0.5305699706077576, 0.693782389163971, 0.6186528205871582, 0.6305699348449707, 0.701036274433136, 0.7538859844207764, 0.6797927618026733, 0.610362708568573, 0.6207253932952881, 0.7015544176101685, 0.8020725250244141, 0.7647668123245239, 0.6803109049797058, 0.6409326195716858, 0.6715025901794434], "val_accuracy": [0.5502092242240906, 0.6762552261352539, 0.5983263850212097, 0.6087865829467773, 0.6773012280464172, 0.7384937405586243, 0.6908996105194092, 0.6208158731460571, 0.6234309673309326, 0.6929916143417358, 0.7860878705978394, 0.7531380653381348, 0.6579498052597046, 0.6260460019111633, 0.6537656784057617, 0.7233263850212097], "p_rule": [0.22998046875, 0.76708984375, 0.3955078125, 0.398681640625, 0.55908203125, 0.9775390625, 0.5400390625, 0.36279296875, 0.379638671875, 0.6015625, 0.857421875, 0.54638671875, 0.406494140625, 0.368896484375, 0.3994140625, 0.478759765625], "adversary_prediction": [0.34674808382987976, 0.6227201819419861, 0.41164079308509827, 0.4153725802898407, 0.5274280905723572, 0.650083601474762, 0.6181426644325256, 0.5738179087638855, 0.5604235529899597, 0.6020565629005432, 0.5695610642433167, 0.479693740606308, 0.4225302040576935, 0.38612785935401917, 0.4111686050891876, 0.46178165078163147]}