{"accuracy": [0.4963730573654175, 0.5222797989845276, 0.6963730454444885, 0.6461139917373657, 0.6331606507301331, 0.6725388765335083, 0.7450777292251587, 0.7036269307136536, 0.6186528205871582, 0.613471508026123, 0.6974093317985535, 0.7974093556404114, 0.7487046718597412, 0.6626942753791809, 0.6497409343719482, 0.6849740743637085], "val_accuracy": [0.5439330339431763, 0.6762552261352539, 0.6150627732276917, 0.6051255464553833, 0.6527196764945984, 0.73221755027771, 0.7055439352989197, 0.6213389039039612, 0.6134937405586243, 0.6992678046226501, 0.7986401915550232, 0.7395397424697876, 0.6406903862953186, 0.6108786463737488, 0.6553347110748291, 0.7442468404769897], "p_rule": [0.21923828125, 0.96337890625, 0.499755859375, 0.42431640625, 0.5341796875, 0.84814453125, 0.611328125, 0.381591796875, 0.377685546875, 0.60009765625, 0.80908203125, 0.501953125, 0.383544921875, 0.37255859375, 0.40478515625, 0.490478515625], "adversary_prediction": [0.34509411454200745, 0.5819384455680847, 0.4269867241382599, 0.3560926020145416, 0.46180596947669983, 0.5810241103172302, 0.5750361084938049, 0.4971524178981781, 0.522936999797821, 0.503267228603363, 0.4699647128582001, 0.3831973969936371, 0.3339356482028961, 0.31369778513908386, 0.3333594501018524, 0.4034545123577118]}