{"accuracy": [0.5125471949577332, 0.47723740339279175, 0.47723740339279175, 0.5001110434532166, 0.5978236794471741, 0.6799911260604858, 0.6415722966194153, 0.5849433541297913, 0.5878303647041321, 0.6475682854652405, 0.7053075432777405, 0.7146347165107727, 0.6679990887641907, 0.6166999936103821, 0.5853875279426575], "val_accuracy": [0.4732242822647095, 0.47344836592674255, 0.4909253716468811, 0.574277400970459, 0.6531481146812439, 0.6338785290718079, 0.5827918648719788, 0.5866009593009949, 0.6410486102104187, 0.6842930912971497, 0.6793636679649353, 0.6462020874023438, 0.5973560214042664, 0.5767421126365662, 0.5848084092140198], "p_rule": [0.2193603515625, 0.2193603515625, 0.232666015625, 0.39404296875, 0.88818359375, 0.50537109375, 0.32861328125, 0.334716796875, 0.4833984375, 0.7734375, 0.75341796875, 0.48046875, 0.366943359375, 0.329833984375, 0.338134765625], "adversary_prediction": [0.003843330079689622, 0.003980605397373438, 0.019718864932656288, 0.16276872158050537, 0.4066794812679291, 0.4146951735019684, 0.4048605263233185, 0.4219556152820587, 0.41795578598976135, 0.383029967546463, 0.3284841477870941, 0.23656204342842102, 0.1939517855644226, 0.17715200781822205, 0.18629848957061768]}