{"accuracy": [0.5189873576164246, 0.47723740339279175, 0.47723740339279175, 0.47723740339279175, 0.47923606634140015, 0.5673995018005371, 0.7001998424530029, 0.5993781685829163, 0.5265378355979919, 0.5240950584411621, 0.5249833464622498], "val_accuracy": [0.4732242822647095, 0.4732242822647095, 0.4732242822647095, 0.47591307759284973, 0.5565763115882874, 0.6654716730117798, 0.5901859998703003, 0.5321532487869263, 0.529016375541687, 0.531032919883728, 0.5520949959754944], "p_rule": [0.2193603515625, 0.2193603515625, 0.2193603515625, 0.223388671875, 0.319580078125, 0.8486328125, 0.362548828125, 0.2265625, 0.2216796875, 0.2249755859375, 0.26220703125], "adversary_prediction": [0.0038433298468589783, 0.0038455522153526545, 0.004216078203171492, 0.01429652702063322, 0.12133823335170746, 0.31489917635917664, 0.3692590296268463, 0.36186060309410095, 0.36422088742256165, 0.36680325865745544, 0.3623066842556]}