{"accuracy": [0.4544781744480133, 0.6724648475646973, 0.5788304805755615, 0.7453737854957581, 0.6043671369552612, 0.6313841342926025, 0.7957068681716919, 0.6458179354667664, 0.5729089379310608, 0.620651364326477, 0.770170271396637, 0.8090303540229797, 0.729829728603363, 0.6883789896965027, 0.7005921602249146, 0.7524056434631348], "val_accuracy": [0.6616878509521484, 0.5974608063697815, 0.7374906539916992, 0.5993278622627258, 0.6318147778511047, 0.7789394855499268, 0.6512322425842285, 0.579910397529602, 0.6250933408737183, 0.7572815418243408, 0.7901418805122375, 0.7247946262359619, 0.6915608644485474, 0.6967886686325073, 0.7464525699615479, 0.786034345626831], "p_rule": [0.7197265625, 0.311279296875, 0.8466796875, 0.335693359375, 0.36962890625, 0.716796875, 0.45458984375, 0.302001953125, 0.392822265625, 0.85498046875, 0.65478515625, 0.4755859375, 0.420654296875, 0.43896484375, 0.515625, 0.646484375], "adversary_prediction": [0.5096967816352844, 0.3608350455760956, 0.520061194896698, 0.20990699529647827, 0.23782753944396973, 0.410343736410141, 0.4744761288166046, 0.45246925950050354, 0.4742825925350189, 0.4731307327747345, 0.4209565222263336, 0.3623449504375458, 0.3230641782283783, 0.3454799950122833, 0.41780993342399597, 0.4669700562953949]}