{"accuracy": [0.46669134497642517, 0.5173945426940918, 0.5259067416191101, 0.6994818449020386, 0.6565507054328918, 0.6225018501281738, 0.6228719353675842, 0.6791265606880188, 0.7353811860084534, 0.6746854186058044, 0.5784603953361511, 0.5540340542793274, 0.5991857647895813, 0.7187268733978271, 0.7749814987182617, 0.7313101291656494, 0.6672834753990173, 0.6421169638633728, 0.6709844470024109], "val_accuracy": [0.5324869155883789, 0.539955198764801, 0.6986557245254517, 0.6542195677757263, 0.6116504669189453, 0.6191187500953674, 0.6672890186309814, 0.7218073010444641, 0.6848394274711609, 0.5851381421089172, 0.5713219046592712, 0.6146377921104431, 0.7233009934425354, 0.7625093460083008, 0.7154592871665955, 0.6575802564620972, 0.6448842287063599, 0.6669155955314636, 0.7162061333656311], "p_rule": [0.20849609375, 0.21875, 0.7998046875, 0.5673828125, 0.402099609375, 0.4013671875, 0.537109375, 0.92626953125, 0.52490234375, 0.30908203125, 0.2734375, 0.341552734375, 0.66748046875, 0.79541015625, 0.51708984375, 0.39697265625, 0.37353515625, 0.408447265625, 0.51123046875], "adversary_prediction": [0.34505316615104675, 0.3435550034046173, 0.5772973895072937, 0.503501832485199, 0.4255783259868622, 0.42516592144966125, 0.47417595982551575, 0.5281098484992981, 0.5001572966575623, 0.4844909608364105, 0.4719681441783905, 0.4698769152164459, 0.47177955508232117, 0.43852499127388, 0.40000805258750916, 0.37040212750434875, 0.3609156906604767, 0.380599707365036, 0.41891756653785706]}