{"accuracy": [0.48593634366989136, 0.4826054871082306, 0.49555885791778564, 0.6835677027702332, 0.5995559096336365, 0.5581051111221313, 0.6191709637641907, 0.7235381007194519, 0.7146558165550232, 0.6491487622261047, 0.5962250232696533, 0.5788304805755615], "val_accuracy": [0.4675130546092987, 0.4817027747631073, 0.6773711442947388, 0.6172516942024231, 0.5724421143531799, 0.6377893686294556, 0.7076176404953003, 0.7035101056098938, 0.6355488896369934, 0.5832710862159729, 0.5687080025672913, 0.5821508765220642], "p_rule": [0.2083740234375, 0.22412109375, 0.7177734375, 0.339599609375, 0.2626953125, 0.380126953125, 0.74755859375, 0.68017578125, 0.4013671875, 0.307861328125, 0.285400390625, 0.2978515625], "adversary_prediction": [0.0038436397444456816, 0.014949060045182705, 0.4797365963459015, 0.38293227553367615, 0.36925962567329407, 0.40950772166252136, 0.43572601675987244, 0.38194480538368225, 0.29103854298591614, 0.22891879081726074, 0.21797913312911987, 0.22912904620170593]}