{"accuracy": [0.5266469120979309, 0.4826054871082306, 0.4826054871082306, 0.4826054871082306, 0.4826054871082306, 0.4833456575870514, 0.5829015374183655, 0.568097710609436, 0.5173945426940918, 0.5173945426940918, 0.5173945426940918, 0.5173945426940918], "val_accuracy": [0.4675130546092987, 0.4675130546092987, 0.4675130546092987, 0.4675130546092987, 0.46825990080833435, 0.5713219046592712, 0.5780433416366577, 0.5324869155883789, 0.5324869155883789, 0.5324869155883789, 0.5324869155883789, 0.5332337617874146], "p_rule": [0.2083740234375, 0.2083740234375, 0.2083740234375, 0.2083740234375, 0.2095947265625, 0.35986328125, 0.32568359375, 0.2088623046875, 0.20849609375, 0.20849609375, 0.20849609375, 0.2110595703125], "adversary_prediction": [0.0038433291483670473, 0.003843513550236821, 0.003974557854235172, 0.009458115324378014, 0.047627270221710205, 0.19366133213043213, 0.316057950258255, 0.35977044701576233, 0.34892168641090393, 0.35949429869651794, 0.36178115010261536, 0.3647930324077606]}