{"accuracy": [0.5341969132423401, 0.5611398816108704, 0.582383394241333, 0.5927461385726929, 0.7067357301712036, 0.7373057007789612, 0.6590673327445984, 0.6015543937683105, 0.6461139917373657, 0.7341969013214111, 0.7979274392127991, 0.7554404139518738, 0.6906735897064209, 0.6642487049102783, 0.6704663038253784], "val_accuracy": [0.5726987719535828, 0.5502092242240906, 0.5617154836654663, 0.6637029051780701, 0.7222803235054016, 0.6459205150604248, 0.6056485176086426, 0.6370292901992798, 0.732740581035614, 0.7871338725090027, 0.7421548366546631, 0.6610878705978394, 0.624476969242096, 0.6396443247795105, 0.6966527104377747], "p_rule": [0.283203125, 0.334716796875, 0.348876953125, 0.55615234375, 0.8310546875, 0.433837890625, 0.330078125, 0.4169921875, 0.66259765625, 0.83837890625, 0.5537109375, 0.441162109375, 0.390380859375, 0.407470703125, 0.473388671875], "adversary_prediction": [0.34813448786735535, 0.27450910210609436, 0.30988749861717224, 0.603495180606842, 0.6767653822898865, 0.5175095200538635, 0.4862040579319, 0.5430667996406555, 0.6206716895103455, 0.6350482106208801, 0.5629366040229797, 0.493043452501297, 0.45401516556739807, 0.4602934420108795, 0.5120511651039124]}