{"accuracy": [0.5307179689407349, 0.5173945426940918, 0.5173945426940918, 0.5173945426940918, 0.5173945426940918, 0.5173945426940918], "val_accuracy": [0.5324869155883789, 0.5324869155883789, 0.5324869155883789, 0.5324869155883789, 0.5324869155883789, 0.5324869155883789], "p_rule": [0.20849609375, 0.20849609375, 0.20849609375, 0.20849609375, 0.20849609375, 0.20849609375], "adversary_prediction": [0.34505316615104675, 0.3450533449649811, 0.3450661599636078, 0.34569284319877625, 0.3533056676387787, 0.3736506998538971]}