{"accuracy": [0.42642486095428467, 0.689637303352356, 0.5891191959381104, 0.7538859844207764, 0.6238341927528381, 0.6414507627487183, 0.7968912124633789, 0.7025906443595886, 0.5953367948532104, 0.6305699348449707, 0.7777202129364014, 0.8279792666435242, 0.7606217861175537, 0.7150259017944336, 0.7222797870635986, 0.7813471555709839, 0.8383419513702393, 0.8393782377243042, 0.7979274392127991, 0.779274582862854, 0.783419668674469], "val_accuracy": [0.6574267745018005, 0.598849356174469, 0.7285565137863159, 0.6009414196014404, 0.6218619346618652, 0.7688284516334534, 0.6987447738647461, 0.6014644503593445, 0.6265690326690674, 0.7594142556190491, 0.8028242588043213, 0.7400627732276917, 0.6935146450996399, 0.7112970948219299, 0.7651673555374146, 0.8064853549003601, 0.8038703203201294, 0.7808577418327332, 0.7630752921104431, 0.7646443247795105, 0.7892259359359741], "p_rule": [0.71240234375, 0.330078125, 0.85986328125, 0.35986328125, 0.377685546875, 0.68994140625, 0.5654296875, 0.342041015625, 0.40576171875, 0.8125, 0.6826171875, 0.5234375, 0.442138671875, 0.469970703125, 0.5400390625, 0.681640625, 0.91064453125, 0.88134765625, 0.7724609375, 0.79296875, 0.89208984375], "adversary_prediction": [0.4922517240047455, 0.3904825747013092, 0.5992559790611267, 0.21087655425071716, 0.25975301861763, 0.5392889380455017, 0.6033453345298767, 0.5419618487358093, 0.570525586605072, 0.5837026238441467, 0.5273230671882629, 0.44908609986305237, 0.412373811006546, 0.4371931254863739, 0.5002867579460144, 0.57181316614151, 0.6063745617866516, 0.6162571310997009, 0.6148448586463928, 0.6155442595481873, 0.6459309458732605]}