{"accuracy": [0.48704662919044495, 0.4777202010154724, 0.5145077705383301, 0.6595854759216309, 0.6803109049797058, 0.6082901358604431, 0.6269429922103882, 0.7020725607872009, 0.7378238439559937, 0.6865285038948059, 0.6233160495758057, 0.6010362505912781, 0.6051813364028931], "val_accuracy": [0.45606693625450134, 0.4816945493221283, 0.6464434862136841, 0.6694560647010803, 0.6124476790428162, 0.6396443247795105, 0.6898535490036011, 0.7118200659751892, 0.6752092242240906, 0.5962343215942383, 0.5679916143417358, 0.5758368372917175, 0.6270920634269714], "p_rule": [0.21923828125, 0.244384765625, 0.5341796875, 0.62890625, 0.370849609375, 0.412841796875, 0.68798828125, 0.796875, 0.472412109375, 0.342041015625, 0.3193359375, 0.32275390625, 0.37548828125], "adversary_prediction": [0.003875994123518467, 0.020880721509456635, 0.3806685507297516, 0.4569455683231354, 0.39337339997291565, 0.43892040848731995, 0.47620972990989685, 0.44981929659843445, 0.360868901014328, 0.27885809540748596, 0.25062739849090576, 0.26418212056159973, 0.30620989203453064]}