{"accuracy": [0.4963357746601105, 0.5227625966072083, 0.5227625966072083, 0.5227625966072083, 0.5227625966072083, 0.5227625966072083], "val_accuracy": [0.5267757177352905, 0.5267757177352905, 0.5267757177352905, 0.5267757177352905, 0.5267757177352905, 0.5267757177352905], "p_rule": [0.2193603515625, 0.2193603515625, 0.2193603515625, 0.2193603515625, 0.2193603515625, 0.2193603515625], "adversary_prediction": [0.34505316615104675, 0.34505316615104675, 0.34505346417427063, 0.3450757563114166, 0.3455008566379547, 0.3485175669193268]}