{"accuracy": [0.4196891188621521, 0.5222797989845276, 0.5362694263458252, 0.699999988079071, 0.6357513070106506, 0.5953367948532104, 0.6015543937683105, 0.6481865048408508, 0.7367875576019287, 0.6544041633605957, 0.5585492253303528, 0.5487046837806702, 0.5932642221450806, 0.7170984745025635, 0.783419668674469, 0.7357512712478638, 0.6720207333564758, 0.6559585332870483, 0.6621761918067932], "val_accuracy": [0.5439330339431763, 0.5533472895622253, 0.6841003894805908, 0.6234309673309326, 0.5774058699607849, 0.5826359987258911, 0.6406903862953186, 0.7112970948219299, 0.6694560647010803, 0.5711296796798706, 0.5627614855766296, 0.5998954176902771, 0.7144351601600647, 0.7683054208755493, 0.7144351601600647, 0.651150643825531, 0.6192468404769897, 0.6370292901992798, 0.6882845163345337], "p_rule": [0.21923828125, 0.239501953125, 0.9140625, 0.52685546875, 0.389404296875, 0.392578125, 0.5068359375, 0.9013671875, 0.4609375, 0.271484375, 0.25830078125, 0.327392578125, 0.626953125, 0.857421875, 0.5283203125, 0.416015625, 0.383544921875, 0.392578125, 0.46435546875], "adversary_prediction": [0.3450533449649811, 0.3487948477268219, 0.4907163083553314, 0.49945488572120667, 0.4054977595806122, 0.39645901322364807, 0.4254644811153412, 0.4300796091556549, 0.4129208028316498, 0.3960314691066742, 0.391975075006485, 0.39335349202156067, 0.39667972922325134, 0.39558038115501404, 0.37217262387275696, 0.34665605425834656, 0.3423924744129181, 0.349150151014328, 0.3743295967578888]}