{"accuracy": [0.49966689944267273, 0.5227625966072083, 0.5227625966072083, 0.5227625966072083, 0.5227625966072083, 0.5227625966072083], "val_accuracy": [0.5267757177352905, 0.5267757177352905, 0.5267757177352905, 0.5267757177352905, 0.5267757177352905, 0.5267757177352905], "p_rule": [0.2193603515625, 0.2193603515625, 0.2193603515625, 0.2193603515625, 0.2193603515625, 0.2193603515625], "adversary_prediction": [0.34505316615104675, 0.34505316615104675, 0.3450532853603363, 0.3450876772403717, 0.34566470980644226, 0.3489045202732086]}