{"accuracy": [0.5191709995269775, 0.5222797989845276, 0.7098445892333984, 0.590673565864563, 0.5803108811378479, 0.6829015612602234, 0.7321243286132812, 0.5968911647796631, 0.5559585690498352, 0.5839378237724304, 0.681347131729126, 0.7787564992904663, 0.7673575282096863, 0.681347131729126, 0.6492227911949158, 0.6533678770065308], "val_accuracy": [0.5439330339431763, 0.7071129679679871, 0.5570083856582642, 0.5538703203201294, 0.6474895477294922, 0.7343096137046814, 0.6119247078895569, 0.5726987719535828, 0.589958131313324, 0.6846234202384949, 0.7667363882064819, 0.7343096137046814, 0.6532427072525024, 0.6223849654197693, 0.6307531595230103, 0.6678870320320129], "p_rule": [0.21923828125, 0.84326171875, 0.328369140625, 0.312744140625, 0.50537109375, 0.79296875, 0.344970703125, 0.26416015625, 0.30615234375, 0.5283203125, 0.98974609375, 0.59765625, 0.433837890625, 0.390380859375, 0.3994140625, 0.441162109375], "adversary_prediction": [0.3450802266597748, 0.5731067061424255, 0.20471349358558655, 0.18963775038719177, 0.3969171941280365, 0.49838390946388245, 0.4540499150753021, 0.44479259848594666, 0.4473377764225006, 0.46530404686927795, 0.4606568515300751, 0.4048364460468292, 0.34905698895454407, 0.33688458800315857, 0.34852662682533264, 0.38139042258262634]}