{"accuracy": [0.48815691471099854, 0.4826054871082306, 0.5259067416191101, 0.6850481033325195, 0.6276832222938538, 0.586602509021759, 0.6343449354171753, 0.712435245513916, 0.7176165580749512, 0.6339748501777649, 0.5695781111717224, 0.5532938838005066], "val_accuracy": [0.4675130546092987, 0.5179238319396973, 0.6728902459144592, 0.6381627917289734, 0.5997012853622437, 0.6426437497138977, 0.7016429901123047, 0.692307710647583, 0.6243465542793274, 0.5720686912536621, 0.556011974811554, 0.5858849883079529], "p_rule": [0.2083740234375, 0.2509765625, 0.77294921875, 0.432373046875, 0.322509765625, 0.417724609375, 0.7763671875, 0.66357421875, 0.372314453125, 0.27734375, 0.259765625, 0.28662109375], "adversary_prediction": [0.0040857004933059216, 0.08172266185283661, 0.47175636887550354, 0.41566750407218933, 0.3885408341884613, 0.45223280787467957, 0.48966553807258606, 0.38936975598335266, 0.27610108256340027, 0.20948711037635803, 0.19561690092086792, 0.22445595264434814]}