{"accuracy": [0.5407105684280396, 0.5173945426940918, 0.5173945426940918, 0.5173945426940918, 0.5173945426940918, 0.5477424263954163, 0.6946706175804138, 0.6276832222938538, 0.5692079663276672, 0.5373797416687012, 0.5299777984619141], "val_accuracy": [0.5324869155883789, 0.5324869155883789, 0.5324869155883789, 0.5324869155883789, 0.5646004676818848, 0.6721433997154236, 0.6172516942024231, 0.5608662962913513, 0.5302464365959167, 0.5182972550392151, 0.5220313668251038], "p_rule": [0.20849609375, 0.20849609375, 0.20849609375, 0.20849609375, 0.253173828125, 0.8896484375, 0.51708984375, 0.3271484375, 0.266845703125, 0.251953125, 0.253662109375], "adversary_prediction": [0.34505316615104675, 0.3450533449649811, 0.3450665771961212, 0.34678903222084045, 0.36979785561561584, 0.41073229908943176, 0.3373989760875702, 0.24906417727470398, 0.18729430437088013, 0.1750413477420807, 0.1871255338191986]}