{"accuracy": [0.5129533410072327, 0.5222797989845276, 0.5222797989845276, 0.5253885984420776, 0.7015544176101685, 0.6398963928222656, 0.5844559669494629, 0.575129508972168, 0.6108808517456055], "val_accuracy": [0.5439330339431763, 0.5439330339431763, 0.5449790954589844, 0.7139121294021606, 0.625523030757904, 0.5554393529891968, 0.5512552261352539, 0.5873430967330933, 0.6610878705978394], "p_rule": [0.21923828125, 0.21923828125, 0.22216796875, 0.8447265625, 0.442138671875, 0.3291015625, 0.310302734375, 0.371826171875, 0.54150390625], "adversary_prediction": [0.34505316615104675, 0.3450615108013153, 0.37152013182640076, 0.6048040986061096, 0.36638298630714417, 0.26594969630241394, 0.2564378082752228, 0.316097229719162, 0.4187336266040802]}