{"accuracy": [0.5107327699661255, 0.482975572347641, 0.7239082455635071, 0.5373797416687012, 0.5621761679649353, 0.7205773591995239, 0.7531458139419556, 0.6554403901100159, 0.5995559096336365, 0.5951147079467773, 0.6332346200942993], "val_accuracy": [0.46788647770881653, 0.7176997661590576, 0.5485436916351318, 0.5679611563682556, 0.7154592871665955, 0.7393577098846436, 0.649738609790802, 0.5873786211013794, 0.5802838206291199, 0.6292008757591248, 0.6990291476249695], "p_rule": [0.2095947265625, 0.6123046875, 0.2398681640625, 0.269287109375, 0.6435546875, 0.65869140625, 0.3857421875, 0.311279296875, 0.311279296875, 0.357666015625, 0.468505859375], "adversary_prediction": [0.005643928423523903, 0.6433570981025696, 0.3834356367588043, 0.43075671792030334, 0.6079481244087219, 0.6217800974845886, 0.48979201912879944, 0.3916793167591095, 0.37211570143699646, 0.4077950417995453, 0.4750748574733734]}