{"accuracy": [0.47124138474464417, 0.6298023462295532, 0.6158117055892944, 0.6502331495285034, 0.7488341331481934, 0.6206973195075989, 0.5880523920059204, 0.6828780770301819, 0.7761492133140564, 0.6706640124320984, 0.5967133045196533, 0.6195869445800781, 0.7106373310089111, 0.8052409291267395, 0.7965800762176514, 0.7341772317886353, 0.6997557282447815, 0.7128580808639526, 0.7601599097251892, 0.800133228302002, 0.8170108795166016, 0.8036864399909973, 0.7888074517250061, 0.7823672890663147, 0.7863646745681763], "val_accuracy": [0.6302935481071472, 0.6083351969718933, 0.6345507502555847, 0.7273134589195251, 0.6188662052154541, 0.5888415575027466, 0.6771230101585388, 0.7463589310646057, 0.6565091013908386, 0.5919784903526306, 0.6096795797348022, 0.6937037706375122, 0.7801926732063293, 0.7804167866706848, 0.7131974101066589, 0.6825005412101746, 0.6970647573471069, 0.7412054538726807, 0.7806408405303955, 0.7940846681594849, 0.7822092771530151, 0.7703338265419006, 0.7674210071563721, 0.7707819938659668, 0.7808648943901062], "p_rule": [0.53564453125, 0.42919921875, 0.4599609375, 0.99267578125, 0.389892578125, 0.327392578125, 0.5703125, 0.732421875, 0.397705078125, 0.321044921875, 0.334228515625, 0.442138671875, 0.6787109375, 0.958984375, 0.6396484375, 0.548828125, 0.5849609375, 0.732421875, 0.96240234375, 0.818359375, 0.68017578125, 0.5966796875, 0.5771484375, 0.5908203125, 0.6435546875], "adversary_prediction": [0.36575207114219666, 0.38185378909111023, 0.4297710955142975, 0.5819361805915833, 0.5218424201011658, 0.48323604464530945, 0.49135318398475647, 0.4587461054325104, 0.331311970949173, 0.2865453064441681, 0.3013928234577179, 0.35347774624824524, 0.4200882613658905, 0.4658134877681732, 0.47562775015830994, 0.4753652513027191, 0.49714556336402893, 0.5010278820991516, 0.5019497275352478, 0.5034242272377014, 0.48820796608924866, 0.4858187139034271, 0.48852887749671936, 0.4996946156024933, 0.5272815823554993]}