{"accuracy": [0.5445595979690552, 0.5222797989845276, 0.5222797989845276, 0.5222797989845276, 0.603108823299408, 0.6766839623451233, 0.5746114253997803, 0.5471502542495728, 0.5523316264152527, 0.5777202248573303], "val_accuracy": [0.5439330339431763, 0.5439330339431763, 0.5439330339431763, 0.6202929019927979, 0.650627613067627, 0.5533472895622253, 0.5156903862953186, 0.5214434862136841, 0.5507321953773499, 0.6171548366546631], "p_rule": [0.21923828125, 0.21923828125, 0.21923828125, 0.383544921875, 0.697265625, 0.35546875, 0.283935546875, 0.285888671875, 0.32470703125, 0.46875], "adversary_prediction": [0.34505316615104675, 0.3450538218021393, 0.3464975655078888, 0.45279255509376526, 0.5776416659355164, 0.3787249028682709, 0.2878187596797943, 0.2892880141735077, 0.33930930495262146, 0.40087732672691345]}