{"accuracy": [0.47945815324783325, 0.5227625966072083, 0.5227625966072083, 0.5227625966072083, 0.6551188230514526, 0.6902065277099609, 0.6335775852203369, 0.5927159786224365, 0.5878303647041321, 0.5993781685829163], "val_accuracy": [0.5267757177352905, 0.5267757177352905, 0.5267757177352905, 0.6446336507797241, 0.6621106863021851, 0.6213309168815613, 0.5910822153091431, 0.5818955898284912, 0.5946672558784485, 0.6253641247749329], "p_rule": [0.2193603515625, 0.2193603515625, 0.2193603515625, 0.4853515625, 0.81396484375, 0.48681640625, 0.393310546875, 0.35302734375, 0.3759765625, 0.441162109375], "adversary_prediction": [0.34505316615104675, 0.3450532853603363, 0.34560146927833557, 0.4290156066417694, 0.5834586024284363, 0.49673011898994446, 0.42969366908073425, 0.4025638997554779, 0.4063473045825958, 0.42497339844703674]}