{"accuracy": [0.5567399263381958, 0.5380856990814209, 0.6848767399787903, 0.6171441078186035, 0.6515656113624573, 0.7295136451721191, 0.729291558265686, 0.6318010091781616, 0.5900510549545288, 0.6386853456497192, 0.7599378228187561, 0.8021318912506104, 0.7068620920181274, 0.6395736336708069, 0.6455696225166321, 0.7008661031723022], "val_accuracy": [0.5404436588287354, 0.6715214252471924, 0.6043020486831665, 0.6352229714393616, 0.7055792212486267, 0.7190230488777161, 0.6345507502555847, 0.5991485714912415, 0.6390320658683777, 0.7447904944419861, 0.7806408405303955, 0.6903428435325623, 0.6314138174057007, 0.635671079158783, 0.6856374740600586, 0.7544252872467041], "p_rule": [0.24169921875, 0.63037109375, 0.369140625, 0.420654296875, 0.6923828125, 0.7529296875, 0.42138671875, 0.338134765625, 0.431396484375, 0.8134765625, 0.662109375, 0.449462890625, 0.35986328125, 0.361328125, 0.445068359375, 0.5634765625], "adversary_prediction": [0.3660828173160553, 0.45937833189964294, 0.26984331011772156, 0.3122898042201996, 0.4546639621257782, 0.5215910077095032, 0.49057862162590027, 0.45871469378471375, 0.4809854328632355, 0.4459622800350189, 0.3939737379550934, 0.3281307518482208, 0.29963091015815735, 0.3050059974193573, 0.3356485664844513, 0.39946630597114563]}