{"accuracy": [0.4715026021003723, 0.50829017162323, 0.693782389163971, 0.5963730812072754, 0.610362708568573, 0.7108808159828186, 0.7269430160522461, 0.6735751032829285, 0.6336787343025208, 0.6150258779525757, 0.6538860201835632, 0.727979302406311, 0.7901554107666016, 0.7186528444290161, 0.6440414786338806, 0.610362708568573, 0.6341968774795532], "val_accuracy": [0.482740581035614, 0.6783472895622253, 0.6087865829467773, 0.6265690326690674, 0.7029288411140442, 0.7076359987258911, 0.6485355496406555, 0.6140167117118835, 0.5978033542633057, 0.6307531595230103, 0.7081589698791504, 0.7824267745018005, 0.7133890986442566, 0.6438284516334534, 0.6061715483665466, 0.6265690326690674, 0.6752092242240906], "p_rule": [0.2364501953125, 0.85400390625, 0.357177734375, 0.400634765625, 0.73828125, 0.72021484375, 0.433837890625, 0.343017578125, 0.32470703125, 0.366943359375, 0.49267578125, 0.83154296875, 0.6943359375, 0.45556640625, 0.383544921875, 0.418212890625, 0.56005859375], "adversary_prediction": [0.08768044412136078, 0.6433276534080505, 0.3598097860813141, 0.3860248029232025, 0.563618004322052, 0.6081133484840393, 0.5268427729606628, 0.4301086366176605, 0.403102308511734, 0.42450645565986633, 0.4712364971637726, 0.507760226726532, 0.5118393301963806, 0.5077589154243469, 0.5008737444877625, 0.5002912878990173, 0.4997338354587555]}