{"accuracy": [0.5285365581512451, 0.5858316421508789, 0.6153675317764282, 0.590495228767395, 0.6633355617523193, 0.7495003342628479, 0.6913169026374817, 0.6222518086433411, 0.6335775852203369, 0.7159671187400818, 0.794581413269043, 0.7512769103050232, 0.674217164516449, 0.6442371606826782, 0.6606706380844116], "val_accuracy": [0.5868250131607056, 0.5973560214042664, 0.5832399725914001, 0.6486667990684509, 0.7192471623420715, 0.689222514629364, 0.6157293319702148, 0.6285009980201721, 0.705355167388916, 0.7701097726821899, 0.7295541167259216, 0.6605422496795654, 0.6320860385894775, 0.6488908529281616, 0.7015460729598999], "p_rule": [0.3232421875, 0.405029296875, 0.349609375, 0.4814453125, 0.93701171875, 0.53759765625, 0.37548828125, 0.39697265625, 0.61865234375, 0.88037109375, 0.54541015625, 0.404052734375, 0.3720703125, 0.38330078125, 0.4541015625], "adversary_prediction": [0.3424969017505646, 0.2871239483356476, 0.2014598846435547, 0.390638142824173, 0.5631541609764099, 0.4831632077693939, 0.4531345069408417, 0.4666338860988617, 0.4788948595523834, 0.44564685225486755, 0.35161206126213074, 0.27624747157096863, 0.2372145652770996, 0.255962997674942, 0.30259260535240173]}