{"accuracy": [0.5099925994873047, 0.4826054871082306, 0.4826054871082306, 0.4826054871082306, 0.482975572347641, 0.5025906562805176, 0.5928941369056702, 0.682457447052002, 0.5362694263458252, 0.5173945426940918, 0.5173945426940918, 0.5173945426940918], "val_accuracy": [0.4675130546092987, 0.4675130546092987, 0.4675130546092987, 0.46788647770881653, 0.4884242117404938, 0.5858849883079529, 0.6717699766159058, 0.5489171147346497, 0.5324869155883789, 0.5324869155883789, 0.5324869155883789, 0.5324869155883789], "p_rule": [0.2083740234375, 0.2083740234375, 0.2083740234375, 0.2083740234375, 0.22265625, 0.372314453125, 0.818359375, 0.23486328125, 0.20849609375, 0.20849609375, 0.20849609375, 0.2088623046875], "adversary_prediction": [0.0038433291483670473, 0.003844220656901598, 0.004153326153755188, 0.011774624697864056, 0.07070714235305786, 0.23721182346343994, 0.3511568009853363, 0.36352190375328064, 0.3545146882534027, 0.3539774715900421, 0.35610732436180115, 0.34679582715034485]}