{"accuracy": [0.48745280504226685, 0.5227625966072083, 0.5227625966072083, 0.5227625966072083, 0.5227625966072083, 0.5227625966072083], "val_accuracy": [0.5267757177352905, 0.5267757177352905, 0.5267757177352905, 0.5267757177352905, 0.5267757177352905, 0.5267757177352905], "p_rule": [0.2193603515625, 0.2193603515625, 0.2193603515625, 0.2193603515625, 0.2193603515625, 0.2193603515625], "adversary_prediction": [0.34505316615104675, 0.34505316615104675, 0.3450532853603363, 0.34509965777397156, 0.34653499722480774, 0.358189195394516]}