{"accuracy": [0.5258716344833374, 0.5534088611602783, 0.66866534948349, 0.6171441078186035, 0.6371307969093323, 0.7108594179153442, 0.7357317209243774, 0.6273595094680786, 0.5909394025802612, 0.6788807511329651, 0.7956917881965637, 0.748167872428894, 0.6568953990936279, 0.628247857093811, 0.6691094636917114], "val_accuracy": [0.5592650771141052, 0.6441855430603027, 0.6060945391654968, 0.624691903591156, 0.6845171451568604, 0.7232803106307983, 0.6352229714393616, 0.5964598059654236, 0.6755545735359192, 0.7840017676353455, 0.7295541167259216, 0.6479946374893188, 0.6190903186798096, 0.6677123308181763, 0.7400851249694824], "p_rule": [0.26708984375, 0.68359375, 0.43212890625, 0.476318359375, 0.7294921875, 0.767578125, 0.38720703125, 0.32275390625, 0.51220703125, 0.9248046875, 0.5263671875, 0.38330078125, 0.366943359375, 0.40185546875, 0.51806640625], "adversary_prediction": [0.34710052609443665, 0.5416093468666077, 0.3905186951160431, 0.43548914790153503, 0.5818982720375061, 0.6068204045295715, 0.5369420647621155, 0.5129500031471252, 0.5392898917198181, 0.5344906449317932, 0.43111470341682434, 0.35601481795310974, 0.3237832486629486, 0.3585904538631439, 0.42027851939201355]}