{"accuracy": [0.5027759075164795, 0.47723740339279175, 0.49211636185646057, 0.6218076944351196, 0.6600044369697571, 0.5742838382720947, 0.555629551410675, 0.6355763077735901, 0.7190761566162109, 0.7066400051116943, 0.6471241116523743, 0.602043092250824, 0.5864979028701782], "val_accuracy": [0.4732242822647095, 0.4864440858364105, 0.5971319675445557, 0.6511315107345581, 0.5695720314979553, 0.5574725270271301, 0.6285009980201721, 0.6932556629180908, 0.6757786273956299, 0.6285009980201721, 0.5917544364929199, 0.5787586569786072, 0.5922025442123413], "p_rule": [0.2193603515625, 0.2357177734375, 0.4716796875, 0.71044921875, 0.297119140625, 0.2705078125, 0.413818359375, 0.79931640625, 0.6826171875, 0.4248046875, 0.342041015625, 0.322509765625, 0.334716796875], "adversary_prediction": [0.0038543110713362694, 0.01104039791971445, 0.3320442736148834, 0.4301171600818634, 0.3900873363018036, 0.38752636313438416, 0.41559818387031555, 0.4319894015789032, 0.385837584733963, 0.31721821427345276, 0.2723589241504669, 0.25793054699897766, 0.2698294222354889]}