{"accuracy": [0.51139897108078, 0.5222797989845276, 0.5222797989845276, 0.5222797989845276, 0.5222797989845276, 0.5222797989845276], "val_accuracy": [0.5439330339431763, 0.5439330339431763, 0.5439330339431763, 0.5439330339431763, 0.5439330339431763, 0.5439330339431763], "p_rule": [0.21923828125, 0.21923828125, 0.21923828125, 0.21923828125, 0.21923828125, 0.21923828125], "adversary_prediction": [0.34505316615104675, 0.34505316615104675, 0.3450535833835602, 0.34506818652153015, 0.3454117476940155, 0.347951740026474]}