{"accuracy": [0.4988897144794464, 0.4826054871082306, 0.4826054871082306, 0.4826054871082306, 0.4826054871082306, 0.4826054871082306], "val_accuracy": [0.4675130546092987, 0.4675130546092987, 0.4675130546092987, 0.4675130546092987, 0.4675130546092987, 0.4675130546092987], "p_rule": [0.2083740234375, 0.2083740234375, 0.2083740234375, 0.2083740234375, 0.2083740234375, 0.2083740234375], "adversary_prediction": [0.0038433289155364037, 0.003843370359390974, 0.0038534195628017187, 0.004469711799174547, 0.009473979473114014, 0.024005800485610962]}