{"accuracy": [0.5551443099975586, 0.482975572347641, 0.6158401370048523, 0.6550703048706055, 0.5847520232200623, 0.6461880207061768, 0.7264989018440247, 0.7135455012321472, 0.6528497338294983, 0.6006661653518677, 0.5903034806251526], "val_accuracy": [0.4675130546092987, 0.6082897782325745, 0.6680358648300171, 0.5944734811782837, 0.6601941585540771, 0.7106049060821533, 0.6967886686325073, 0.6355488896369934, 0.5922330021858215, 0.5836445093154907, 0.6165048480033875], "p_rule": [0.2088623046875, 0.389404296875, 0.52978515625, 0.322021484375, 0.468505859375, 0.85693359375, 0.6689453125, 0.408447265625, 0.31494140625, 0.311279296875, 0.356201171875], "adversary_prediction": [0.004159348085522652, 0.22462305426597595, 0.47803667187690735, 0.4247267544269562, 0.4833851754665375, 0.5353766083717346, 0.4542911946773529, 0.32174989581108093, 0.25606903433799744, 0.2369251847267151, 0.27581700682640076]}