{"accuracy": [0.48123472929000854, 0.5227625966072083, 0.5227625966072083, 0.5227625966072083, 0.5434154868125916, 0.7015323042869568, 0.6313568949699402, 0.5829446911811829, 0.5656229257583618, 0.5722851157188416], "val_accuracy": [0.5267757177352905, 0.5267757177352905, 0.5267757177352905, 0.5489581227302551, 0.6757786273956299, 0.6152812242507935, 0.5673313736915588, 0.5520949959754944, 0.5599372386932373, 0.5830159187316895], "p_rule": [0.2193603515625, 0.2193603515625, 0.2193603515625, 0.255615234375, 0.91943359375, 0.5146484375, 0.357177734375, 0.3134765625, 0.31787109375, 0.365234375], "adversary_prediction": [0.34505316615104675, 0.3450532853603363, 0.3451109230518341, 0.3606666624546051, 0.48226043581962585, 0.4622242748737335, 0.3533383309841156, 0.30468764901161194, 0.3163066804409027, 0.3552298843860626]}