{"accuracy": [0.512435257434845, 0.4777202010154724, 0.4777202010154724, 0.4896373152732849, 0.5569947957992554, 0.6554403901100159, 0.6979274749755859, 0.6606217622756958, 0.6015543937683105, 0.5813471674919128, 0.5917098522186279], "val_accuracy": [0.45606693625450134, 0.45606693625450134, 0.46809622645378113, 0.5319037437438965, 0.6328451633453369, 0.6820083856582642, 0.6610878705978394, 0.6192468404769897, 0.5930962562561035, 0.6098326444625854, 0.6537656784057617], "p_rule": [0.21923828125, 0.21923828125, 0.22314453125, 0.297119140625, 0.53271484375, 0.939453125, 0.55029296875, 0.37451171875, 0.327392578125, 0.349609375, 0.4697265625], "adversary_prediction": [0.003843439044430852, 0.00494540948420763, 0.007893183268606663, 0.21706625819206238, 0.4191514551639557, 0.4648701250553131, 0.4391150176525116, 0.40313902497291565, 0.40707072615623474, 0.4064665734767914, 0.4139684736728668]}