{"accuracy": [0.5005181431770325, 0.4777202010154724, 0.4803108870983124, 0.6274611353874207, 0.6507772207260132, 0.5471502542495728, 0.5844559669494629, 0.704145073890686, 0.7383419871330261, 0.6865285038948059, 0.6341968774795532, 0.6108808517456055, 0.6207253932952881], "val_accuracy": [0.45606693625450134, 0.45711296796798706, 0.5920501947402954, 0.6542887091636658, 0.5585774183273315, 0.5936192274093628, 0.7060669660568237, 0.7233263850212097, 0.6637029051780701, 0.5941422581672668, 0.5758368372917175, 0.5784518718719482, 0.6176778078079224], "p_rule": [0.21923828125, 0.2222900390625, 0.371826171875, 0.462158203125, 0.255615234375, 0.3154296875, 0.64697265625, 0.76708984375, 0.458740234375, 0.36376953125, 0.33203125, 0.33642578125, 0.3935546875], "adversary_prediction": [0.0038437023758888245, 0.008343476802110672, 0.3360671103000641, 0.47417107224464417, 0.39519116282463074, 0.43207183480262756, 0.5239676833152771, 0.5147050023078918, 0.4466187059879303, 0.3745183050632477, 0.34244176745414734, 0.34917011857032776, 0.37552574276924133]}