{"accuracy": [0.5181347131729126, 0.4839378297328949, 0.7181347012519836, 0.5782383680343628, 0.6113989353179932, 0.7383419871330261, 0.7347150444984436, 0.6626942753791809, 0.610362708568573, 0.6165803074836731], "val_accuracy": [0.45972803235054016, 0.6966527104377747, 0.5883890986442566, 0.625523030757904, 0.7254183888435364, 0.7165272235870361, 0.6328451633453369, 0.599372386932373, 0.6014644503593445, 0.6610878705978394], "p_rule": [0.228515625, 0.7373046875, 0.308349609375, 0.367919921875, 0.787109375, 0.63134765625, 0.407470703125, 0.335693359375, 0.342041015625, 0.418212890625], "adversary_prediction": [0.009618897922337055, 0.5635421872138977, 0.36614224314689636, 0.3977430760860443, 0.5262452960014343, 0.499494343996048, 0.3423740565776825, 0.2684282958507538, 0.2770877182483673, 0.3526276648044586]}