{"accuracy": [0.4703530967235565, 0.5749500393867493, 0.6295802593231201, 0.6158117055892944, 0.6870974898338318, 0.7579391598701477, 0.7026426792144775, 0.6293582320213318, 0.6355763077735901, 0.7217410802841187, 0.7981345653533936, 0.7601599097251892, 0.6793248653411865, 0.6462358236312866, 0.659782350063324], "val_accuracy": [0.5830159187316895, 0.6186421513557434, 0.6009410619735718, 0.6654716730117798, 0.7349316477775574, 0.6970647573471069, 0.6253641247749329, 0.6358951330184937, 0.718350887298584, 0.7736948132514954, 0.7353798151016235, 0.663455069065094, 0.629845380783081, 0.6484427452087402, 0.7060273289680481], "p_rule": [0.306884765625, 0.37255859375, 0.3369140625, 0.46533203125, 0.8330078125, 0.615234375, 0.41162109375, 0.430908203125, 0.6953125, 0.80712890625, 0.5244140625, 0.401123046875, 0.358642578125, 0.379638671875, 0.458251953125], "adversary_prediction": [0.36431583762168884, 0.4192422330379486, 0.351807564496994, 0.5235366225242615, 0.6497462391853333, 0.6010589003562927, 0.5511309504508972, 0.5496317744255066, 0.5729567408561707, 0.5527307391166687, 0.4731793701648712, 0.4124120771884918, 0.3759373724460602, 0.3962542712688446, 0.43621811270713806]}