{"accuracy": [0.49555885791778564, 0.5173945426940918, 0.5173945426940918, 0.5173945426940918, 0.5173945426940918, 0.5173945426940918], "val_accuracy": [0.5324869155883789, 0.5324869155883789, 0.5324869155883789, 0.5324869155883789, 0.5324869155883789, 0.5324869155883789], "p_rule": [0.20849609375, 0.20849609375, 0.20849609375, 0.20849609375, 0.20849609375, 0.20849609375], "adversary_prediction": [0.34505316615104675, 0.34505316615104675, 0.3450581729412079, 0.3453141748905182, 0.3467961251735687, 0.351852148771286]}