{"accuracy": [0.5014804005622864, 0.6687638759613037, 0.5455218553543091, 0.6184307932853699, 0.7590673565864563, 0.6110288500785828, 0.5636565685272217, 0.6310140490531921, 0.7783123850822449, 0.7627683281898499, 0.6724648475646973, 0.6191709637641907, 0.6406365633010864], "val_accuracy": [0.6829723715782166, 0.537341296672821, 0.6094099879264832, 0.7475728392601013, 0.6150112152099609, 0.5761762261390686, 0.6381627917289734, 0.7654966115951538, 0.7501866817474365, 0.6572068929672241, 0.6127707362174988, 0.6348021030426025, 0.6938013434410095], "p_rule": [0.56005859375, 0.259765625, 0.34814453125, 0.9013671875, 0.371826171875, 0.27490234375, 0.431396484375, 0.95263671875, 0.57177734375, 0.383544921875, 0.3291015625, 0.35888671875, 0.441162109375], "adversary_prediction": [0.5032951235771179, 0.1028369814157486, 0.26244351267814636, 0.5862111449241638, 0.5534927248954773, 0.49560216069221497, 0.5539423823356628, 0.584000289440155, 0.4588490426540375, 0.3625693619251251, 0.31493064761161804, 0.33417484164237976, 0.40083077549934387]}