{"accuracy": [0.5393782258033752, 0.5103626847267151, 0.693782389163971, 0.6150258779525757, 0.6580311059951782, 0.7248704433441162, 0.693782389163971, 0.6295337080955505, 0.6015543937683105, 0.6300517916679382], "val_accuracy": [0.4879707098007202, 0.6846234202384949, 0.6234309673309326, 0.6689330339431763, 0.7123430967330933, 0.6689330339431763, 0.6046025156974792, 0.5794979333877563, 0.6035565137863159, 0.6725941300392151], "p_rule": [0.232421875, 0.93017578125, 0.39453125, 0.5068359375, 0.9208984375, 0.58984375, 0.358154296875, 0.322021484375, 0.3544921875, 0.4775390625], "adversary_prediction": [0.054657600820064545, 0.5405346751213074, 0.39662036299705505, 0.4717152416706085, 0.5739559531211853, 0.46628060936927795, 0.3199191391468048, 0.26465633511543274, 0.2886323034763336, 0.3569199740886688]}