{"accuracy": [0.4833456575870514, 0.5173945426940918, 0.6413767337799072, 0.6561806201934814, 0.6039970517158508, 0.6010362505912781, 0.6635825037956238, 0.7401924729347229, 0.6584011912345886, 0.5636565685272217, 0.5458919405937195, 0.6099185943603516, 0.7405625581741333, 0.784604012966156, 0.6843079328536987, 0.6154700517654419, 0.5991857647895813, 0.6284233927726746], "val_accuracy": [0.5324869155883789, 0.6493651866912842, 0.6482449769973755, 0.5978342294692993, 0.5985810160636902, 0.6564600467681885, 0.719566822052002, 0.6710231304168701, 0.5765496492385864, 0.5649738907814026, 0.6198655962944031, 0.7438386678695679, 0.7729648947715759, 0.6807318925857544, 0.6109036803245544, 0.5952203273773193, 0.6243465542793274, 0.6822255253791809], "p_rule": [0.20849609375, 0.474853515625, 0.59765625, 0.37353515625, 0.366943359375, 0.486328125, 0.8984375, 0.501953125, 0.28466796875, 0.263671875, 0.3818359375, 0.78369140625, 0.611328125, 0.39404296875, 0.3212890625, 0.307861328125, 0.336181640625, 0.398681640625], "adversary_prediction": [0.3450681269168854, 0.40303000807762146, 0.3814087212085724, 0.23321613669395447, 0.24709564447402954, 0.3260897696018219, 0.4014446437358856, 0.40283265709877014, 0.39013490080833435, 0.37949898838996887, 0.37402358651161194, 0.350742906332016, 0.31944742798805237, 0.26851752400398254, 0.23975348472595215, 0.23948565125465393, 0.2548592984676361, 0.29038509726524353]}