{"accuracy": [0.49740931391716003, 0.4826054871082306, 0.4826054871082306, 0.498519629240036, 0.6561806201934814, 0.6139896512031555, 0.5488526821136475, 0.5592153668403625, 0.6532198190689087, 0.7301998734474182, 0.6713545322418213, 0.6106587648391724, 0.5810510516166687, 0.5880829095840454], "val_accuracy": [0.4675130546092987, 0.46788647770881653, 0.4873039722442627, 0.6351755261421204, 0.6194921731948853, 0.5530246496200562, 0.5675877332687378, 0.6557132005691528, 0.719566822052002, 0.663181483745575, 0.5993278622627258, 0.5724421143531799, 0.5817774534225464, 0.6198655962944031], "p_rule": [0.2083740234375, 0.2083740234375, 0.22705078125, 0.57275390625, 0.395751953125, 0.2490234375, 0.266845703125, 0.487060546875, 0.97119140625, 0.484130859375, 0.3291015625, 0.285400390625, 0.296875, 0.3408203125], "adversary_prediction": [0.0038433633744716644, 0.004123772494494915, 0.0648684874176979, 0.42771247029304504, 0.4066655933856964, 0.3798304498195648, 0.388327032327652, 0.42625662684440613, 0.4017731249332428, 0.3340210020542145, 0.2805960476398468, 0.254079669713974, 0.25869426131248474, 0.2880428731441498]}