{"accuracy": [0.5285365581512451, 0.5705085396766663, 0.6704419255256653, 0.667110800743103, 0.7372862696647644, 0.713524341583252, 0.6753275394439697, 0.665778398513794, 0.7275149822235107, 0.7990228533744812, 0.7388407588005066, 0.6326892971992493, 0.6304685473442078, 0.7061958909034729, 0.7979124784469604, 0.8210082054138184, 0.775705099105835, 0.7486120462417603, 0.7528314590454102, 0.7896957397460938], "val_accuracy": [0.5635222792625427, 0.6589738130569458, 0.6603181958198547, 0.7125251889228821, 0.6984091401100159, 0.6598700284957886, 0.6527000069618225, 0.6988572478294373, 0.7833296060562134, 0.7196952700614929, 0.6235715746879578, 0.6206587553024292, 0.6910150051116943, 0.784898042678833, 0.8068563938140869, 0.7602509260177612, 0.7326909899711609, 0.7412054538726807, 0.7727985382080078, 0.7963253259658813], "p_rule": [0.3212890625, 0.5419921875, 0.51171875, 0.87890625, 0.64453125, 0.442138671875, 0.3994140625, 0.478271484375, 0.75537109375, 0.70947265625, 0.416015625, 0.40966796875, 0.61962890625, 0.95068359375, 0.66455078125, 0.5478515625, 0.50244140625, 0.52099609375, 0.5712890625, 0.6845703125], "adversary_prediction": [0.1998913586139679, 0.39851173758506775, 0.4087085425853729, 0.5616428256034851, 0.5281149744987488, 0.4380877912044525, 0.3816206753253937, 0.42114731669425964, 0.4743846356868744, 0.48045840859413147, 0.4867772161960602, 0.4769783914089203, 0.47958454489707947, 0.46343180537223816, 0.43618836998939514, 0.4123583734035492, 0.40790989995002747, 0.4218284785747528, 0.44913461804389954, 0.49028822779655457]}