{"accuracy": [0.555629551410675, 0.47723740339279175, 0.5336442589759827, 0.7050855159759521, 0.6493448615074158, 0.606484591960907, 0.6553409099578857, 0.7206307053565979, 0.7190761566162109, 0.6651121377944946, 0.6084832549095154, 0.5802798271179199], "val_accuracy": [0.4732242822647095, 0.5276719927787781, 0.6804839968681335, 0.6345507502555847, 0.6002689003944397, 0.6466502547264099, 0.7002016305923462, 0.6943759918212891, 0.6497871279716492, 0.5886175036430359, 0.5680035948753357, 0.5812233686447144], "p_rule": [0.2193603515625, 0.263671875, 0.86376953125, 0.464111328125, 0.3642578125, 0.486328125, 0.82177734375, 0.7109375, 0.45068359375, 0.3369140625, 0.30712890625, 0.32275390625], "adversary_prediction": [0.0038438288029283285, 0.04883948713541031, 0.49491557478904724, 0.46306630969047546, 0.44709542393684387, 0.4869585335254669, 0.47781243920326233, 0.3922537863254547, 0.2796768248081207, 0.20721426606178284, 0.19040462374687195, 0.20824584364891052]}