{"accuracy": [0.5440817475318909, 0.47723740339279175, 0.47723740339279175, 0.47745946049690247, 0.49411502480506897, 0.6018210053443909, 0.6888740658760071, 0.5880523920059204, 0.5360870361328125, 0.5307572484016418, 0.5560737252235413], "val_accuracy": [0.4732242822647095, 0.4732242822647095, 0.4732242822647095, 0.487116277217865, 0.5930988192558289, 0.6697288751602173, 0.5915303826332092, 0.540667712688446, 0.5361863970756531, 0.556800365447998, 0.635671079158783], "p_rule": [0.2193603515625, 0.2193603515625, 0.2193603515625, 0.2318115234375, 0.41552734375, 0.931640625, 0.356201171875, 0.24267578125, 0.2335205078125, 0.2763671875, 0.451416015625], "adversary_prediction": [0.00384332868270576, 0.003843632061034441, 0.004518086556345224, 0.03523138165473938, 0.23968344926834106, 0.4198598563671112, 0.4097675383090973, 0.383224219083786, 0.3865116536617279, 0.3830477297306061, 0.38681480288505554]}