{"accuracy": [0.5902731418609619, 0.5336442589759827, 0.6540084481239319, 0.6202531456947327, 0.685987114906311, 0.7486120462417603, 0.7357317209243774, 0.6711081266403198, 0.661558985710144, 0.7141905426979065, 0.7903620004653931, 0.7781478762626648, 0.6877636909484863, 0.6386853456497192, 0.6660004258155823], "val_accuracy": [0.5411158204078674, 0.6397042274475098, 0.6025094985961914, 0.6659197807312012, 0.7261931300163269, 0.7190230488777161, 0.6683844923973083, 0.6560609340667725, 0.7002016305923462, 0.7707819938659668, 0.7611472010612488, 0.6748823523521423, 0.6305176019668579, 0.6558368802070618, 0.7347075939178467], "p_rule": [0.2359619140625, 0.43994140625, 0.36962890625, 0.497802734375, 0.8212890625, 0.73681640625, 0.48486328125, 0.44287109375, 0.6025390625, 0.98583984375, 0.61083984375, 0.435791015625, 0.37890625, 0.400146484375, 0.5], "adversary_prediction": [0.3459636867046356, 0.40370216965675354, 0.28645893931388855, 0.4811651408672333, 0.5988578200340271, 0.5671150088310242, 0.5120003819465637, 0.5182722210884094, 0.5235148072242737, 0.5301993489265442, 0.4524247944355011, 0.36392322182655334, 0.3281543552875519, 0.35182586312294006, 0.3963846266269684]}