{"accuracy": [0.4970020055770874, 0.5227625966072083, 0.5285365581512451, 0.6457917094230652, 0.6637796759605408, 0.6400177478790283, 0.6295802593231201, 0.6422384977340698, 0.6884299516677856, 0.7383966445922852, 0.729291558265686, 0.6637796759605408, 0.6135909557342529, 0.6180323958396912, 0.6773262023925781, 0.7490561604499817, 0.7683766484260559, 0.7261825203895569, 0.6835442781448364, 0.6711081266403198, 0.6837663650512695], "val_accuracy": [0.5267757177352905, 0.5312569737434387, 0.6421689391136169, 0.6410486102104187, 0.6215550303459167, 0.6096795797348022, 0.6260362863540649, 0.6643513441085815, 0.7082679867744446, 0.7125251889228821, 0.6609903573989868, 0.6159533858299255, 0.6190903186798096, 0.6697288751602173, 0.7371723055839539, 0.7542012333869934, 0.7098364233970642, 0.6710732579231262, 0.6560609340667725, 0.6737620234489441, 0.7105086445808411], "p_rule": [0.2193603515625, 0.227783203125, 0.60009765625, 0.81884765625, 0.54833984375, 0.452880859375, 0.458251953125, 0.5869140625, 0.81787109375, 0.79931640625, 0.491943359375, 0.3837890625, 0.40283203125, 0.546875, 0.87890625, 0.73974609375, 0.5234375, 0.43115234375, 0.402099609375, 0.421142578125, 0.489013671875], "adversary_prediction": [0.34505316615104675, 0.34532299637794495, 0.4164709150791168, 0.5889211297035217, 0.5309285521507263, 0.5065304636955261, 0.4590970575809479, 0.5019317269325256, 0.518011748790741, 0.46244993805885315, 0.4472598731517792, 0.4330349862575531, 0.4109112322330475, 0.4440736472606659, 0.39648231863975525, 0.39110544323921204, 0.35768619179725647, 0.31936249136924744, 0.317401260137558, 0.3331547677516937, 0.34666863083839417]}