{"accuracy": [0.47631382942199707, 0.6369355916976929, 0.539230227470398, 0.6532198190689087, 0.7553663849830627, 0.6350851058959961, 0.5858623385429382, 0.6262028217315674, 0.7394522428512573, 0.7920058965682983, 0.7068837881088257, 0.6284233927726746, 0.6117690801620483, 0.6591413617134094], "val_accuracy": [0.6351755261421204, 0.5537714958190918, 0.6542195677757263, 0.7348767518997192, 0.6366691589355469, 0.5877520442008972, 0.6239731311798096, 0.7289021611213684, 0.7718446850776672, 0.7050037384033203, 0.6321882009506226, 0.617998480796814, 0.652352511882782, 0.7277819514274597], "p_rule": [0.419921875, 0.2421875, 0.449462890625, 0.8251953125, 0.350830078125, 0.291015625, 0.3232421875, 0.53662109375, 0.9580078125, 0.580078125, 0.40576171875, 0.37841796875, 0.45458984375, 0.6533203125], "adversary_prediction": [0.47473087906837463, 0.34932222962379456, 0.43310269713401794, 0.6254953742027283, 0.39971211552619934, 0.27131417393684387, 0.332651287317276, 0.4625989496707916, 0.547994077205658, 0.5656322836875916, 0.544209897518158, 0.5382365584373474, 0.5456586480140686, 0.560971200466156]}