{"accuracy": [0.4850099980831146, 0.7159671187400818, 0.5420830845832825, 0.6728847622871399, 0.6970908045768738, 0.5565178990364075], "val_accuracy": [0.6946000456809998, 0.5319291949272156, 0.6542684435844421, 0.6878781318664551, 0.5583688020706177, 0.6276047229766846], "p_rule": [0.732421875, 0.274169921875, 0.45458984375, 0.53759765625, 0.271240234375, 0.4052734375], "adversary_prediction": [0.3824746310710907, 0.15277671813964844, 0.5398058295249939, 0.47523579001426697, 0.3983026444911957, 0.47865477204322815]}