{"accuracy": [0.4865284860134125, 0.5222797989845276, 0.5222797989845276, 0.5222797989845276, 0.5222797989845276, 0.5222797989845276], "val_accuracy": [0.5439330339431763, 0.5439330339431763, 0.5439330339431763, 0.5439330339431763, 0.5439330339431763, 0.5439330339431763], "p_rule": [0.21923828125, 0.21923828125, 0.21923828125, 0.21923828125, 0.21923828125, 0.21923828125], "adversary_prediction": [0.34505316615104675, 0.34505316615104675, 0.3450532853603363, 0.3450734317302704, 0.3454662263393402, 0.3472023904323578]}