{"accuracy": [0.4834196865558624, 0.5222797989845276, 0.5222797989845276, 0.5222797989845276, 0.5222797989845276, 0.5222797989845276], "val_accuracy": [0.5439330339431763, 0.5439330339431763, 0.5439330339431763, 0.5439330339431763, 0.5439330339431763, 0.5439330339431763], "p_rule": [0.21923828125, 0.21923828125, 0.21923828125, 0.21923828125, 0.21923828125, 0.21923828125], "adversary_prediction": [0.34505316615104675, 0.34505316615104675, 0.3450538218021393, 0.3450954854488373, 0.34573623538017273, 0.3485834300518036]}