{"accuracy": [0.45906734466552734, 0.4777202010154724, 0.47927460074424744, 0.5932642221450806, 0.6880828738212585, 0.5647668242454529, 0.5590673685073853, 0.6367875933647156, 0.7243523597717285, 0.719689130783081, 0.6616580486297607, 0.613471508026123, 0.5984455943107605], "val_accuracy": [0.45606693625450134, 0.45606693625450134, 0.5706067085266113, 0.6757321953773499, 0.5737447738647461, 0.573221743106842, 0.6323221921920776, 0.7196652889251709, 0.6961296796798706, 0.633891224861145, 0.5810669660568237, 0.5611924529075623, 0.5779288411140442], "p_rule": [0.21923828125, 0.2215576171875, 0.344970703125, 0.658203125, 0.283935546875, 0.272216796875, 0.43603515625, 0.86328125, 0.6357421875, 0.4140625, 0.333984375, 0.3193359375, 0.337646484375], "adversary_prediction": [0.0038433964364230633, 0.0069905417039990425, 0.22055336833000183, 0.48301950097084045, 0.415215402841568, 0.41305652260780334, 0.46695825457572937, 0.47374632954597473, 0.40629521012306213, 0.3263762295246124, 0.2770938575267792, 0.25813475251197815, 0.2761325538158417]}