{"accuracy": [0.5203552842140198, 0.5173945426940918, 0.5173945426940918, 0.5173945426940918, 0.5173945426940918, 0.5173945426940918, 0.6669133901596069, 0.624722421169281, 0.5458919405937195, 0.5136935710906982, 0.5070318579673767], "val_accuracy": [0.5324869155883789, 0.5324869155883789, 0.5324869155883789, 0.5324869155883789, 0.5328603386878967, 0.6710231304168701, 0.6101568341255188, 0.5321134924888611, 0.4970127046108246, 0.49215832352638245, 0.4970127046108246], "p_rule": [0.20849609375, 0.20849609375, 0.20849609375, 0.20849609375, 0.20849609375, 0.5673828125, 0.4873046875, 0.27685546875, 0.23095703125, 0.2237548828125, 0.228515625], "adversary_prediction": [0.34505316615104675, 0.34505316615104675, 0.3450777232646942, 0.3463304936885834, 0.3638325035572052, 0.41151586174964905, 0.3566221296787262, 0.2483559548854828, 0.19052067399024963, 0.18101149797439575, 0.20045912265777588]}