{"accuracy": [0.5264248847961426, 0.5222797989845276, 0.5222797989845276, 0.6227979063987732, 0.6502590775489807, 0.5777202248573303, 0.5683937668800354, 0.6253886222839355, 0.7362694144248962, 0.6849740743637085, 0.579274594783783, 0.5393782258033752, 0.5544041395187378], "val_accuracy": [0.5439330339431763, 0.5439330339431763, 0.6448744535446167, 0.633891224861145, 0.5554393529891968, 0.5455020666122437, 0.5983263850212097, 0.6966527104377747, 0.6867154836654663, 0.5868200659751892, 0.560669481754303, 0.573221743106842, 0.6239539980888367], "p_rule": [0.21923828125, 0.21923828125, 0.418212890625, 0.5283203125, 0.330078125, 0.31103515625, 0.382568359375, 0.74169921875, 0.56787109375, 0.30419921875, 0.24658203125, 0.266357421875, 0.383544921875], "adversary_prediction": [0.34505316615104675, 0.34510329365730286, 0.45876678824424744, 0.5178734660148621, 0.3392793834209442, 0.3287869989871979, 0.3863249123096466, 0.4859450161457062, 0.49195805191993713, 0.4705457389354706, 0.4668945372104645, 0.4727904498577118, 0.47327789664268494]}