{"accuracy": [0.5438596606254578, 0.4779036343097687, 0.6244725584983826, 0.6318010091781616, 0.5769487023353577, 0.6460137963294983, 0.7266266942024231, 0.7073062658309937, 0.6395736336708069, 0.5913835167884827, 0.5822784900665283], "val_accuracy": [0.47389647364616394, 0.6103518009185791, 0.635671079158783, 0.5798789858818054, 0.6444095969200134, 0.7105086445808411, 0.6901187300682068, 0.6296213269233704, 0.5874971747398376, 0.5809993147850037, 0.6099036335945129], "p_rule": [0.219970703125, 0.43408203125, 0.413818359375, 0.30517578125, 0.44482421875, 0.8427734375, 0.65283203125, 0.40966796875, 0.326904296875, 0.311767578125, 0.356201171875], "adversary_prediction": [0.005818433128297329, 0.35434892773628235, 0.3623335659503937, 0.36191895604133606, 0.37865498661994934, 0.46882858872413635, 0.4268924295902252, 0.3391209542751312, 0.2755420506000519, 0.2660490572452545, 0.2893863022327423]}